match_id,minute,p,gold_adv,tower_adv,kills_adv,draft_logit,in_test
8730753409,0,0.526917,0,0,0,0.268717,1
8730753409,1,0.526917,-35,0,0,0.268717,1
8730753409,2,0.526917,-3,0,0,0.268717,1
8730753409,3,0.554795,203,0,1,0.268717,1
8730753409,4,0.495043,77,0,1,0.268717,1
8730753409,5,0.489796,-287,0,1,0.268717,1
8730753409,6,0.471988,-523,0,1,0.268717,1
8730753409,7,0.412844,-1163,0,-1,0.268717,1
8730753409,8,0.380325,-1486,0,-1,0.268717,1
8730753409,9,0.380325,-1526,0,-2,0.268717,1
8730753409,10,0.33162,-2469,0,-4,0.268717,1
8730753409,11,0.344828,-2949,0,-3,0.268717,1
8730753409,12,0.310479,-2940,0,-3,0.268717,1
8730753409,13,0.380325,-2859,0,0,0.268717,1
8730753409,14,0.489796,-952,0,0,0.268717,1
8730753409,15,0.413562,-1799,0,0,0.268717,1
8730753409,16,0.413562,-1859,0,-1,0.268717,1
8730753409,17,0.436,-2304,0,0,0.268717,1
8730753409,18,0.471988,-2012,0,0,0.268717,1
8730753409,19,0.495043,-1469,1,3,0.268717,1
8730753409,20,0.762712,1317,1,7,0.268717,1
8730753409,21,0.805025,2867,2,6,0.268717,1
8730753409,22,0.805025,3633,2,6,0.268717,1
8730753409,23,0.843982,5019,2,5,0.268717,1
8730753409,24,0.781479,4915,1,5,0.268717,1
8730753409,25,0.66539,4295,1,6,0.268717,1
8730753409,26,0.805025,5202,2,9,0.268717,1
8730753409,27,0.910931,8415,3,8,0.268717,1
8730753409,28,0.972028,9269,3,13,0.268717,1
8730753409,29,0.992925,13911,4,14,0.268717,1
8730753409,30,0.992925,15895,4,16,0.268717,1
8730753409,31,0.997,18172,5,18,0.268717,1
8730753409,32,0.997,20895,5,19,0.268717,1
8730753409,33,0.997,21371,6,22,0.268717,1
8730753409,34,0.997,26491,6,20,0.268717,1
8730753409,35,0.997,22308,6,21,0.268717,1
8730753409,36,0.992925,22277,6,20,0.268717,1
8730753409,37,0.992925,19503,6,20,0.268717,1
8730753409,38,0.972028,17953,6,20,0.268717,1
8730753409,39,0.98731,19008,6,20,0.268717,1
8730753409,40,0.992537,20478,6,21,0.268717,1
8730753409,41,0.997,19454,8,25,0.268717,1
8730753409,42,0.997,23891,8,25,0.268717,1
8730786393,0,0.582902,398,0,1,0.0516453,1
8730786393,1,0.634916,372,0,2,0.0516453,1
8730786393,2,0.587828,491,0,2,0.0516453,1
8730786393,3,0.634916,763,0,2,0.0516453,1
8730786393,4,0.587828,736,0,1,0.0516453,1
8730786393,5,0.587828,747,0,2,0.0516453,1
8730786393,6,0.582902,1098,0,2,0.0516453,1
8730786393,7,0.554795,1241,0,2,0.0516453,1
8730786393,8,0.582902,1467,0,3,0.0516453,1
8730786393,9,0.634916,1874,0,3,0.0516453,1
8730786393,10,0.634916,2398,0,4,0.0516453,1
8730786393,11,0.66539,2370,0,7,0.0516453,1
8730786393,12,0.66539,3125,1,7,0.0516453,1
8730786393,13,0.8,4331,1,7,0.0516453,1
8730786393,14,0.700368,3863,2,7,0.0516453,1
8730786393,15,0.781479,4823,2,7,0.0516453,1
8730786393,16,0.761124,5044,2,7,0.0516453,1
8730786393,17,0.805025,5442,3,8,0.0516453,1
8730786393,18,0.851064,6634,3,9,0.0516453,1
8730786393,19,0.878472,6878,4,8,0.0516453,1
8730786393,20,0.805025,6743,4,7,0.0516453,1
8730786393,21,0.66539,4631,2,7,0.0516453,1
8730786393,22,0.587828,3138,2,7,0.0516453,1
8730786393,23,0.587828,2935,2,8,0.0516453,1
8730786393,24,0.773481,4203,3,10,0.0516453,1
8730786393,25,0.805025,5938,2,10,0.0516453,1
8730786393,26,0.761124,4692,3,10,0.0516453,1
8730786393,27,0.761124,4803,3,10,0.0516453,1
8730786393,28,0.66539,4000,3,10,0.0516453,1
8730786393,29,0.634916,3333,3,10,0.0516453,1
8730786393,30,0.66539,3665,3,12,0.0516453,1
8730786393,31,0.805025,5645,3,12,0.0516453,1
8730786393,32,0.700368,5458,3,10,0.0516453,1
8730786393,33,0.582902,3943,3,9,0.0516453,1
8730786393,34,0.489796,267,3,9,0.0516453,1
8730786393,35,0.471988,-174,3,9,0.0516453,1
8730786393,36,0.471988,-237,3,9,0.0516453,1
8730786393,37,0.495043,487,3,9,0.0516453,1
8730786393,38,0.587828,-288,3,9,0.0516453,1
8730786393,39,0.634916,91,3,9,0.0516453,1
8730786393,40,0.634916,-232,3,9,0.0516453,1
8730786393,41,0.634916,840,3,9,0.0516453,1
8730786393,42,0.634916,1722,3,9,0.0516453,1
8730786393,43,0.700368,2633,4,12,0.0516453,1
8730786393,44,0.985507,8108,6,13,0.0516453,1
8730786393,45,0.992537,14560,6,14,0.0516453,1
8730786393,46,0.992925,16934,6,14,0.0516453,1
8730786393,47,0.992537,17616,6,14,0.0516453,1
8730786393,48,0.992537,18033,7,14,0.0516453,1
8730786393,49,0.98731,18388,7,14,0.0516453,1
8730786393,50,0.972028,17533,8,14,0.0516453,1
8730786393,51,0.972028,17177,8,14,0.0516453,1
8730786393,52,0.952542,16276,8,14,0.0516453,1
8730786393,53,0.972028,17170,8,14,0.0516453,1
8730786393,54,0.972028,17888,8,15,0.0516453,1
8730786393,55,0.992537,19543,8,16,0.0516453,1
8730786393,56,0.992925,20417,8,19,0.0516453,1
8730892695,0,0.413562,0,0,0,-0.239088,1
8730892695,1,0.378426,-548,0,0,-0.239088,1
8730892695,2,0.307323,-748,0,-1,-0.239088,1
8730892695,3,0.307323,-1033,0,-2,-0.239088,1
8730892695,4,0.21131,-1561,0,-3,-0.239088,1
8730892695,5,0.252525,-1769,0,-4,-0.239088,1
8730892695,6,0.208333,-2834,0,-5,-0.239088,1
8730892695,7,0.19398,-3252,0,-7,-0.239088,1
8730892695,8,0.201036,-3545,0,-7,-0.239088,1
8730892695,9,0.19398,-3627,-1,-8,-0.239088,1
8730892695,10,0.111628,-4647,-2,-10,-0.239088,1
8730892695,11,0.042254,-6435,-3,-11,-0.239088,1
8730892695,12,0.031056,-6957,-3,-14,-0.239088,1
8730892695,13,0.017442,-9026,-3,-15,-0.239088,1
8730892695,14,0.017442,-10262,-3,-18,-0.239088,1
8730892695,15,0.006849,-12870,-3,-19,-0.239088,1
8730892695,16,0.015873,-12757,-3,-21,-0.239088,1
8730892695,17,0.015873,-13153,-4,-20,-0.239088,1
8730892695,18,0.003,-14037,-5,-25,-0.239088,1
8730892695,19,0.003,-18069,-6,-26,-0.239088,1
8730892695,20,0.003,-18068,-7,-30,-0.239088,1
8730892695,21,0.003,-20028,-8,-31,-0.239088,1
8730892695,22,0.003,-22495,-9,-33,-0.239088,1
8730892695,23,0.003,-22240,-9,-37,-0.239088,1
8731134498,0,0.489796,0,0,0,0.104413,1
8731134498,1,0.480438,-167,0,0,0.104413,1
8731134498,2,0.489796,26,0,0,0.104413,1
8731134498,3,0.495043,154,0,1,0.104413,1
8731134498,4,0.587828,519,0,1,0.104413,1
8731134498,5,0.634916,416,0,3,0.104413,1
8731134498,6,0.634916,767,0,3,0.104413,1
8731134498,7,0.549098,253,0,3,0.104413,1
8731134498,8,0.634916,676,0,5,0.104413,1
8731134498,9,0.66539,1096,1,5,0.104413,1
8731134498,10,0.526917,746,1,4,0.104413,1
8731134498,11,0.587828,1560,1,3,0.104413,1
8731134498,12,0.66539,1533,1,5,0.104413,1
8731134498,13,0.634916,2912,2,5,0.104413,1
8731134498,14,0.634916,3452,1,6,0.104413,1
8731134498,15,0.66539,3301,1,7,0.104413,1
8731134498,16,0.781479,3917,1,7,0.104413,1
8731134498,17,0.66539,3561,1,7,0.104413,1
8731134498,18,0.669951,4368,1,6,0.104413,1
8731134498,19,0.634916,2845,1,4,0.104413,1
8731134498,20,0.413562,451,0,1,0.104413,1
8731134498,21,0.378426,-1858,-1,1,0.104413,1
8731134498,22,0.307323,-2235,-1,-3,0.104413,1
8731134498,23,0.062718,-5651,-2,-3,0.104413,1
8731134498,24,0.111628,-7347,-2,-2,0.104413,1
8731134498,25,0.201036,-4308,-2,-6,0.104413,1
8731134498,26,0.062718,-7332,-4,-6,0.104413,1
8731134498,27,0.111628,-9212,-4,-7,0.104413,1
8731134498,28,0.062718,-9081,-4,-10,0.104413,1
8731134498,29,0.003,-11663,-4,-13,0.104413,1
8731134498,30,0.003,-15424,-5,-15,0.104413,1
8731310807,0,0.494898,0,0,1,0.0516453,1
8731310807,1,0.634916,447,0,1,0.0516453,1
8731310807,2,0.495043,125,0,1,0.0516453,1
8731310807,3,0.634916,692,0,1,0.0516453,1
8731310807,4,0.634916,1122,0,2,0.0516453,1
8731310807,5,0.66539,1638,0,3,0.0516453,1
8731310807,6,0.718062,1846,0,4,0.0516453,1
8731310807,7,0.700368,2805,0,3,0.0516453,1
8731310807,8,0.700368,2275,0,4,0.0516453,1
8731310807,9,0.66539,2343,0,5,0.0516453,1
8731310807,10,0.66539,2418,1,5,0.0516453,1
8731310807,11,0.669951,2906,2,6,0.0516453,1
8731310807,12,0.66539,3439,2,7,0.0516453,1
8731310807,13,0.634916,2917,2,6,0.0516453,1
8731310807,14,0.587828,2787,2,5,0.0516453,1
8731310807,15,0.494898,988,3,6,0.0516453,1
8731310807,16,0.587828,2523,3,8,0.0516453,1
8731310807,17,0.554795,3996,3,7,0.0516453,1
8731310807,18,0.471988,2775,3,5,0.0516453,1
8731310807,19,0.412844,-410,2,6,0.0516453,1
8731310807,20,0.378426,-1085,2,2,0.0516453,1
8731310807,21,0.272171,-3657,1,1,0.0516453,1
8731310807,22,0.201036,-4727,1,1,0.0516453,1
8731310807,23,0.19398,-4815,1,0,0.0516453,1
8731310807,24,0.130542,-6463,1,-2,0.0516453,1
8731310807,25,0.094293,-8691,1,-1,0.0516453,1
8731310807,26,0.062718,-8713,0,-5,0.0516453,1
8731310807,27,0.031056,-10968,-2,-6,0.0516453,1
8731310807,28,0.020992,-12759,-2,-10,0.0516453,1
8731310807,29,0.017442,-15754,-3,-11,0.0516453,1
8731310807,30,0.017442,-17555,-3,-12,0.0516453,1
8731310807,31,0.017442,-17045,-3,-14,0.0516453,1
8731310807,32,0.017442,-18009,-3,-16,0.0516453,1
8731310807,33,0.003,-20457,-6,-19,0.0516453,1
8731310807,34,0.003,-27894,-7,-20,0.0516453,1
8731361499,0,0.549098,0,0,0,0.141697,1
8731361499,1,0.582902,-51,0,0,0.141697,1
8731361499,2,0.634916,135,0,0,0.141697,1
8731361499,3,0.634916,190,0,0,0.141697,1
8731361499,4,0.634916,619,0,0,0.141697,1
8731361499,5,0.634916,416,0,0,0.141697,1
8731361499,6,0.634916,847,0,-1,0.141697,1
8731361499,7,0.66539,914,0,0,0.141697,1
8731361499,8,0.634916,1124,0,-1,0.141697,1
8731361499,9,0.634916,953,0,0,0.141697,1
8731361499,10,0.66539,1331,1,0,0.141697,1
8731361499,11,0.761124,1942,2,2,0.141697,1
8731361499,12,0.805025,3329,2,3,0.141697,1
8731361499,13,0.843982,4159,2,4,0.141697,1
8731361499,14,0.915994,4916,3,5,0.141697,1
8731361499,15,0.843982,4549,2,3,0.141697,1
8731361499,16,0.781479,3130,1,5,0.141697,1
8731361499,17,0.669951,2466,1,4,0.141697,1
8731361499,18,0.66539,3142,0,2,0.141697,1
8731361499,19,0.495043,1309,0,0,0.141697,1
8731361499,20,0.549098,606,0,0,0.141697,1
8731361499,21,0.471988,-300,0,-1,0.141697,1
8731361499,22,0.413562,-1933,0,0,0.141697,1
8731361499,23,0.471988,-1646,0,-1,0.141697,1
8731361499,24,0.495043,-1811,0,-1,0.141697,1
8731361499,25,0.582902,-2152,0,0,0.141697,1
8731361499,26,0.66539,-777,0,0,0.141697,1
8731361499,27,0.587828,-1030,0,-2,0.141697,1
8731361499,28,0.413562,-3110,-1,-3,0.141697,1
8731361499,29,0.310479,-5299,-2,-2,0.141697,1
8731361499,30,0.310479,-5773,-2,-2,0.141697,1
8731361499,31,0.310479,-5435,-2,-4,0.141697,1
8731361499,32,0.272171,-7315,-2,-4,0.141697,1
8731361499,33,0.310479,-6978,-2,-4,0.141697,1
8731361499,34,0.21131,-7568,-2,-6,0.141697,1
8731361499,35,0.201036,-8444,-3,-6,0.141697,1
8731361499,36,0.201036,-10437,-3,-6,0.141697,1
8731361499,37,0.307323,-11762,-4,-4,0.141697,1
8731361499,38,0.296875,-12306,-4,-3,0.141697,1
8731361499,39,0.33162,-9288,-5,-4,0.141697,1
8731361499,40,0.272171,-10965,-5,-4,0.141697,1
8731361499,41,0.208333,-9508,-5,-7,0.141697,1
8731361499,42,0.062718,-11610,-5,-8,0.141697,1
8731366509,0,0.495043,0,0,2,0.0365446,1
8731366509,1,0.634916,306,0,2,0.0365446,1
8731366509,2,0.526917,162,0,2,0.0365446,1
8731366509,3,0.436,-308,0,2,0.0365446,1
8731366509,4,0.489796,7,0,2,0.0365446,1
8731366509,5,0.495043,-116,0,3,0.0365446,1
8731366509,6,0.526917,144,1,3,0.0365446,1
8731366509,7,0.634916,577,1,3,0.0365446,1
8731366509,8,0.66539,1411,1,4,0.0365446,1
8731366509,9,0.66539,2287,1,3,0.0365446,1
8731366509,10,0.669951,2177,1,5,0.0365446,1
8731366509,11,0.66539,2866,1,4,0.0365446,1
8731366509,12,0.634916,2617,2,4,0.0365446,1
8731366509,13,0.634916,2129,2,2,0.0365446,1
8731366509,14,0.634916,1707,3,4,0.0365446,1
8731366509,15,0.634916,3067,3,4,0.0365446,1
8731366509,16,0.634916,2677,2,6,0.0365446,1
8731366509,17,0.634916,3519,2,6,0.0365446,1
8731366509,18,0.634916,2798,2,5,0.0365446,1
8731366509,19,0.495043,1469,2,4,0.0365446,1
8731366509,20,0.480438,555,0,5,0.0365446,1
8731366509,21,0.436,135,0,4,0.0365446,1
8731366509,22,0.413562,-286,0,2,0.0365446,1
8731366509,23,0.378426,-2603,0,2,0.0365446,1
8731366509,24,0.380325,-2451,0,2,0.0365446,1
8731366509,25,0.307323,-3251,0,-1,0.0365446,1
8731366509,26,0.19398,-6027,0,-2,0.0365446,1
8731366509,27,0.132867,-8041,0,-5,0.0365446,1
8731366509,28,0.045752,-9981,-1,-7,0.0365446,1
8731366509,29,0.020992,-13352,-2,-9,0.0365446,1
8731366509,30,0.031056,-16046,-2,-7,0.0365446,1
8731366509,31,0.094293,-12689,-2,-7,0.0365446,1
8731366509,32,0.296875,-12855,0,-3,0.0365446,1
8731366509,33,0.910931,-3813,2,1,0.0365446,1
8731366509,34,0.952542,3574,2,1,0.0365446,1
8731381290,0,0.495043,0,0,0,-0.00493692,1
8731381290,1,0.413562,-509,0,0,-0.00493692,1
8731381290,2,0.436,-580,0,0,-0.00493692,1
8731381290,3,0.412844,-925,0,0,-0.00493692,1
8731381290,4,0.378426,-1280,0,-1,-0.00493692,1
8731381290,5,0.310479,-1943,0,-1,-0.00493692,1
8731381290,6,0.310479,-2484,0,-1,-0.00493692,1
8731381290,7,0.307323,-2732,0,-1,-0.00493692,1
8731381290,8,0.296875,-3099,0,-1,-0.00493692,1
8731381290,9,0.378426,-2527,0,-1,-0.00493692,1
8731381290,10,0.296875,-3180,-1,-4,-0.00493692,1
8731381290,11,0.208333,-4860,-1,-4,-0.00493692,1
8731381290,12,0.201036,-5311,-1,-5,-0.00493692,1
8731381290,13,0.201036,-5882,-1,-3,-0.00493692,1
8731381290,14,0.201036,-5061,-2,-5,-0.00493692,1
8731381290,15,0.201036,-6823,-2,-5,-0.00493692,1
8731381290,16,0.132867,-7943,-2,-5,-0.00493692,1
8731381290,17,0.201036,-7626,-3,-5,-0.00493692,1
8731381290,18,0.19398,-8097,-2,-5,-0.00493692,1
8731381290,19,0.307323,-8415,-1,-4,-0.00493692,1
8731381290,20,0.307323,-7420,-1,-4,-0.00493692,1
8731381290,21,0.310479,-8346,0,-3,-0.00493692,1
8731381290,22,0.310479,-7306,0,-3,-0.00493692,1
8731381290,23,0.310479,-7086,0,-4,-0.00493692,1
8731381290,24,0.21131,-7524,0,-5,-0.00493692,1
8731381290,25,0.262069,-7606,0,-5,-0.00493692,1
8731381290,26,0.201036,-8090,0,-6,-0.00493692,1
8731381290,27,0.201036,-8665,0,-6,-0.00493692,1
8731381290,28,0.296875,-8096,0,-5,-0.00493692,1
8731381290,29,0.262069,-7491,-1,-7,-0.00493692,1
8731381290,30,0.201036,-8842,-1,-9,-0.00493692,1
8731381290,31,0.094293,-11623,-2,-10,-0.00493692,1
8731381290,32,0.017442,-13106,-3,-12,-0.00493692,1
8731381290,33,0.003,-17588,-4,-12,-0.00493692,1
8731381290,34,0.020992,-20795,-4,-9,-0.00493692,1
8731381290,35,0.111628,-15678,-4,-9,-0.00493692,1
8731381290,36,0.132867,-14119,-4,-8,-0.00493692,1
8731381290,37,0.21131,-13685,-4,-8,-0.00493692,1
8731381290,38,0.062718,-14032,-5,-9,-0.00493692,1
8731381290,39,0.015873,-14903,-6,-12,-0.00493692,1
8731381290,40,0.003,-18258,-6,-13,-0.00493692,1
8731413509,0,0.471988,0,0,0,-0.166625,1
8731413509,1,0.413562,-119,0,0,-0.166625,1
8731413509,2,0.380325,-360,0,0,-0.166625,1
8731413509,3,0.310479,-760,0,0,-0.166625,1
8731413509,4,0.380325,-650,0,-1,-0.166625,1
8731413509,5,0.33162,-943,0,-1,-0.166625,1
8731413509,6,0.33162,-1095,0,-2,-0.166625,1
8731413509,7,0.277228,-1627,0,-2,-0.166625,1
8731413509,8,0.272171,-1926,0,-1,-0.166625,1
8731413509,9,0.310479,-1946,0,2,-0.166625,1
8731413509,10,0.380325,-1068,-1,2,-0.166625,1
8731413509,11,0.307323,-2533,-1,1,-0.166625,1
8731413509,12,0.307323,-3208,-1,1,-0.166625,1
8731413509,13,0.307323,-3895,-1,1,-0.166625,1
8731413509,14,0.252525,-4176,0,1,-0.166625,1
8731413509,15,0.208333,-4176,-2,1,-0.166625,1
8731413509,16,0.208333,-5343,-2,1,-0.166625,1
8731413509,17,0.21131,-4575,-2,2,-0.166625,1
8731413509,18,0.310479,-4771,-1,2,-0.166625,1
8731413509,19,0.307323,-5497,-1,2,-0.166625,1
8731413509,20,0.296875,-5382,-1,1,-0.166625,1
8731413509,21,0.252525,-6040,-1,1,-0.166625,1
8731413509,22,0.201036,-7368,-1,0,-0.166625,1
8731413509,23,0.201036,-7740,-1,0,-0.166625,1
8731413509,24,0.201036,-7641,0,0,-0.166625,1
8731413509,25,0.19398,-7706,0,-3,-0.166625,1
8731413509,26,0.132867,-9443,0,0,-0.166625,1
8731413509,27,0.359504,-5489,0,0,-0.166625,1
8731413509,28,0.378426,-4773,0,0,-0.166625,1
8731413509,29,0.33162,-5535,-1,0,-0.166625,1
8731413509,30,0.380325,-6544,0,0,-0.166625,1
8731413509,31,0.413478,-5456,0,0,-0.166625,1
8731413509,32,0.471988,-4337,0,0,-0.166625,1
8731413509,33,0.413562,-4188,0,-1,-0.166625,1
8731413509,34,0.380325,-5242,0,-1,-0.166625,1
8731413509,35,0.307323,-6605,0,-1,-0.166625,1
8731413509,36,0.296875,-6154,0,-3,-0.166625,1
8731413509,37,0.201036,-8524,-1,-4,-0.166625,1
8731413509,38,0.045752,-11045,-3,-5,-0.166625,1
8731413509,39,0.003,-14587,-6,-8,-0.166625,1
8731413509,40,0.003,-20847,-6,-8,-0.166625,1
8731745786,0,0.495043,0,0,0,-0.00493685,1
8731745786,1,0.554795,-112,0,1,-0.00493685,1
8731745786,2,0.634916,378,0,1,-0.00493685,1
8731745786,3,0.495043,165,0,-1,-0.00493685,1
8731745786,4,0.436,-460,0,-1,-0.00493685,1
8731745786,5,0.413562,-1089,0,0,-0.00493685,1
8731745786,6,0.413562,-723,0,-2,-0.00493685,1
8731745786,7,0.378426,-1384,0,-3,-0.00493685,1
8731745786,8,0.380325,-1561,0,-6,-0.00493685,1
8731745786,9,0.307323,-3373,1,-6,-0.00493685,1
8731745786,10,0.310479,-2756,1,-6,-0.00493685,1
8731745786,11,0.378426,-2759,1,-6,-0.00493685,1
8731745786,12,0.413562,-2107,1,-6,-0.00493685,1
8731745786,13,0.436,-2760,1,-6,-0.00493685,1
8731745786,14,0.480438,-2115,1,-6,-0.00493685,1
8731745786,15,0.489796,-2120,1,-5,-0.00493685,1
8731745786,16,0.495043,-1995,1,-4,-0.00493685,1
8731745786,17,0.587828,-1209,1,-4,-0.00493685,1
8731745786,18,0.587828,-561,1,-6,-0.00493685,1
8731745786,19,0.494898,-1893,1,-5,-0.00493685,1
8731745786,20,0.554795,-1519,1,-3,-0.00493685,1
8731745786,21,0.591667,-734,1,-2,-0.00493685,1
8731745786,22,0.554795,-1299,1,-2,-0.00493685,1
8731745786,23,0.634916,-811,1,-3,-0.00493685,1
8731745786,24,0.549098,-2170,1,-2,-0.00493685,1
8731745786,25,0.413562,-2336,0,-5,-0.00493685,1
8731745786,26,0.252525,-4717,-1,-5,-0.00493685,1
8731745786,27,0.277228,-5784,-1,-4,-0.00493685,1
8731745786,28,0.380325,-4620,-1,-3,-0.00493685,1
8731745786,29,0.310479,-5795,-1,-3,-0.00493685,1
8731745786,30,0.412844,-6106,0,-2,-0.00493685,1
8731745786,31,0.781479,-5172,2,-1,-0.00493685,1
8731745786,32,0.805025,-2146,2,-1,-0.00493685,1
8731745786,33,0.805025,-572,3,-1,-0.00493685,1
8731745786,34,0.923077,-1951,4,0,-0.00493685,1
8731745786,35,0.952542,1643,6,0,-0.00493685,1
8731745786,36,0.972028,4450,6,3,-0.00493685,1
8731756504,0,0.378426,0,0,0,-0.342823,1
8731756504,1,0.378426,-78,0,-1,-0.342823,1
8731756504,2,0.344828,-386,0,-1,-0.342823,1
8731756504,3,0.310479,-454,0,-2,-0.342823,1
8731756504,4,0.307323,-724,0,-2,-0.342823,1
8731756504,5,0.310479,-870,0,-4,-0.342823,1
8731756504,6,0.201036,-1769,0,-5,-0.342823,1
8731756504,7,0.201036,-2001,0,-5,-0.342823,1
8731756504,8,0.208333,-1831,0,-5,-0.342823,1
8731756504,9,0.307323,-1616,-1,-6,-0.342823,1
8731756504,10,0.19398,-2623,-2,-8,-0.342823,1
8731756504,11,0.19398,-3863,-2,-8,-0.342823,1
8731756504,12,0.132867,-4701,-2,-9,-0.342823,1
8731756504,13,0.094293,-5087,-3,-9,-0.342823,1
8731756504,14,0.132867,-5703,-2,-8,-0.342823,1
8731756504,15,0.19398,-4548,-2,-8,-0.342823,1
8731756504,16,0.19398,-5146,-2,-8,-0.342823,1
8731756504,17,0.19398,-5382,-2,-9,-0.342823,1
8731756504,18,0.130542,-4976,-2,-12,-0.342823,1
8731756504,19,0.042254,-7484,-2,-12,-0.342823,1
8731756504,20,0.031056,-7777,-2,-11,-0.342823,1
8731756504,21,0.062718,-7210,-2,-14,-0.342823,1
8731756504,22,0.031056,-9406,-2,-14,-0.342823,1
8731756504,23,0.020992,-10302,-2,-17,-0.342823,1
8731756504,24,0.017442,-11513,-4,-17,-0.342823,1
8731756504,25,0.012416,-14455,-4,-17,-0.342823,1
8731756504,26,0.003,-13911,-6,-18,-0.342823,1
8731756504,27,0.003,-17781,-6,-18,-0.342823,1
8731756504,28,0.003,-17932,-6,-21,-0.342823,1
8731756504,29,0.003,-19739,-6,-22,-0.342823,1
8731756504,30,0.003,-20645,-6,-25,-0.342823,1
8731885381,0,0.495043,0,0,1,0.20557,1
8731885381,1,0.577982,115,0,1,0.20557,1
8731885381,2,0.526917,37,0,1,0.20557,1
8731885381,3,0.480438,-306,0,1,0.20557,1
8731885381,4,0.471988,-418,0,1,0.20557,1
8731885381,5,0.413562,-855,0,1,0.20557,1
8731885381,6,0.471988,-592,0,2,0.20557,1
8731885381,7,0.471988,-420,0,1,0.20557,1
8731885381,8,0.413562,-914,0,0,0.20557,1
8731885381,9,0.480438,-642,0,1,0.20557,1
8731885381,10,0.494898,-331,0,1,0.20557,1
8731885381,11,0.442857,-363,-1,1,0.20557,1
8731885381,12,0.494898,-661,-1,2,0.20557,1
8731885381,13,0.495043,-249,-1,2,0.20557,1
8731885381,14,0.494898,-449,-1,2,0.20557,1
8731885381,15,0.494898,-306,-1,1,0.20557,1
8731885381,16,0.471988,-1142,-1,1,0.20557,1
8731885381,17,0.413562,-1237,-1,1,0.20557,1
8731885381,18,0.412844,-1744,-1,0,0.20557,1
8731885381,19,0.412844,-1313,-1,-1,0.20557,1
8731885381,20,0.380325,-1739,0,-3,0.20557,1
8731885381,21,0.413562,-1761,0,-2,0.20557,1
8731885381,22,0.380325,-1951,0,-3,0.20557,1
8731885381,23,0.412844,-1739,0,-3,0.20557,1
8731885381,24,0.380325,-2048,0,-5,0.20557,1
8731885381,25,0.378426,-3318,-1,-5,0.20557,1
8731885381,26,0.296875,-4760,-1,-5,0.20557,1
8731885381,27,0.307323,-4653,-1,-6,0.20557,1
8731885381,28,0.208333,-5192,-2,-7,0.20557,1
8731885381,29,0.19398,-7491,-3,-8,0.20557,1
8731885381,30,0.136364,-8414,-3,-8,0.20557,1
8731885381,31,0.094293,-8268,-3,-13,0.20557,1
8731885381,32,0.003,-11776,-5,-13,0.20557,1
8731885381,33,0.003,-17314,-5,-15,0.20557,1
8731956926,0,0.471988,0,0,0,-0.167532,1
8731956926,1,0.480438,71,0,0,-0.167532,1
8731956926,2,0.549098,383,0,0,-0.167532,1
8731956926,3,0.549098,461,0,1,-0.167532,1
8731956926,4,0.582902,837,0,1,-0.167532,1
8731956926,5,0.489796,336,0,1,-0.167532,1
8731956926,6,0.436,170,0,0,-0.167532,1
8731956926,7,0.436,-272,0,1,-0.167532,1
8731956926,8,0.436,-238,0,1,-0.167532,1
8731956926,9,0.436,189,0,1,-0.167532,1
8731956926,10,0.471988,-211,0,2,-0.167532,1
8731956926,11,0.412844,-474,-2,2,-0.167532,1
8731956926,12,0.33162,-1017,-3,1,-0.167532,1
8731956926,13,0.310479,-1686,-3,4,-0.167532,1
8731956926,14,0.33162,-1260,-3,4,-0.167532,1
8731956926,15,0.307323,-2097,-3,3,-0.167532,1
8731956926,16,0.310479,-2823,-2,4,-0.167532,1
8731956926,17,0.380325,-1411,-2,2,-0.167532,1
8731956926,18,0.272171,-3142,-2,3,-0.167532,1
8731956926,19,0.307323,-2509,-2,0,-0.167532,1
8731956926,20,0.272171,-4066,-2,0,-0.167532,1
8731956926,21,0.208333,-4527,-2,0,-0.167532,1
8731956926,22,0.252525,-4840,-2,0,-0.167532,1
8731956926,23,0.277228,-4113,-2,0,-0.167532,1
8731956926,24,0.272171,-4378,-2,-1,-0.167532,1
8731956926,25,0.307323,-4374,-2,-1,-0.167532,1
8731956926,26,0.21131,-5428,-2,-1,-0.167532,1
8731956926,27,0.21131,-5310,-2,-2,-0.167532,1
8731956926,28,0.19398,-5760,-3,-4,-0.167532,1
8731956926,29,0.111628,-8919,-3,-4,-0.167532,1
8731956926,30,0.062718,-9728,-3,-7,-0.167532,1
8731956926,31,0.006849,-12175,-5,-7,-0.167532,1
8731956926,32,0.006849,-14695,-6,-8,-0.167532,1
8731956926,33,0.017442,-16834,-6,-9,-0.167532,1
8731956926,34,0.006849,-17658,-7,-11,-0.167532,1
8731956926,35,0.006849,-22756,-8,-12,-0.167532,1
8731956926,36,0.003,-23434,-8,-14,-0.167532,1
8732026842,0,0.489796,0,0,0,0.0938437,1
8732026842,1,0.489796,-87,0,0,0.0938437,1
8732026842,2,0.526917,-65,0,1,0.0938437,1
8732026842,3,0.66539,899,0,1,0.0938437,1
8732026842,4,0.66539,1003,0,1,0.0938437,1
8732026842,5,0.634916,1113,0,1,0.0938437,1
8732026842,6,0.634916,1212,0,1,0.0938437,1
8732026842,7,0.634916,991,0,1,0.0938437,1
8732026842,8,0.634916,1107,0,1,0.0938437,1
8732026842,9,0.634916,1230,0,2,0.0938437,1
8732026842,10,0.582902,269,0,4,0.0938437,1
8732026842,11,0.489796,259,0,2,0.0938437,1
8732026842,12,0.489796,-644,0,4,0.0938437,1
8732026842,13,0.471988,-921,0,5,0.0938437,1
8732026842,14,0.471988,-852,0,7,0.0938437,1
8732026842,15,0.489796,-372,0,7,0.0938437,1
8732026842,16,0.495043,-461,-1,7,0.0938437,1
8732026842,17,0.554795,-226,-1,7,0.0938437,1
8732026842,18,0.582902,577,-1,7,0.0938437,1
8732026842,19,0.489796,233,-1,6,0.0938437,1
8732026842,20,0.489796,-153,-1,6,0.0938437,1
8732026842,21,0.471988,-465,-1,5,0.0938437,1
8732026842,22,0.436,-907,-2,3,0.0938437,1
8732026842,23,0.307323,-2622,-2,1,0.0938437,1
8732026842,24,0.208333,-3439,-3,0,0.0938437,1
8732026842,25,0.208333,-6451,-3,3,0.0938437,1
8732026842,26,0.480438,-3223,-2,6,0.0938437,1
8732026842,27,0.634916,-870,-1,6,0.0938437,1
8732026842,28,0.781479,303,0,7,0.0938437,1
8732026842,29,0.952542,1768,3,11,0.0938437,1
8732032507,0,0.495043,0,0,-1,0.0365446,1
8732032507,1,0.471988,-217,0,-2,0.0365446,1
8732032507,2,0.412844,-650,0,-2,0.0365446,1
8732032507,3,0.412844,-680,0,-3,0.0365446,1
8732032507,4,0.378426,-1258,0,-4,0.0365446,1
8732032507,5,0.412844,-1114,0,-3,0.0365446,1
8732032507,6,0.413562,-721,0,-4,0.0365446,1
8732032507,7,0.413562,-939,0,-4,0.0365446,1
8732032507,8,0.412844,-1687,0,-3,0.0365446,1
8732032507,9,0.413562,-1445,0,-1,0.0365446,1
8732032507,10,0.526917,39,0,-1,0.0365446,1
8732032507,11,0.554795,7,0,0,0.0365446,1
8732032507,12,0.634916,679,0,0,0.0365446,1
8732032507,13,0.554795,401,1,0,0.0365446,1
8732032507,14,0.634916,1467,1,-1,0.0365446,1
8732032507,15,0.526917,1290,-1,-2,0.0365446,1
8732032507,16,0.471988,-248,-2,-1,0.0365446,1
8732032507,17,0.480438,-834,-1,1,0.0365446,1
8732032507,18,0.634916,1820,-1,2,0.0365446,1
8732032507,19,0.66539,2643,-1,3,0.0365446,1
8732032507,20,0.781479,3332,-1,4,0.0365446,1
8732032507,21,0.910931,5792,-1,8,0.0365446,1
8732032507,22,0.952542,7972,0,8,0.0365446,1
8732032507,23,0.952542,10821,0,9,0.0365446,1
8732032507,24,0.952542,10378,-1,10,0.0365446,1
8732032507,25,0.972028,10514,0,15,0.0365446,1
8732032507,26,0.98731,14262,1,16,0.0365446,1
8732032507,27,0.992925,16393,2,19,0.0365446,1
8732032507,28,0.997,21709,3,24,0.0365446,1
8732078536,0,0.526917,-393,0,-1,0.121318,1
8732078536,1,0.480438,-608,0,0,0.121318,1
8732078536,2,0.549098,-290,0,0,0.121318,1
8732078536,3,0.554795,-335,0,0,0.121318,1
8732078536,4,0.634916,126,0,-2,0.121318,1
8732078536,5,0.591667,-571,0,-1,0.121318,1
8732078536,6,0.587828,-94,0,-1,0.121318,1
8732078536,7,0.549098,-516,0,-2,0.121318,1
8732078536,8,0.489796,-707,0,-1,0.121318,1
8732078536,9,0.634916,-369,0,0,0.121318,1
8732078536,10,0.634916,573,0,1,0.121318,1
8732078536,11,0.634916,252,1,2,0.121318,1
8732078536,12,0.781479,2090,1,4,0.121318,1
8732078536,13,0.830357,2423,1,7,0.121318,1
8732078536,14,0.773481,3454,1,5,0.121318,1
8732078536,15,0.669951,2224,1,4,0.121318,1
8732078536,16,0.634916,1333,2,5,0.121318,1
8732078536,17,0.634916,3042,2,3,0.121318,1
8732078536,18,0.413562,1079,2,1,0.121318,1
8732078536,19,0.413562,359,2,0,0.121318,1
8732078536,20,0.413562,943,2,-4,0.121318,1
8732078536,21,0.307323,-2774,2,-3,0.121318,1
8732078536,22,0.359504,-2246,2,-3,0.121318,1
8732078536,23,0.410072,-2676,2,-1,0.121318,1
8732078536,24,0.471988,-731,2,-1,0.121318,1
8732078536,25,0.634916,900,2,-1,0.121318,1
8732078536,26,0.66539,2323,1,-1,0.121318,1
8732078536,27,0.700368,2416,1,1,0.121318,1
8732078536,28,0.805025,5035,2,1,0.121318,1
8732078536,29,0.823105,6005,3,1,0.121318,1
8732078536,30,0.915994,8232,3,3,0.121318,1
8732078536,31,0.952542,8993,3,5,0.121318,1
8732078536,32,0.952542,12597,3,5,0.121318,1
8732078536,33,0.962687,11647,3,8,0.121318,1
8732078536,34,0.992925,13729,5,9,0.121318,1
8732078536,35,0.992537,15425,5,9,0.121318,1
8732078536,36,0.992537,16124,4,11,0.121318,1
8732078536,37,0.992925,15597,5,13,0.121318,1
8732086879,0,0.634916,661,0,2,0.155483,1
8732086879,1,0.634916,609,0,2,0.155483,1
8732086879,2,0.66539,562,0,2,0.155483,1
8732086879,3,0.761124,1076,0,2,0.155483,1
8732086879,4,0.703448,1519,0,1,0.155483,1
8732086879,5,0.718062,1665,0,2,0.155483,1
8732086879,6,0.805025,2623,1,1,0.155483,1
8732086879,7,0.773481,2729,1,1,0.155483,1
8732086879,8,0.781479,2907,2,1,0.155483,1
8732086879,9,0.781479,2785,2,1,0.155483,1
8732086879,10,0.669951,2851,2,0,0.155483,1
8732086879,11,0.66539,2766,2,0,0.155483,1
8732086879,12,0.718062,3488,3,1,0.155483,1
8732086879,13,0.805025,4903,3,0,0.155483,1
8732086879,14,0.761124,4329,2,-1,0.155483,1
8732086879,15,0.66539,3479,2,-1,0.155483,1
8732086879,16,0.781479,4607,2,0,0.155483,1
8732086879,17,0.805025,5362,2,0,0.155483,1
8732086879,18,0.805025,6353,1,-1,0.155483,1
8732086879,19,0.761124,4932,1,-1,0.155483,1
8732086879,20,0.634916,3308,1,-2,0.155483,1
8732086879,21,0.634916,1909,1,-2,0.155483,1
8732086879,22,0.582902,991,1,-4,0.155483,1
8732086879,23,0.494898,362,1,-4,0.155483,1
8732086879,24,0.471988,-794,1,-4,0.155483,1
8732086879,25,0.489796,-899,1,-4,0.155483,1
8732086879,26,0.436,-1838,1,-4,0.155483,1
8732086879,27,0.549098,-1911,0,-4,0.155483,1
8732086879,28,0.587828,-2106,0,-4,0.155483,1
8732086879,29,0.471988,-728,0,-9,0.155483,1
8732086879,30,0.21131,-5826,-1,-8,0.155483,1
8732086879,31,0.21131,-7316,-1,-8,0.155483,1
8732086879,32,0.307323,-5798,-1,-8,0.155483,1
8732086879,33,0.132867,-6516,-2,-10,0.155483,1
8732086879,34,0.228571,-7677,-3,-11,0.155483,1
8732086879,35,0.252525,-8822,-3,-9,0.155483,1
8732086879,36,0.307323,-7315,-3,-9,0.155483,1
8732086879,37,0.307323,-6820,-3,-9,0.155483,1
8732086879,38,0.412844,-7581,-3,-8,0.155483,1
8732086879,39,0.526917,-4281,-3,-8,0.155483,1
8732086879,40,0.634916,-3851,-2,-8,0.155483,1
8732086879,41,0.634916,-1061,-2,-8,0.155483,1
8732086879,42,0.66539,-1302,-1,-8,0.155483,1
8732086879,43,0.489796,63,-1,-9,0.155483,1
8732086879,44,0.471988,-466,-1,-9,0.155483,1
8732086879,45,0.489796,861,-1,-9,0.155483,1
8732086879,46,0.634916,-941,-1,-8,0.155483,1
8732086879,47,0.471988,1490,-1,-10,0.155483,1
8732086879,48,0.452381,-754,-1,-10,0.155483,1
8732086879,49,0.410072,-1952,-1,-11,0.155483,1
8732086879,50,0.380325,-3748,-1,-11,0.155483,1
8732086879,51,0.380325,-2965,0,-12,0.155483,1
8732086879,52,0.413562,-2303,0,-12,0.155483,1
8732086879,53,0.413562,-3624,0,-12,0.155483,1
8732086879,54,0.412844,-4928,0,-12,0.155483,1
8732086879,55,0.413562,-4121,0,-13,0.155483,1
8732086879,56,0.412844,-5811,-1,-13,0.155483,1
8732086879,57,0.413562,-7286,-1,-13,0.155483,1
8732086879,58,0.413562,-7389,-1,-13,0.155483,1
8732086879,59,0.413562,-7445,-1,-13,0.155483,1
8732086879,60,0.489796,-8378,-1,-13,0.155483,1
8732086879,61,0.489796,-9904,-1,-13,0.155483,1
8732086879,62,0.413562,-9950,-1,-14,0.155483,1
8732086879,63,0.380325,-11107,-1,-15,0.155483,1
8732086879,64,0.378426,-13804,-1,-15,0.155483,1
8732086879,65,0.272171,-14628,-2,-16,0.155483,1
8732086879,66,0.380325,-13056,-2,-13,0.155483,1
8732086879,67,0.412844,-9385,-2,-14,0.155483,1
8732086879,68,0.359504,-12840,-2,-14,0.155483,1
8732086879,69,0.412844,-12882,-2,-13,0.155483,1
8732086879,70,0.21131,-14107,-4,-16,0.155483,1
8732086879,71,0.062718,-20960,-4,-17,0.155483,1
8732407391,0,0.494898,0,0,1,0.0516453,1
8732407391,1,0.526917,54,0,1,0.0516453,1
8732407391,2,0.489796,-164,0,1,0.0516453,1
8732407391,3,0.471988,-383,0,1,0.0516453,1
8732407391,4,0.436,-641,0,1,0.0516453,1
8732407391,5,0.413562,-730,0,2,0.0516453,1
8732407391,6,0.413562,-627,0,1,0.0516453,1
8732407391,7,0.413562,-958,0,1,0.0516453,1
8732407391,8,0.412844,-1258,0,2,0.0516453,1
8732407391,9,0.413562,-1019,-1,1,0.0516453,1
8732407391,10,0.359504,-2159,-1,1,0.0516453,1
8732407391,11,0.380325,-2112,-2,0,0.0516453,1
8732407391,12,0.310479,-3169,-2,-1,0.0516453,1
8732407391,13,0.307323,-3535,-2,-2,0.0516453,1
8732407391,14,0.262069,-3803,-3,-3,0.0516453,1
8732407391,15,0.252525,-4049,-3,-3,0.0516453,1
8732407391,16,0.33162,-3991,-2,-1,0.0516453,1
8732407391,17,0.412844,-2116,-2,-2,0.0516453,1
8732407391,18,0.410072,-4333,-2,1,0.0516453,1
8732407391,19,0.634916,-928,-2,3,0.0516453,1
8732407391,20,0.634916,1617,0,2,0.0516453,1
8732407391,21,0.554795,2160,0,2,0.0516453,1
8732407391,22,0.634916,1116,0,3,0.0516453,1
8732407391,23,0.587828,2656,0,3,0.0516453,1
8732407391,24,0.494898,2217,0,3,0.0516453,1
8732407391,25,0.495043,1229,0,4,0.0516453,1
8732407391,26,0.526917,1790,0,4,0.0516453,1
8732407391,27,0.489796,1655,0,4,0.0516453,1
8732407391,28,0.549098,1588,0,4,0.0516453,1
8732407391,29,0.529412,1611,0,4,0.0516453,1
8732407391,30,0.471988,782,0,2,0.0516453,1
8732407391,31,0.436,-537,0,2,0.0516453,1
8732407391,32,0.436,-932,0,2,0.0516453,1
8732407391,33,0.471988,-340,0,2,0.0516453,1
8732407391,34,0.495043,-436,0,4,0.0516453,1
8732407391,35,0.634916,2521,1,4,0.0516453,1
8732407391,36,0.805025,6674,2,4,0.0516453,1
8732407391,37,0.805025,6757,3,5,0.0516453,1
8732407391,38,0.952542,8527,3,7,0.0516453,1
8732407391,39,0.992537,12300,4,10,0.0516453,1
8732407391,40,0.997,16374,7,13,0.0516453,1
8732407391,41,0.997,23478,7,16,0.0516453,1
8732501144,0,0.495043,0,0,0,0.0277221,1
8732501144,1,0.554795,147,0,1,0.0277221,1
8732501144,2,0.587828,324,0,1,0.0277221,1
8732501144,3,0.554795,177,0,1,0.0277221,1
8732501144,4,0.495043,-2,0,1,0.0277221,1
8732501144,5,0.471988,-389,0,0,0.0277221,1
8732501144,6,0.495043,-302,0,1,0.0277221,1
8732501144,7,0.549098,-26,0,1,0.0277221,1
8732501144,8,0.587828,395,1,-1,0.0277221,1
8732501144,9,0.554795,394,0,-1,0.0277221,1
8732501144,10,0.495043,-653,0,1,0.0277221,1
8732501144,11,0.577982,21,0,2,0.0277221,1
8732501144,12,0.582902,-154,0,2,0.0277221,1
8732501144,13,0.526917,-876,0,3,0.0277221,1
8732501144,14,0.495043,-579,1,2,0.0277221,1
8732501144,15,0.495043,-845,1,2,0.0277221,1
8732501144,16,0.480438,-906,1,2,0.0277221,1
8732501144,17,0.489796,-655,1,2,0.0277221,1
8732501144,18,0.480438,-1251,1,3,0.0277221,1
8732501144,19,0.471988,-1522,1,3,0.0277221,1
8732501144,20,0.494898,-1175,1,2,0.0277221,1
8732501144,21,0.410072,-2097,0,-1,0.0277221,1
8732501144,22,0.252525,-6132,0,-1,0.0277221,1
8732501144,23,0.19398,-6814,0,-2,0.0277221,1
8732501144,24,0.111628,-7304,-1,-7,0.0277221,1
8732501144,25,0.062718,-11045,-1,-7,0.0277221,1
8732501144,26,0.062718,-10845,-1,-7,0.0277221,1
8732501144,27,0.062718,-11359,-1,-8,0.0277221,1
8732501144,28,0.062718,-13710,-1,-10,0.0277221,1
8732501144,29,0.090909,-16335,-2,-10,0.0277221,1
8732501144,30,0.094293,-15937,-2,-10,0.0277221,1
8732501144,31,0.062718,-14760,-2,-11,0.0277221,1
8732501144,32,0.062718,-16977,-3,-11,0.0277221,1
8732501144,33,0.130542,-16994,-2,-12,0.0277221,1
8732501144,34,0.111628,-17508,-2,-12,0.0277221,1
8732501144,35,0.090909,-16685,-2,-14,0.0277221,1
8732501144,36,0.017442,-18444,-4,-15,0.0277221,1
8732501144,37,0.017442,-22708,-4,-13,0.0277221,1
8732501144,38,0.062718,-19128,-4,-12,0.0277221,1
8732501144,39,0.19398,-16586,-3,-12,0.0277221,1
8732501144,40,0.296875,-14997,-3,-10,0.0277221,1
8732501144,41,0.378426,-11586,-3,-10,0.0277221,1
8732501144,42,0.378426,-9033,-3,-11,0.0277221,1
8732501144,43,0.310479,-10042,-3,-10,0.0277221,1
8732501144,44,0.310479,-7785,-3,-11,0.0277221,1
8732501144,45,0.19398,-7952,-3,-11,0.0277221,1
8732501144,46,0.111628,-8664,-3,-12,0.0277221,1
8732501144,47,0.130542,-10622,-3,-12,0.0277221,1
8732501144,48,0.094293,-11946,-3,-12,0.0277221,1
8732501144,49,0.130542,-11278,-4,-12,0.0277221,1
8732501144,50,0.175,-12905,-4,-11,0.0277221,1
8732501144,51,0.21131,-10687,-4,-11,0.0277221,1
8732501144,52,0.310479,-11048,-4,-9,0.0277221,1
8732501144,53,0.062718,-7560,-6,-12,0.0277221,1
8732501144,54,0.062718,-14030,-6,-12,0.0277221,1
8732516516,0,0.582902,0,0,-1,0.284655,1
8732516516,1,0.494898,-355,0,-1,0.284655,1
8732516516,2,0.494898,-485,0,0,0.284655,1
8732516516,3,0.587828,-139,0,1,0.284655,1
8732516516,4,0.634916,65,0,2,0.284655,1
8732516516,5,0.616834,80,0,1,0.284655,1
8732516516,6,0.549098,-284,0,1,0.284655,1
8732516516,7,0.495043,-384,0,0,0.284655,1
8732516516,8,0.495043,-27,0,0,0.284655,1
8732516516,9,0.480438,-270,0,0,0.284655,1
8732516516,10,0.549098,-237,1,2,0.284655,1
8732516516,11,0.582902,1068,0,2,0.284655,1
8732516516,12,0.587828,795,0,4,0.284655,1
8732516516,13,0.781479,1892,1,6,0.284655,1
8732516516,14,0.669951,2851,1,5,0.284655,1
8732516516,15,0.66539,2737,1,5,0.284655,1
8732516516,16,0.66539,2657,1,4,0.284655,1
8732516516,17,0.66539,3273,1,4,0.284655,1
8732516516,18,0.634916,3034,0,4,0.284655,1
8732516516,19,0.587828,2714,0,5,0.284655,1
8732516516,20,0.634916,3546,0,6,0.284655,1
8732516516,21,0.66539,4613,0,5,0.284655,1
8732516516,22,0.66539,5298,0,4,0.284655,1
8732516516,23,0.66539,4932,0,5,0.284655,1
8732516516,24,0.66539,5751,0,4,0.284655,1
8732516516,25,0.66539,5647,0,5,0.284655,1
8732516516,26,0.66539,5561,0,4,0.284655,1
8732516516,27,0.634916,4862,0,4,0.284655,1
8732516516,28,0.634916,4569,0,5,0.284655,1
8732516516,29,0.66539,4891,0,6,0.284655,1
8732516516,30,0.805025,6365,2,6,0.284655,1
8732516516,31,0.878472,8626,1,8,0.284655,1
8732516516,32,0.878472,9286,1,8,0.284655,1
8732516516,33,0.923077,11857,2,10,0.284655,1
8732516516,34,0.976331,14763,4,10,0.284655,1
8732516516,35,0.98731,16718,4,11,0.284655,1
8732516516,36,0.992925,19226,5,12,0.284655,1
8732516516,37,0.992925,21134,5,13,0.284655,1
8732516516,38,0.992925,19630,5,14,0.284655,1
8732516516,39,0.992925,19545,6,12,0.284655,1
8732516516,40,0.992537,18715,6,13,0.284655,1
8732516516,41,0.992925,20192,8,12,0.284655,1
8732516516,42,0.992537,20958,8,11,0.284655,1
8732516516,43,0.972028,18289,8,11,0.284655,1
8732516516,44,0.976331,17835,8,12,0.284655,1
8732516516,45,0.976331,16757,8,13,0.284655,1
8732556972,0,0.582902,0,0,0,0.307695,1
8732556972,1,0.582902,-24,0,0,0.307695,1
8732556972,2,0.495043,-165,0,-1,0.307695,1
8732556972,3,0.526917,-126,0,-1,0.307695,1
8732556972,4,0.489796,-385,0,-1,0.307695,1
8732556972,5,0.494898,45,0,-2,0.307695,1
8732556972,6,0.471988,-679,0,-3,0.307695,1
8732556972,7,0.480438,-618,0,-3,0.307695,1
8732556972,8,0.471988,-377,0,-5,0.307695,1
8732556972,9,0.480438,-1169,1,-4,0.307695,1
8732556972,10,0.549098,70,1,-4,0.307695,1
8732556972,11,0.549098,58,0,-3,0.307695,1
8732556972,12,0.582902,423,0,-3,0.307695,1
8732556972,13,0.66539,180,0,1,0.307695,1
8732556972,14,0.66539,2829,0,-1,0.307695,1
8732556972,15,0.66539,2382,-2,-1,0.307695,1
8732556972,16,0.634916,1276,-2,1,0.307695,1
8732556972,17,0.700368,2944,-2,2,0.307695,1
8732556972,18,0.634916,3293,-2,2,0.307695,1
8732556972,19,0.700368,4604,-1,2,0.307695,1
8732556972,20,0.761124,5635,-1,1,0.307695,1
8732556972,21,0.634916,4631,-1,1,0.307695,1
8732556972,22,0.66539,4432,0,2,0.307695,1
8732556972,23,0.700368,6292,0,3,0.307695,1
8732556972,24,0.781479,6645,1,2,0.307695,1
8732556972,25,0.781479,6057,1,2,0.307695,1
8732556972,26,0.843982,5773,1,5,0.307695,1
8732556972,27,0.910931,7333,2,5,0.307695,1
8732556972,28,0.910959,8965,2,5,0.307695,1
8732556972,29,0.915994,8794,2,5,0.307695,1
8732556972,30,0.915994,9329,1,7,0.307695,1
8732556972,31,0.915994,11356,1,8,0.307695,1
8732556972,32,0.952542,12792,2,8,0.307695,1
8732556972,33,0.962687,14465,2,10,0.307695,1
8732556972,34,0.985507,14769,3,10,0.307695,1
8732556972,35,0.976331,18608,3,10,0.307695,1
8732556972,36,0.976331,19470,3,10,0.307695,1
8732556972,37,0.992537,19272,3,12,0.307695,1
8732556972,38,0.997,22167,4,18,0.307695,1
8732557343,0,0.495043,0,0,0,0.0255521,1
8732557343,1,0.494898,-94,0,0,0.0255521,1
8732557343,2,0.526917,61,0,1,0.0255521,1
8732557343,3,0.66539,595,0,2,0.0255521,1
8732557343,4,0.66539,1031,0,1,0.0255521,1
8732557343,5,0.66539,843,0,2,0.0255521,1
8732557343,6,0.634916,1111,0,1,0.0255521,1
8732557343,7,0.634916,662,0,1,0.0255521,1
8732557343,8,0.554795,455,0,2,0.0255521,1
8732557343,9,0.587828,702,0,1,0.0255521,1
8732557343,10,0.587828,752,0,0,0.0255521,1
8732557343,11,0.495043,-63,-1,2,0.0255521,1
8732557343,12,0.554795,-36,-1,5,0.0255521,1
8732557343,13,0.66539,2269,0,5,0.0255521,1
8732557343,14,0.700368,3025,0,5,0.0255521,1
8732557343,15,0.66539,3176,0,3,0.0255521,1
8732557343,16,0.587828,1597,1,3,0.0255521,1
8732557343,17,0.634916,4032,1,0,0.0255521,1
8732557343,18,0.413562,1323,0,-1,0.0255521,1
8732557343,19,0.380325,-383,0,-3,0.0255521,1
8732557343,20,0.33162,-2608,0,-3,0.0255521,1
8732557343,21,0.380325,-2216,0,0,0.0255521,1
8732557343,22,0.413562,-784,0,-3,0.0255521,1
8732557343,23,0.378426,-2764,0,-4,0.0255521,1
8732557343,24,0.380325,-3507,-1,-2,0.0255521,1
8732557343,25,0.413562,-2393,-1,-2,0.0255521,1
8732557343,26,0.413562,-1577,-1,-1,0.0255521,1
8732557343,27,0.634916,-23,1,0,0.0255521,1
8732557343,28,0.910931,2315,1,4,0.0255521,1
8732557343,29,0.952542,6467,1,7,0.0255521,1
8732557343,30,0.972028,9631,1,7,0.0255521,1
8732609818,0,0.494898,-1088,0,-4,0.202497,1
8732609818,1,0.471988,-1124,0,-4,0.202497,1
8732609818,2,0.480438,-1100,0,-3,0.202497,1
8732609818,3,0.495043,-769,0,-1,0.202497,1
8732609818,4,0.526917,-373,0,-1,0.202497,1
8732609818,5,0.781479,547,0,2,0.202497,1
8732609818,6,0.878472,1588,1,5,0.202497,1
8732609818,7,0.915994,3044,1,6,0.202497,1
8732609818,8,0.878472,3399,2,6,0.202497,1
8732609818,9,0.899614,3596,3,6,0.202497,1
8732609818,10,0.810811,3002,3,9,0.202497,1
8732609818,11,0.781479,2815,3,10,0.202497,1
8732609818,12,0.781479,3249,3,10,0.202497,1
8732609818,13,0.773481,3403,3,10,0.202497,1
8732609818,14,0.805025,3861,3,11,0.202497,1
8732609818,15,0.823105,4942,3,8,0.202497,1
8732609818,16,0.634916,2453,3,9,0.202497,1
8732609818,17,0.634916,3798,2,9,0.202497,1
8732609818,18,0.66539,4128,2,10,0.202497,1
8732609818,19,0.66539,4639,2,10,0.202497,1
8732609818,20,0.781479,4902,2,12,0.202497,1
8732609818,21,0.78125,6273,1,8,0.202497,1
8732609818,22,0.587828,1838,1,8,0.202497,1
8732609818,23,0.495043,1740,1,6,0.202497,1
8732609818,24,0.413562,406,1,3,0.202497,1
8732609818,25,0.262069,-2390,1,1,0.202497,1
8732609818,26,0.277228,-4226,1,0,0.202497,1
8732609818,27,0.132867,-6225,1,-5,0.202497,1
8732609818,28,0.062718,-9104,-1,-5,0.202497,1
8732609818,29,0.020992,-12112,-2,-8,0.202497,1
8732609818,30,0.020992,-14002,-2,-8,0.202497,1
8732609818,31,0.094293,-10111,-2,-8,0.202497,1
8732609818,32,0.21131,-9620,-2,-8,0.202497,1
8732609818,33,0.21131,-10504,-4,-8,0.202497,1
8732609818,34,0.380325,-10469,-4,-8,0.202497,1
8732609818,35,0.410072,-7971,-4,-8,0.202497,1
8732609818,36,0.310479,-7547,-4,-10,0.202497,1
8732609818,37,0.19398,-8799,-6,-12,0.202497,1
8732609818,38,0.062718,-14742,-6,-12,0.202497,1
8732671141,0,0.471988,-498,0,1,0.0501084,1
8732671141,1,0.587828,347,0,1,0.0501084,1
8732671141,2,0.634916,420,0,1,0.0501084,1
8732671141,3,0.634916,933,0,1,0.0501084,1
8732671141,4,0.634916,911,0,0,0.0501084,1
8732671141,5,0.634916,833,0,3,0.0501084,1
8732671141,6,0.582902,1209,0,1,0.0501084,1
8732671141,7,0.495043,291,0,3,0.0501084,1
8732671141,8,0.549098,389,0,4,0.0501084,1
8732671141,9,0.549098,356,0,4,0.0501084,1
8732671141,10,0.480438,52,0,4,0.0501084,1
8732671141,11,0.549098,-136,1,6,0.0501084,1
8732671141,12,0.669951,1349,1,9,0.0501084,1
8732671141,13,0.66539,2344,2,8,0.0501084,1
8732671141,14,0.700368,2084,2,11,0.0501084,1
8732671141,15,0.823105,3502,2,14,0.0501084,1
8732671141,16,0.843982,4957,2,13,0.0501084,1
8732671141,17,0.851064,5395,2,16,0.0501084,1
8732671141,18,0.952542,6432,2,19,0.0501084,1
8732671141,19,0.976331,8829,2,20,0.0501084,1
8732671141,20,0.972028,10501,2,21,0.0501084,1
8732671141,21,0.98731,11203,3,21,0.0501084,1
8732671141,22,0.992537,12260,3,26,0.0501084,1
8732671141,23,0.992925,14676,4,26,0.0501084,1
8732671141,24,0.992925,15466,4,28,0.0501084,1
8732671141,25,0.997,16096,4,32,0.0501084,1
8732671141,26,0.997,18627,5,32,0.0501084,1
8732671141,27,0.992925,16393,5,33,0.0501084,1
8732671141,28,0.997,17533,5,36,0.0501084,1
8732671141,29,0.997,20037,6,41,0.0501084,1
8732684200,0,0.549098,0,0,0,0.223658,1
8732684200,1,0.587828,15,0,1,0.223658,1
8732684200,2,0.634916,273,0,1,0.223658,1
8732684200,3,0.615385,297,0,-1,0.223658,1
8732684200,4,0.436,-650,0,-1,0.223658,1
8732684200,5,0.412844,-1142,0,-2,0.223658,1
8732684200,6,0.4,-1252,0,-1,0.223658,1
8732684200,7,0.413562,-1205,0,0,0.223658,1
8732684200,8,0.489796,-311,1,-2,0.223658,1
8732684200,9,0.634916,-204,2,-1,0.223658,1
8732684200,10,0.634916,-34,2,0,0.223658,1
8732684200,11,0.634916,-125,2,2,0.223658,1
8732684200,12,0.703448,1209,3,4,0.223658,1
8732684200,13,0.805025,1791,3,6,0.223658,1
8732684200,14,0.805025,2382,3,7,0.223658,1
8732684200,15,0.823105,2767,3,8,0.223658,1
8732684200,16,0.773481,3224,3,7,0.223658,1
8732684200,17,0.66539,1801,2,7,0.223658,1
8732684200,18,0.634916,1479,2,6,0.223658,1
8732684200,19,0.495043,590,2,6,0.223658,1
8732684200,20,0.495043,578,2,6,0.223658,1
8732684200,21,0.554795,1134,2,6,0.223658,1
8732684200,22,0.494898,637,1,6,0.223658,1
8732684200,23,0.587828,285,1,6,0.223658,1
8732684200,24,0.634916,114,1,7,0.223658,1
8732684200,25,0.66539,3351,2,6,0.223658,1
8732684200,26,0.634916,3259,2,6,0.223658,1
8732684200,27,0.761124,1872,2,10,0.223658,1
8732684200,28,0.805025,4443,3,10,0.223658,1
8732684200,29,0.972028,5569,5,13,0.223658,1
8732684200,30,0.992925,10520,5,14,0.223658,1
8732684200,31,0.992925,12289,6,15,0.223658,1
8732684200,32,0.997,14628,7,21,0.223658,1
8732684200,33,0.997,18638,7,20,0.223658,1
8732684200,34,0.997,16996,7,20,0.223658,1
8732684200,35,0.997,17554,7,20,0.223658,1
8732684200,36,0.997,16823,7,20,0.223658,1
8732684200,37,0.992537,16482,7,22,0.223658,1
8732684200,38,0.997,18004,8,25,0.223658,1
8732713720,0,0.495043,250,0,0,-0.121814,1
8732713720,1,0.634916,846,0,1,-0.121814,1
8732713720,2,0.634916,1170,0,2,-0.121814,1
8732713720,3,0.66539,1674,0,3,-0.121814,1
8732713720,4,0.591667,1783,0,2,-0.121814,1
8732713720,5,0.549098,1205,0,2,-0.121814,1
8732713720,6,0.471988,887,0,2,-0.121814,1
8732713720,7,0.436,550,0,1,-0.121814,1
8732713720,8,0.412844,-217,0,-2,-0.121814,1
8732713720,9,0.344828,-1356,0,-3,-0.121814,1
8732713720,10,0.307323,-2024,-1,-3,-0.121814,1
8732713720,11,0.307323,-2246,-1,-6,-0.121814,1
8732713720,12,0.201036,-3323,-2,-7,-0.121814,1
8732713720,13,0.19398,-3996,-2,-6,-0.121814,1
8732713720,14,0.21131,-3625,-1,-6,-0.121814,1
8732713720,15,0.378426,-1482,-1,-3,-0.121814,1
8732713720,16,0.413562,115,-1,-4,-0.121814,1
8732713720,17,0.436,-198,-1,-5,-0.121814,1
8732713720,18,0.412844,-817,-1,-3,-0.121814,1
8732713720,19,0.436,310,-1,-1,-0.121814,1
8732713720,20,0.495043,2109,-2,1,-0.121814,1
8732713720,21,0.634916,2855,-1,0,-0.121814,1
8732713720,22,0.634916,3812,-1,-1,-0.121814,1
8732713720,23,0.452381,940,-1,-1,-0.121814,1
8732713720,24,0.471988,-90,-1,2,-0.121814,1
8732713720,25,0.549098,1859,-1,5,-0.121814,1
8732713720,26,0.66539,3632,-1,7,-0.121814,1
8732713720,27,0.843982,5200,-1,10,-0.121814,1
8732713720,28,0.952542,6482,0,11,-0.121814,1
8732713720,29,0.972028,10084,1,14,-0.121814,1
8732713720,30,0.992537,13399,2,16,-0.121814,1
8732862618,0,0.495043,0,0,-1,-0.0049369,1
8732862618,1,0.413562,-816,0,-1,-0.0049369,1
8732862618,2,0.380325,-878,0,-2,-0.0049369,1
8732862618,3,0.380325,-954,0,-2,-0.0049369,1
8732862618,4,0.359504,-1291,0,-2,-0.0049369,1
8732862618,5,0.410072,-1113,0,-2,-0.0049369,1
8732862618,6,0.436,-601,0,-4,-0.0049369,1
8732862618,7,0.380325,-1254,0,-6,-0.0049369,1
8732862618,8,0.310479,-2223,0,-6,-0.0049369,1
8732862618,9,0.307323,-2624,0,-6,-0.0049369,1
8732862618,10,0.307323,-3069,0,-5,-0.0049369,1
8732862618,11,0.272171,-3979,-1,-7,-0.0049369,1
8732862618,12,0.201036,-5319,-2,-7,-0.0049369,1
8732862618,13,0.201036,-5655,-2,-8,-0.0049369,1
8732862618,14,0.19398,-7047,-2,-7,-0.0049369,1
8732862618,15,0.19398,-7158,-2,-6,-0.0049369,1
8732862618,16,0.310479,-5888,-1,-5,-0.0049369,1
8732862618,17,0.378426,-5598,-1,-5,-0.0049369,1
8732862618,18,0.307323,-6354,-2,-6,-0.0049369,1
8732862618,19,0.208333,-7598,-2,-7,-0.0049369,1
8732862618,20,0.201036,-8862,-2,-7,-0.0049369,1
8732862618,21,0.21131,-9175,-2,-5,-0.0049369,1
8732862618,22,0.296875,-6726,-2,-5,-0.0049369,1
8732862618,23,0.201036,-8233,-3,-7,-0.0049369,1
8732862618,24,0.175,-10385,-4,-7,-0.0049369,1
8732862618,25,0.031056,-11582,-4,-11,-0.0049369,1
8732862618,26,0.017442,-15219,-5,-11,-0.0049369,1
8732862618,27,0.006849,-17302,-6,-15,-0.0049369,1
8732862618,28,0.006849,-19436,-6,-16,-0.0049369,1
8732862618,29,0.003,-21163,-7,-19,-0.0049369,1
8732862618,30,0.003,-26460,-8,-21,-0.0049369,1
8732862618,31,0.003,-28187,-9,-22,-0.0049369,1
8732862618,32,0.003,-29858,-10,-25,-0.0049369,1
8732912726,0,0.413562,0,0,0,-0.0861382,1
8732912726,1,0.412844,-180,0,0,-0.0861382,1
8732912726,2,0.471988,162,0,0,-0.0861382,1
8732912726,3,0.380325,-429,0,-2,-0.0861382,1
8732912726,4,0.307323,-1254,0,-2,-0.0861382,1
8732912726,5,0.296875,-1464,0,-2,-0.0861382,1
8732912726,6,0.262069,-1804,0,-4,-0.0861382,1
8732912726,7,0.307323,-1591,0,-5,-0.0861382,1
8732912726,8,0.33162,-1510,-1,-6,-0.0861382,1
8732912726,9,0.21131,-2437,-2,-6,-0.0861382,1
8732912726,10,0.272171,-2187,-2,-6,-0.0861382,1
8732912726,11,0.307323,-1853,-3,-7,-0.0861382,1
8732912726,12,0.21131,-3187,-3,-7,-0.0861382,1
8732912726,13,0.201036,-4343,-3,-7,-0.0861382,1
8732912726,14,0.262069,-3511,-3,-7,-0.0861382,1
8732912726,15,0.307323,-3169,-3,-7,-0.0861382,1
8732912726,16,0.359504,-3389,-2,-6,-0.0861382,1
8732912726,17,0.378426,-3124,-2,-7,-0.0861382,1
8732912726,18,0.378426,-3326,-2,-7,-0.0861382,1
8732912726,19,0.380325,-3585,-2,-6,-0.0861382,1
8732912726,20,0.380325,-3119,-2,-6,-0.0861382,1
8732912726,21,0.413562,-3004,-1,-6,-0.0861382,1
8732912726,22,0.412844,-2802,-1,-6,-0.0861382,1
8732912726,23,0.380325,-2068,-1,-8,-0.0861382,1
8732912726,24,0.33162,-2423,-2,-8,-0.0861382,1
8732912726,25,0.296875,-4066,-3,-8,-0.0861382,1
8732912726,26,0.307323,-4107,-3,-8,-0.0861382,1
8732912726,27,0.307323,-4079,-3,-8,-0.0861382,1
8732912726,28,0.208333,-4309,-4,-11,-0.0861382,1
8732912726,29,0.062718,-6817,-5,-13,-0.0861382,1
8732912726,30,0.062718,-10098,-5,-13,-0.0861382,1
8732912726,31,0.020992,-11496,-5,-13,-0.0861382,1
8732912726,32,0.006849,-13080,-5,-16,-0.0861382,1
8733039125,0,0.480438,-2,0,-1,-0.0651156,1
8733039125,1,0.412844,-683,0,-1,-0.0651156,1
8733039125,2,0.413562,-527,0,-1,-0.0651156,1
8733039125,3,0.413562,-526,0,0,-0.0651156,1
8733039125,4,0.412844,-361,0,-1,-0.0651156,1
8733039125,5,0.412844,-688,0,0,-0.0651156,1
8733039125,6,0.412844,-1574,0,0,-0.0651156,1
8733039125,7,0.410072,-2201,0,-1,-0.0651156,1
8733039125,8,0.413562,-2301,0,3,-0.0651156,1
8733039125,9,0.480438,-471,0,0,-0.0651156,1
8733039125,10,0.412844,-2004,0,2,-0.0651156,1
8733039125,11,0.471988,-914,0,1,-0.0651156,1
8733039125,12,0.436,-1194,-1,0,-0.0651156,1
8733039125,13,0.412844,-1836,-1,0,-0.0651156,1
8733039125,14,0.412844,-2689,-1,0,-0.0651156,1
8733039125,15,0.413562,-2393,0,4,-0.0651156,1
8733039125,16,0.634916,964,1,5,-0.0651156,1
8733039125,17,0.781479,2969,1,7,-0.0651156,1
8733039125,18,0.823105,3242,0,9,-0.0651156,1
8733039125,19,0.843982,4003,-1,9,-0.0651156,1
8733039125,20,0.823105,3925,0,12,-0.0651156,1
8733039125,21,0.952542,7986,0,13,-0.0651156,1
8733039125,22,0.915994,9248,0,10,-0.0651156,1
8733039125,23,0.781479,6940,1,9,-0.0651156,1
8733039125,24,0.910931,7992,1,12,-0.0651156,1
8733039125,25,0.899614,10309,2,10,-0.0651156,1
8733039125,26,0.910931,11329,2,12,-0.0651156,1
8733039125,27,0.972028,10866,3,14,-0.0651156,1
8733039125,28,0.992925,14265,4,16,-0.0651156,1
8733039125,29,0.992925,15405,4,18,-0.0651156,1
8733136364,0,0.413562,0,0,0,-0.199694,1
8733136364,1,0.413562,22,0,0,-0.199694,1
8733136364,2,0.413562,202,0,0,-0.199694,1
8733136364,3,0.471988,355,0,0,-0.199694,1
8733136364,4,0.436,68,0,0,-0.199694,1
8733136364,5,0.413562,22,0,-2,-0.199694,1
8733136364,6,0.413562,-256,0,-3,-0.199694,1
8733136364,7,0.413562,-517,0,-5,-0.199694,1
8733136364,8,0.380325,-963,-1,-5,-0.199694,1
8733136364,9,0.33162,-1855,-1,-5,-0.199694,1
8733136364,10,0.307323,-1348,-2,-8,-0.199694,1
8733136364,11,0.21131,-2941,-2,-6,-0.199694,1
8733136364,12,0.296875,-2617,-2,-6,-0.199694,1
8733136364,13,0.359504,-1601,-2,-6,-0.199694,1
8733136364,14,0.310479,-1550,-3,-7,-0.199694,1
8733136364,15,0.310479,-2390,-3,-6,-0.199694,1
8733136364,16,0.378426,-1974,-3,-4,-0.199694,1
8733136364,17,0.413562,-1305,-2,-4,-0.199694,1
8733136364,18,0.489796,25,-2,-4,-0.199694,1
8733136364,19,0.480438,-467,-1,-2,-0.199694,1
8733136364,20,0.634916,1422,-1,-2,-0.199694,1
8733136364,21,0.634916,1264,-1,1,-0.199694,1
8733136364,22,0.718062,4018,-1,2,-0.199694,1
8733136364,23,0.830357,4810,-1,6,-0.199694,1
8733136364,24,0.915994,7443,0,7,-0.199694,1
8733136364,25,0.952542,8578,0,10,-0.199694,1
8733136364,26,0.952542,9864,0,10,-0.199694,1
8733136364,27,0.952542,9733,0,13,-0.199694,1
8733136364,28,0.952542,12372,1,13,-0.199694,1
8733136364,29,0.962687,15088,1,14,-0.199694,1
8733136364,30,0.952542,15538,1,15,-0.199694,1
8733136364,31,0.972028,16333,2,17,-0.199694,1
8733136364,32,0.992925,19160,4,18,-0.199694,1
8733136364,33,0.997,22458,4,20,-0.199694,1
8733136364,34,0.997,24000,4,20,-0.199694,1
8733136364,35,0.997,25470,4,21,-0.199694,1
8733136364,36,0.997,26218,6,27,-0.199694,1
8733152782,0,0.587828,138,0,0,0.179737,1
8733152782,1,0.66539,929,0,0,0.179737,1
8733152782,2,0.66539,846,0,1,0.179737,1
8733152782,3,0.634916,839,0,-1,0.179737,1
8733152782,4,0.480438,-54,0,-2,0.179737,1
8733152782,5,0.413562,-606,0,-1,0.179737,1
8733152782,6,0.471988,-531,0,-2,0.179737,1
8733152782,7,0.413562,-727,-1,-4,0.179737,1
8733152782,8,0.359504,-1906,-1,-4,0.179737,1
8733152782,9,0.380325,-1431,-1,-5,0.179737,1
8733152782,10,0.413562,-1197,-1,-8,0.179737,1
8733152782,11,0.310479,-2781,-1,-7,0.179737,1
8733152782,12,0.380325,-2212,-1,-6,0.179737,1
8733152782,13,0.359504,-2441,-2,-7,0.179737,1
8733152782,14,0.310479,-2904,-3,-8,0.179737,1
8733152782,15,0.307323,-4073,-3,-11,0.179737,1
8733152782,16,0.130542,-5542,-3,-13,0.179737,1
8733152782,17,0.062718,-7713,-3,-14,0.179737,1
8733152782,18,0.062718,-7895,-3,-17,0.179737,1
8733152782,19,0.045752,-8685,-3,-20,0.179737,1
8733152782,20,0.031056,-9430,-3,-21,0.179737,1
8733152782,21,0.045752,-10424,-3,-21,0.179737,1
8733152782,22,0.062718,-9828,-2,-23,0.179737,1
8733152782,23,0.062718,-10586,-3,-23,0.179737,1
8733152782,24,0.062718,-11708,-4,-24,0.179737,1
8733152782,25,0.020992,-12304,-5,-27,0.179737,1
8733152782,26,0.003,-15539,-6,-27,0.179737,1
8733168566,0,0.549098,0,0,0,0.0841248,1
8733168566,1,0.549098,-5,0,-1,0.0841248,1
8733168566,2,0.495043,-236,0,-1,0.0841248,1
8733168566,3,0.480438,-401,0,-2,0.0841248,1
8733168566,4,0.436,-767,0,-1,0.0841248,1
8733168566,5,0.549098,82,0,-2,0.0841248,1
8733168566,6,0.526917,-212,0,-3,0.0841248,1
8733168566,7,0.526917,-161,0,-3,0.0841248,1
8733168566,8,0.582902,-121,0,-3,0.0841248,1
8733168566,9,0.495043,-28,0,-4,0.0841248,1
8733168566,10,0.495043,-251,0,-4,0.0841248,1
8733168566,11,0.495043,-747,0,-4,0.0841248,1
8733168566,12,0.436,-1560,-1,-6,0.0841248,1
8733168566,13,0.471988,-1508,-1,-7,0.0841248,1
8733168566,14,0.412844,-2236,-2,-7,0.0841248,1
8733168566,15,0.380325,-2392,-2,-9,0.0841248,1
8733168566,16,0.307323,-3460,-2,-12,0.0841248,1
8733168566,17,0.208333,-4789,-2,-12,0.0841248,1
8733168566,18,0.208333,-6338,-1,-10,0.0841248,1
8733168566,19,0.378426,-4393,-1,-10,0.0841248,1
8733168566,20,0.412844,-3884,-1,-13,0.0841248,1
8733168566,21,0.252525,-6980,-1,-13,0.0841248,1
8733168566,22,0.21131,-7509,-2,-13,0.0841248,1
8733168566,23,0.201036,-7512,-2,-13,0.0841248,1
8733168566,24,0.201036,-7094,-2,-15,0.0841248,1
8733168566,25,0.19398,-8723,-4,-15,0.0841248,1
8733168566,26,0.130542,-10184,-3,-16,0.0841248,1
8733168566,27,0.201036,-9551,-3,-15,0.0841248,1
8733168566,28,0.21131,-8074,-3,-16,0.0841248,1
8733168566,29,0.296875,-8450,-3,-16,0.0841248,1
8733168566,30,0.307323,-7055,-3,-17,0.0841248,1
8733168566,31,0.378426,-8037,-3,-16,0.0841248,1
8733168566,32,0.412844,-6812,-3,-14,0.0841248,1
8733168566,33,0.634916,-3665,-2,-14,0.0841248,1
8733168566,34,0.587828,-2131,-2,-16,0.0841248,1
8733168566,35,0.413562,-4088,-3,-17,0.0841248,1
8733168566,36,0.21131,-6644,-3,-17,0.0841248,1
8733168566,37,0.201036,-6451,-3,-17,0.0841248,1
8733168566,38,0.201036,-6423,-4,-17,0.0841248,1
8733168566,39,0.201036,-6489,-4,-19,0.0841248,1
8733168566,40,0.020992,-8496,-5,-22,0.0841248,1
8733168566,41,0.003,-15411,-5,-23,0.0841248,1
8733252804,0,0.452381,0,0,0,-0.172198,1
8733252804,1,0.489796,29,0,0,-0.172198,1
8733252804,2,0.495043,159,0,0,-0.172198,1
8733252804,3,0.634916,884,0,1,-0.172198,1
8733252804,4,0.646427,1210,0,2,-0.172198,1
8733252804,5,0.634916,1881,0,1,-0.172198,1
8733252804,6,0.634916,1655,0,0,-0.172198,1
8733252804,7,0.587828,1402,0,1,-0.172198,1
8733252804,8,0.66539,2378,0,3,-0.172198,1
8733252804,9,0.66539,2773,0,4,-0.172198,1
8733252804,10,0.781479,4041,1,4,-0.172198,1
8733252804,11,0.805025,4793,2,4,-0.172198,1
8733252804,12,0.781479,5255,2,1,-0.172198,1
8733252804,13,0.634916,3722,2,2,-0.172198,1
8733252804,14,0.700368,4615,2,3,-0.172198,1
8733252804,15,0.781479,5512,3,2,-0.172198,1
8733252804,16,0.781479,5440,3,4,-0.172198,1
8733252804,17,0.915994,6880,3,5,-0.172198,1
8733252804,18,0.952542,8029,3,8,-0.172198,1
8733252804,19,0.962687,9788,4,7,-0.172198,1
8733252804,20,0.98731,9599,4,12,-0.172198,1
8733252804,21,0.992925,12685,4,14,-0.172198,1
8733252804,22,0.992925,13980,5,14,-0.172198,1
8733252804,23,0.992925,14720,5,16,-0.172198,1
8733252804,24,0.997,15819,6,17,-0.172198,1
8733252804,25,0.997,16146,7,20,-0.172198,1
8733252804,26,0.997,18382,7,20,-0.172198,1
8733252804,27,0.997,19341,8,23,-0.172198,1
8733252804,28,0.997,21646,8,26,-0.172198,1
8733252804,29,0.997,24552,10,28,-0.172198,1
8733252804,30,0.997,27971,11,29,-0.172198,1
8733255037,0,0.495043,0,0,0,0.209356,1
8733255037,1,0.413562,-296,0,-1,0.209356,1
8733255037,2,0.471988,-153,0,-2,0.209356,1
8733255037,3,0.380325,-615,0,-3,0.209356,1
8733255037,4,0.413562,-481,0,-3,0.209356,1
8733255037,5,0.413562,-588,0,-7,0.209356,1
8733255037,6,0.262069,-2401,0,-8,0.209356,1
8733255037,7,0.262069,-2700,0,-9,0.209356,1
8733255037,8,0.252525,-2959,0,-9,0.209356,1
8733255037,9,0.307323,-3117,0,-8,0.209356,1
8733255037,10,0.412844,-2553,0,-6,0.209356,1
8733255037,11,0.471988,-1451,0,-6,0.209356,1
8733255037,12,0.471988,-2030,0,-6,0.209356,1
8733255037,13,0.489796,-1501,1,-7,0.209356,1
8733255037,14,0.436,-1003,0,-9,0.209356,1
8733255037,15,0.471988,-1052,1,-8,0.209356,1
8733255037,16,0.495043,382,1,-7,0.209356,1
8733255037,17,0.587828,1508,1,-7,0.209356,1
8733255037,18,0.554795,2323,0,-8,0.209356,1
8733255037,19,0.526917,1021,0,-8,0.209356,1
8733255037,20,0.495043,720,0,-7,0.209356,1
8733255037,21,0.471988,342,0,-8,0.209356,1
8733255037,22,0.413562,-682,0,-8,0.209356,1
8733255037,23,0.489796,-821,0,-7,0.209356,1
8733255037,24,0.489796,-1147,0,-7,0.209356,1
8733255037,25,0.413562,-1255,0,-9,0.209356,1
8733255037,26,0.436,-3819,0,-7,0.209356,1
8733255037,27,0.489796,-1254,0,-7,0.209356,1
8733255037,28,0.413562,-1785,0,-8,0.209356,1
8733255037,29,0.410072,-2407,0,-8,0.209356,1
8733255037,30,0.471988,-2986,0,-6,0.209356,1
8733255037,31,0.634916,-1294,1,-5,0.209356,1
8733255037,32,0.66539,8,1,-5,0.209356,1
8733255037,33,0.634916,-1545,1,-5,0.209356,1
8733255037,34,0.66539,-1544,2,-4,0.209356,1
8733255037,35,0.805025,654,4,-3,0.209356,1
8733255037,36,0.923077,2611,5,-2,0.209356,1
8733255037,37,0.952542,7489,5,-2,0.209356,1
8733255037,38,0.972028,7278,6,-1,0.209356,1
8733255037,39,0.992925,9877,7,3,0.209356,1
8733314013,0,0.494898,0,0,-1,0.0516453,1
8733314013,1,0.436,-690,0,-1,0.0516453,1
8733314013,2,0.413562,-777,0,-1,0.0516453,1
8733314013,3,0.413562,-710,0,-1,0.0516453,1
8733314013,4,0.436,-1036,0,-1,0.0516453,1
8733314013,5,0.413562,-1132,0,-1,0.0516453,1
8733314013,6,0.380325,-1285,0,-2,0.0516453,1
8733314013,7,0.380325,-1425,0,-2,0.0516453,1
8733314013,8,0.378426,-1802,0,-2,0.0516453,1
8733314013,9,0.413562,-1626,0,-2,0.0516453,1
8733314013,10,0.378426,-2242,0,-2,0.0516453,1
8733314013,11,0.413562,-2079,-1,-2,0.0516453,1
8733314013,12,0.413562,-2346,-1,-2,0.0516453,1
8733314013,13,0.471988,-1652,0,-1,0.0516453,1
8733314013,14,0.471988,-844,0,-3,0.0516453,1
8733314013,15,0.413562,-1957,0,-3,0.0516453,1
8733314013,16,0.413562,-1906,0,-3,0.0516453,1
8733314013,17,0.471988,-726,-1,-3,0.0516453,1
8733314013,18,0.413562,-2045,-1,-3,0.0516453,1
8733314013,19,0.380325,-3669,-1,-4,0.0516453,1
8733314013,20,0.412844,-3796,-1,-5,0.0516453,1
8733314013,21,0.33162,-5771,0,-5,0.0516453,1
8733314013,22,0.413562,-3637,0,-5,0.0516453,1
8733314013,23,0.380325,-3431,-1,-7,0.0516453,1
8733314013,24,0.272171,-4818,-2,-7,0.0516453,1
8733314013,25,0.307323,-4575,-3,-8,0.0516453,1
8733314013,26,0.201036,-6391,-3,-8,0.0516453,1
8733314013,27,0.132867,-7474,-4,-9,0.0516453,1
8733314013,28,0.020992,-9494,-5,-12,0.0516453,1
8733314013,29,0.003,-13685,-6,-15,0.0516453,1
8733608434,0,0.634916,398,0,1,0.20419,1
8733608434,1,0.634916,308,0,1,0.20419,1
8733608434,2,0.634916,447,0,1,0.20419,1
8733608434,3,0.634916,387,0,1,0.20419,1
8733608434,4,0.582902,-7,0,1,0.20419,1
8733608434,5,0.549098,-227,0,2,0.20419,1
8733608434,6,0.587828,483,0,2,0.20419,1
8733608434,7,0.554795,345,-1,2,0.20419,1
8733608434,8,0.582902,189,-1,2,0.20419,1
8733608434,9,0.582902,517,0,1,0.20419,1
8733608434,10,0.526917,694,0,1,0.20419,1
8733608434,11,0.554795,772,0,2,0.20419,1
8733608434,12,0.587828,922,0,3,0.20419,1
8733608434,13,0.591667,1610,0,3,0.20419,1
8733608434,14,0.634916,1718,0,4,0.20419,1
8733608434,15,0.634916,2118,0,5,0.20419,1
8733608434,16,0.634916,2406,0,3,0.20419,1
8733608434,17,0.489796,514,-1,3,0.20419,1
8733608434,18,0.495043,740,-1,1,0.20419,1
8733608434,19,0.413562,-875,-1,1,0.20419,1
8733608434,20,0.410072,-1614,0,0,0.20419,1
8733608434,21,0.412844,-1499,0,0,0.20419,1
8733608434,22,0.380325,-2282,0,-1,0.20419,1
8733608434,23,0.21131,-3341,-3,-2,0.20419,1
8733608434,24,0.045752,-6487,-3,-6,0.20419,1
8733608434,25,0.017442,-10548,-3,-6,0.20419,1
8733639462,0,0.413562,100,0,0,-0.235978,1
8733639462,1,0.436,511,0,0,-0.235978,1
8733639462,2,0.413562,349,0,0,-0.235978,1
8733639462,3,0.413562,379,0,-1,-0.235978,1
8733639462,4,0.380325,-352,0,-1,-0.235978,1
8733639462,5,0.413562,121,0,-1,-0.235978,1
8733639462,6,0.471988,618,0,-1,-0.235978,1
8733639462,7,0.436,822,0,1,-0.235978,1
8733639462,8,0.66539,1663,0,3,-0.235978,1
8733639462,9,0.634916,2493,0,3,-0.235978,1
8733639462,10,0.634916,2850,0,3,-0.235978,1
8733639462,11,0.634916,2268,-1,3,-0.235978,1
8733639462,12,0.489796,2681,-1,2,-0.235978,1
8733639462,13,0.495043,2623,0,3,-0.235978,1
8733639462,14,0.554795,3793,0,3,-0.235978,1
8733639462,15,0.582902,4108,0,3,-0.235978,1
8733639462,16,0.805025,5429,1,7,-0.235978,1
8733639462,17,0.952542,8373,1,8,-0.235978,1
8733639462,18,0.952542,8442,1,9,-0.235978,1
8733639462,19,0.952542,9090,2,9,-0.235978,1
8733639462,20,0.962687,10045,2,9,-0.235978,1
8733639462,21,0.923077,10830,2,9,-0.235978,1
8733639462,22,0.910959,11919,2,8,-0.235978,1
8733639462,23,0.823105,11984,2,6,-0.235978,1
8733639462,24,0.781479,10649,2,6,-0.235978,1
8733639462,25,0.805025,11546,2,6,-0.235978,1
8733639462,26,0.781479,11524,2,3,-0.235978,1
8733639462,27,0.634916,8261,2,3,-0.235978,1
8733639462,28,0.634916,8819,2,2,-0.235978,1
8733639462,29,0.634916,9855,2,1,-0.235978,1
8733639462,30,0.582902,7399,1,1,-0.235978,1
8733639462,31,0.587828,6535,1,0,-0.235978,1
8733639462,32,0.471988,4659,1,-1,-0.235978,1
8733639462,33,0.489796,3412,1,-1,-0.235978,1
8733639462,34,0.495043,4466,1,-1,-0.235978,1
8733639462,35,0.494898,5579,0,-2,-0.235978,1
8733639462,36,0.436,3156,0,-2,-0.235978,1
8733639462,37,0.413562,3685,0,-2,-0.235978,1
8733639462,38,0.413562,3397,0,-3,-0.235978,1
8733639462,39,0.310479,1893,-1,-4,-0.235978,1
8733639462,40,0.272171,-355,-1,-6,-0.235978,1
8733639462,41,0.094293,-2956,-1,-8,-0.235978,1
8733639462,42,0.017442,-6817,-3,-10,-0.235978,1
8733849938,0,0.582902,0,0,0,0.303067,1
8733849938,1,0.634916,179,0,0,0.303067,1
8733849938,2,0.634916,256,0,1,0.303067,1
8733849938,3,0.634916,557,0,1,0.303067,1
8733849938,4,0.634916,248,0,2,0.303067,1
8733849938,5,0.634916,599,0,2,0.303067,1
8733849938,6,0.66539,604,0,3,0.303067,1
8733849938,7,0.634916,509,0,3,0.303067,1
8733849938,8,0.66539,1052,0,4,0.303067,1
8733849938,9,0.66539,1713,0,3,0.303067,1
8733849938,10,0.634916,915,0,5,0.303067,1
8733849938,11,0.634916,838,-1,6,0.303067,1
8733849938,12,0.582902,712,-1,4,0.303067,1
8733849938,13,0.495043,600,-2,3,0.303067,1
8733849938,14,0.413562,-909,-2,-1,0.303067,1
8733849938,15,0.310479,-3039,-2,-3,0.303067,1
8733849938,16,0.19398,-4874,-2,-6,0.303067,1
8733849938,17,0.094293,-7037,-3,-4,0.303067,1
8733849938,18,0.201036,-5151,-3,-5,0.303067,1
8733849938,19,0.201036,-5904,-3,-3,0.303067,1
8733849938,20,0.380325,-4324,-3,-1,0.303067,1
8733849938,21,0.471988,-1826,-3,-1,0.303067,1
8733849938,22,0.471988,-3145,-3,1,0.303067,1
8733849938,23,0.480438,-2267,-3,0,0.303067,1
8733849938,24,0.413562,-3139,-3,-1,0.303067,1
8733849938,25,0.380325,-3918,-3,-2,0.303067,1
8733849938,26,0.378426,-4789,-3,0,0.303067,1
8733849938,27,0.380325,-2348,-3,-2,0.303067,1
8733849938,28,0.310479,-3356,-3,-4,0.303067,1
8733849938,29,0.19398,-5653,-5,-4,0.303067,1
8733849938,30,0.062718,-8199,-5,-7,0.303067,1
8733849938,31,0.017442,-10107,-5,-9,0.303067,1
8733850116,0,0.554795,0,0,0,0.121318,1
8733850116,1,0.549098,-71,0,0,0.121318,1
8733850116,2,0.495043,132,0,-1,0.121318,1
8733850116,3,0.554795,46,0,0,0.121318,1
8733850116,4,0.526917,-130,0,0,0.121318,1
8733850116,5,0.495043,-314,0,0,0.121318,1
8733850116,6,0.495043,-265,0,0,0.121318,1
8733850116,7,0.489796,-382,0,-3,0.121318,1
8733850116,8,0.413562,-1322,0,-4,0.121318,1
8733850116,9,0.413562,-1709,-1,-3,0.121318,1
8733850116,10,0.378426,-1942,-2,-4,0.121318,1
8733850116,11,0.252525,-2983,-3,-4,0.121318,1
8733850116,12,0.296875,-3202,-3,-7,0.121318,1
8733850116,13,0.21131,-4191,-3,-9,0.121318,1
8733850116,14,0.201036,-5266,-3,-8,0.121318,1
8733850116,15,0.208333,-4555,-3,-8,0.121318,1
8733850116,16,0.21131,-4618,-3,-7,0.121318,1
8733850116,17,0.412844,-3679,-4,-7,0.121318,1
8733850116,18,0.380325,-4730,-4,-5,0.121318,1
8733850116,19,0.471988,-3209,-4,-3,0.121318,1
8733850116,20,0.587828,-884,-3,-4,0.121318,1
8733850116,21,0.489796,-1443,-3,-3,0.121318,1
8733850116,22,0.495043,-2242,-3,-3,0.121318,1
8733850116,23,0.413562,-2845,-4,-4,0.121318,1
8733850116,24,0.130542,-4460,-5,-6,0.121318,1
8733850116,25,0.062718,-7833,-6,-6,0.121318,1
8733850116,26,0.031056,-8626,-6,-8,0.121318,1
8733850116,27,0.006849,-10061,-8,-9,0.121318,1
8733850116,28,0.017442,-13515,-8,-6,0.121318,1
8733850116,29,0.062718,-10624,-7,-6,0.121318,1
8733850116,30,0.045752,-8999,-7,-8,0.121318,1
8733850116,31,0.020992,-10140,-8,-10,0.121318,1
8734029478,0,0.591667,0,0,0,0.131887,1
8734029478,1,0.495043,-451,0,0,0.131887,1
8734029478,2,0.489796,-247,0,-1,0.131887,1
8734029478,3,0.480438,-462,0,-1,0.131887,1
8734029478,4,0.494898,-813,0,0,0.131887,1
8734029478,5,0.554795,-465,0,0,0.131887,1
8734029478,6,0.634916,-135,0,1,0.131887,1
8734029478,7,0.634916,462,0,0,0.131887,1
8734029478,8,0.587828,-96,0,0,0.131887,1
8734029478,9,0.634916,42,0,1,0.131887,1
8734029478,10,0.591667,355,0,1,0.131887,1
8734029478,11,0.634916,497,0,2,0.131887,1
8734029478,12,0.66539,1355,0,3,0.131887,1
8734029478,13,0.781479,2241,1,4,0.131887,1
8734029478,14,0.761124,2822,1,4,0.131887,1
8734029478,15,0.66539,3129,2,1,0.131887,1
8734029478,16,0.634916,1695,2,1,0.131887,1
8734029478,17,0.634916,2278,2,2,0.131887,1
8734029478,18,0.66539,3710,2,1,0.131887,1
8734029478,19,0.587828,2247,2,1,0.131887,1
8734029478,20,0.634916,2636,1,1,0.131887,1
8734029478,21,0.634916,2410,1,1,0.131887,1
8734029478,22,0.634916,2833,1,1,0.131887,1
8734029478,23,0.66539,3468,1,2,0.131887,1
8734029478,24,0.781479,5213,1,1,0.131887,1
8734029478,25,0.634916,3396,1,0,0.131887,1
8734029478,26,0.587828,2499,1,-2,0.131887,1
8734029478,27,0.471988,1297,1,-3,0.131887,1
8734029478,28,0.436,249,1,-2,0.131887,1
8734029478,29,0.582902,1261,1,-1,0.131887,1
8734029478,30,0.634916,2793,1,-1,0.131887,1
8734029478,31,0.669951,3868,1,-1,0.131887,1
8734029478,32,0.830357,4683,1,2,0.131887,1
8734029478,33,0.910959,7392,2,2,0.131887,1
8734029478,34,0.923077,9019,3,3,0.131887,1
8734029478,35,0.910931,9672,3,1,0.131887,1
8734029478,36,0.805025,7219,3,0,0.131887,1
8734029478,37,0.634916,4030,3,0,0.131887,1
8734029478,38,0.805025,5464,3,5,0.131887,1
8734029478,39,0.878472,9708,4,5,0.131887,1
8734029478,40,0.972028,13757,5,6,0.131887,1
8734029478,41,0.98731,15654,4,6,0.131887,1
8734029478,42,0.98731,16716,4,6,0.131887,1
8734029478,43,0.976331,17260,4,9,0.131887,1
8734029478,44,0.997,21691,6,11,0.131887,1
8734029478,45,0.997,26822,7,11,0.131887,1
8734082075,0,0.480438,0,0,0,-0.0937946,1
8734082075,1,0.494898,81,0,1,-0.0937946,1
8734082075,2,0.495043,102,0,1,-0.0937946,1
8734082075,3,0.495043,305,0,0,-0.0937946,1
8734082075,4,0.412844,-401,0,0,-0.0937946,1
8734082075,5,0.489796,-207,0,0,-0.0937946,1
8734082075,6,0.495043,290,0,1,-0.0937946,1
8734082075,7,0.526917,820,0,2,-0.0937946,1
8734082075,8,0.634916,955,0,4,-0.0937946,1
8734082075,9,0.577982,757,1,1,-0.0937946,1
8734082075,10,0.549098,727,1,0,-0.0937946,1
8734082075,11,0.436,-413,1,0,-0.0937946,1
8734082075,12,0.378426,-1573,0,-1,-0.0937946,1
8734082075,13,0.310479,-2456,-1,-1,-0.0937946,1
8734082075,14,0.310479,-3026,0,-1,-0.0937946,1
8734082075,15,0.310479,-3623,0,-2,-0.0937946,1
8734082075,16,0.310479,-3771,0,-2,-0.0937946,1
8734082075,17,0.307323,-4385,-1,-2,-0.0937946,1
8734082075,18,0.272171,-5227,0,-2,-0.0937946,1
8734082075,19,0.378426,-4886,0,-1,-0.0937946,1
8734082075,20,0.380325,-4926,0,0,-0.0937946,1
8734082075,21,0.412844,-3296,0,0,-0.0937946,1
8734082075,22,0.413562,-3112,0,0,-0.0937946,1
8734082075,23,0.413562,-3495,-1,-2,-0.0937946,1
8734082075,24,0.277228,-5999,-1,-2,-0.0937946,1
8734082075,25,0.201036,-7972,-2,-2,-0.0937946,1
8734082075,26,0.201036,-8751,-2,-2,-0.0937946,1
8734082075,27,0.19398,-8965,-2,-3,-0.0937946,1
8734082075,28,0.062718,-10454,-3,-7,-0.0937946,1
8734082075,29,0.031056,-14379,-4,-7,-0.0937946,1
8734082075,30,0.017442,-16781,-4,-10,-0.0937946,1
8734082075,31,0.017442,-20413,-4,-10,-0.0937946,1
8734082075,32,0.003,-22165,-5,-12,-0.0937946,1
8734082075,33,0.003,-24483,-5,-12,-0.0937946,1
8734082075,34,0.003,-26408,-5,-17,-0.0937946,1
8734097373,0,0.413562,0,0,0,-0.0875262,1
8734097373,1,0.413562,11,0,1,-0.0875262,1
8734097373,2,0.495043,394,0,2,-0.0875262,1
8734097373,3,0.582902,700,0,2,-0.0875262,1
8734097373,4,0.582902,809,0,2,-0.0875262,1
8734097373,5,0.587828,898,0,3,-0.0875262,1
8734097373,6,0.634916,1217,0,3,-0.0875262,1
8734097373,7,0.489796,773,0,3,-0.0875262,1
8734097373,8,0.634916,1319,0,5,-0.0875262,1
8734097373,9,0.700368,3493,0,6,-0.0875262,1
8734097373,10,0.66539,3178,0,8,-0.0875262,1
8734097373,11,0.823105,4406,0,11,-0.0875262,1
8734097373,12,0.899614,5902,1,7,-0.0875262,1
8734097373,13,0.66539,3965,1,7,-0.0875262,1
8734097373,14,0.66539,4113,1,9,-0.0875262,1
8734097373,15,0.781479,5556,1,7,-0.0875262,1
8734097373,16,0.781479,5199,2,7,-0.0875262,1
8734097373,17,0.830357,5542,3,9,-0.0875262,1
8734097373,18,0.915994,6867,4,9,-0.0875262,1
8734097373,19,0.915994,8161,4,9,-0.0875262,1
8734097373,20,0.952542,8104,5,10,-0.0875262,1
8734097373,21,0.972028,10250,5,11,-0.0875262,1
8734097373,22,0.962687,10498,5,12,-0.0875262,1
8734097373,23,0.992537,11780,6,14,-0.0875262,1
8734097373,24,0.997,13396,7,16,-0.0875262,1
8734097373,25,0.997,18056,7,18,-0.0875262,1
8734097373,26,0.997,19658,7,22,-0.0875262,1
8734368813,0,0.634916,0,0,0,0.531409,1
8734368813,1,0.489796,-677,0,0,0.531409,1
8734368813,2,0.495043,-462,0,0,0.531409,1
8734368813,3,0.549098,-400,0,0,0.531409,1
8734368813,4,0.471988,-942,0,0,0.531409,1
8734368813,5,0.436,-778,0,-1,0.531409,1
8734368813,6,0.378426,-1193,0,-4,0.531409,1
8734368813,7,0.272171,-2820,0,-4,0.531409,1
8734368813,8,0.262069,-2752,-1,-4,0.531409,1
8734368813,9,0.272171,-3027,-1,-4,0.531409,1
8734368813,10,0.277228,-3754,-1,-3,0.531409,1
8734368813,11,0.378426,-3295,0,-3,0.531409,1
8734368813,12,0.378426,-3320,0,-3,0.531409,1
8734368813,13,0.307323,-4401,-1,-4,0.531409,1
8734368813,14,0.296875,-4990,-1,-4,0.531409,1
8734368813,15,0.21131,-5240,-1,-4,0.531409,1
8734368813,16,0.272171,-5018,-2,-3,0.531409,1
8734368813,17,0.21131,-5859,-2,-3,0.531409,1
8734368813,18,0.272171,-5500,-2,-3,0.531409,1
8734368813,19,0.307323,-5591,-2,-4,0.531409,1
8734368813,20,0.272171,-6015,-2,-4,0.531409,1
8734368813,21,0.208333,-6153,-2,-5,0.531409,1
8734368813,22,0.201036,-6429,-2,-6,0.531409,1
8734368813,23,0.201036,-6799,-2,-7,0.531409,1
8734368813,24,0.19398,-7443,-2,-8,0.531409,1
8734368813,25,0.130542,-9272,-2,-8,0.531409,1
8734368813,26,0.19398,-9558,-2,-7,0.531409,1
8734368813,27,0.201036,-8228,-1,-9,0.531409,1
8734368813,28,0.201036,-8757,-1,-9,0.531409,1
8734368813,29,0.201036,-9257,-1,-11,0.531409,1
8734368813,30,0.062718,-10689,-3,-12,0.531409,1
8734368813,31,0.017442,-13843,-2,-13,0.531409,1
8734368813,32,0.031056,-13666,-2,-13,0.531409,1
8734368813,33,0.031056,-13892,-3,-13,0.531409,1
8734368813,34,0.130542,-14216,-3,-11,0.531409,1
8734368813,35,0.272171,-11042,-3,-11,0.531409,1
8734368813,36,0.252525,-11121,-2,-11,0.531409,1
8734368813,37,0.21131,-10302,-3,-11,0.531409,1
8734368813,38,0.21131,-11396,-3,-10,0.531409,1
8734368813,39,0.21131,-10358,-3,-10,0.531409,1
8734368813,40,0.310479,-8723,-3,-7,0.531409,1
8734368813,41,0.634916,-2669,1,-7,0.531409,1
8734368813,42,0.66539,3808,1,-8,0.531409,1
8734368813,43,0.634916,2382,1,-8,0.531409,1
8734368813,44,0.781479,1763,1,-6,0.531409,1
8734368813,45,0.718062,3846,1,-4,0.531409,1
8734368813,46,0.805025,5956,1,-4,0.531409,1
8734368813,47,0.843982,7405,1,-4,0.531409,1
8734368813,48,0.823105,8508,1,-5,0.531409,1
8734368813,49,0.781479,6295,2,-5,0.531409,1
8734368813,50,0.899614,5753,3,0,0.531409,1
8734451968,0,0.471988,100,0,0,-0.172198,1
8734451968,1,0.471988,147,0,0,-0.172198,1
8734451968,2,0.480438,141,0,1,-0.172198,1
8734451968,3,0.526917,449,0,0,-0.172198,1
8734451968,4,0.471988,175,0,0,-0.172198,1
8734451968,5,0.410072,-476,0,-2,-0.172198,1
8734451968,6,0.307323,-1288,0,-2,-0.172198,1
8734451968,7,0.410072,-1225,0,-2,-0.172198,1
8734451968,8,0.412844,-830,0,0,-0.172198,1
8734451968,9,0.471988,518,0,0,-0.172198,1
8734451968,10,0.495043,465,0,0,-0.172198,1
8734451968,11,0.634916,581,1,0,-0.172198,1
8734451968,12,0.634916,1841,1,0,-0.172198,1
8734451968,13,0.582902,1674,1,-2,-0.172198,1
8734451968,14,0.634916,1717,1,-2,-0.172198,1
8734451968,15,0.587828,1719,1,-1,-0.172198,1
8734451968,16,0.634916,2221,2,0,-0.172198,1
8734451968,17,0.634916,3590,2,-1,-0.172198,1
8734451968,18,0.669951,3518,2,0,-0.172198,1
8734451968,19,0.700368,4175,2,0,-0.172198,1
8734451968,20,0.66539,4011,2,0,-0.172198,1
8734451968,21,0.634916,3480,2,1,-0.172198,1
8734451968,22,0.669951,4774,1,1,-0.172198,1
8734451968,23,0.634916,2694,1,3,-0.172198,1
8734451968,24,0.703448,4564,2,1,-0.172198,1
8734451968,25,0.634916,4317,2,0,-0.172198,1
8734451968,26,0.66539,3221,4,0,-0.172198,1
8734451968,27,0.66539,4302,4,-3,-0.172198,1
8734451968,28,0.413562,1165,3,-3,-0.172198,1
8734451968,29,0.413562,-1187,3,-3,-0.172198,1
8734451968,30,0.413562,-412,3,-4,-0.172198,1
8734451968,31,0.412844,-830,2,-4,-0.172198,1
8734451968,32,0.413562,-476,2,-7,-0.172198,1
8734451968,33,0.310479,-3161,1,-7,-0.172198,1
8734451968,34,0.380325,-1682,1,-8,-0.172198,1
8734451968,35,0.33162,-3083,1,-8,-0.172198,1
8734451968,36,0.201036,-2853,1,-12,-0.172198,1
8734451968,37,0.020992,-6656,-1,-13,-0.172198,1
8734451968,38,0.006849,-11468,-1,-17,-0.172198,1
8734456379,0,0.495043,0,0,0,0.024651,1
8734456379,1,0.582902,159,0,0,0.024651,1
8734456379,2,0.495043,9,0,0,0.024651,1
8734456379,3,0.526917,84,0,0,0.024651,1
8734456379,4,0.634916,400,0,0,0.024651,1
8734456379,5,0.582902,370,0,0,0.024651,1
8734456379,6,0.495043,157,0,0,0.024651,1
8734456379,7,0.494898,310,0,-2,0.024651,1
8734456379,8,0.471988,73,-1,-2,0.024651,1
8734456379,9,0.413562,-774,-1,-2,0.024651,1
8734456379,10,0.412844,-1231,-1,-3,0.024651,1
8734456379,11,0.344828,-1905,-2,-4,0.024651,1
8734456379,12,0.310479,-3329,-2,-4,0.024651,1
8734456379,13,0.310479,-3090,-2,-4,0.024651,1
8734456379,14,0.307323,-3404,-3,-4,0.024651,1
8734456379,15,0.262069,-4009,-3,-6,0.024651,1
8734456379,16,0.201036,-5551,-3,-6,0.024651,1
8734456379,17,0.21131,-5525,-3,-6,0.024651,1
8734456379,18,0.201036,-5729,-4,-7,0.024651,1
8734456379,19,0.130542,-6707,-3,-8,0.024651,1
8734456379,20,0.19398,-7718,-3,-7,0.024651,1
8734456379,21,0.277228,-7285,-2,-6,0.024651,1
8734456379,22,0.380325,-5232,-2,-6,0.024651,1
8734456379,23,0.412844,-5349,-2,-5,0.024651,1
8734456379,24,0.412844,-5428,-2,-5,0.024651,1
8734456379,25,0.413562,-4714,-1,-6,0.024651,1
8734456379,26,0.310479,-5206,-3,-7,0.024651,1
8734456379,27,0.21131,-6777,-3,-7,0.024651,1
8734456379,28,0.21131,-6929,-3,-7,0.024651,1
8734456379,29,0.21131,-7339,-3,-7,0.024651,1
8734456379,30,0.21131,-7194,-3,-8,0.024651,1
8734456379,31,0.21131,-7954,-3,-8,0.024651,1
8734456379,32,0.208333,-8856,-3,-8,0.024651,1
8734456379,33,0.208333,-8470,-3,-9,0.024651,1
8734456379,34,0.208333,-8815,-3,-9,0.024651,1
8734456379,35,0.208333,-10143,-3,-9,0.024651,1
8734456379,36,0.21131,-10365,-3,-9,0.024651,1
8734456379,37,0.201036,-10375,-3,-10,0.024651,1
8734456379,38,0.201036,-10643,-3,-11,0.024651,1
8734456379,39,0.201036,-11377,-3,-11,0.024651,1
8734456379,40,0.201036,-11750,-3,-11,0.024651,1
8734456379,41,0.132867,-13855,-3,-13,0.024651,1
8734456379,42,0.031056,-15959,-4,-13,0.024651,1
8734456379,43,0.006849,-18069,-5,-16,0.024651,1
8734456379,44,0.003,-23261,-5,-16,0.024651,1
8734545641,0,0.494898,0,0,0,0.0516452,1
8734545641,1,0.494898,17,0,0,0.0516452,1
8734545641,2,0.489796,-76,0,0,0.0516452,1
8734545641,3,0.471988,-180,0,-1,0.0516452,1
8734545641,4,0.436,-444,0,-1,0.0516452,1
8734545641,5,0.436,-435,0,-1,0.0516452,1
8734545641,6,0.471988,-457,0,-1,0.0516452,1
8734545641,7,0.471988,-528,0,-2,0.0516452,1
8734545641,8,0.413562,-1166,0,-3,0.0516452,1
8734545641,9,0.413562,-1186,0,-3,0.0516452,1
8734545641,10,0.442857,-1423,0,-3,0.0516452,1
8734545641,11,0.471988,-1447,1,-4,0.0516452,1
8734545641,12,0.471988,-1498,1,-5,0.0516452,1
8734545641,13,0.436,-1964,1,-4,0.0516452,1
8734545641,14,0.471988,-2130,1,-3,0.0516452,1
8734545641,15,0.480438,-1581,1,-5,0.0516452,1
8734545641,16,0.413562,-3076,1,-4,0.0516452,1
8734545641,17,0.471988,-3127,1,-3,0.0516452,1
8734545641,18,0.495043,-1799,1,-3,0.0516452,1
8734545641,19,0.494898,-2202,1,-3,0.0516452,1
8734545641,20,0.66539,-1386,3,1,0.0516452,1
8734545641,21,0.823105,3498,4,-2,0.0516452,1
8734545641,22,0.703448,838,3,-2,0.0516452,1
8734545641,23,0.700368,-579,3,0,0.0516452,1
8734545641,24,0.805025,1690,3,0,0.0516452,1
8734545641,25,0.554795,1748,2,-3,0.0516452,1
8734545641,26,0.471988,-3051,2,-4,0.0516452,1
8734545641,27,0.413562,-4090,1,-6,0.0516452,1
8734545641,28,0.21131,-6597,1,-5,0.0516452,1
8734545641,29,0.201036,-6808,1,-7,0.0516452,1
8734545641,30,0.157895,-9689,0,-10,0.0516452,1
8734545641,31,0.062718,-12715,0,-10,0.0516452,1
8734892768,0,0.413562,0,0,0,-0.203463,1
8734892768,1,0.412844,-39,0,-1,-0.203463,1
8734892768,2,0.310479,-504,0,-1,-0.203463,1
8734892768,3,0.307323,-891,0,-1,-0.203463,1
8734892768,4,0.378426,-701,0,-1,-0.203463,1
8734892768,5,0.380325,-501,0,-2,-0.203463,1
8734892768,6,0.380325,-645,0,-2,-0.203463,1
8734892768,7,0.412844,-183,0,-2,-0.203463,1
8734892768,8,0.412844,-204,0,-3,-0.203463,1
8734892768,9,0.412844,-37,0,-3,-0.203463,1
8734892768,10,0.412844,-371,0,-5,-0.203463,1
8734892768,11,0.380325,-464,0,-6,-0.203463,1
8734892768,12,0.380325,-362,0,-7,-0.203463,1
8734892768,13,0.380325,-417,0,-6,-0.203463,1
8734892768,14,0.410072,-184,-1,-7,-0.203463,1
8734892768,15,0.378426,-1150,0,-8,-0.203463,1
8734892768,16,0.344828,-1478,0,-9,-0.203463,1
8734892768,17,0.380325,-1390,-1,-7,-0.203463,1
8734892768,18,0.412844,-1087,-1,-6,-0.203463,1
8734892768,19,0.489796,572,0,-3,-0.203463,1
8734892768,20,0.781479,4062,2,-1,-0.203463,1
8734892768,21,0.952542,6744,2,1,-0.203463,1
8734892768,22,0.976331,8252,3,3,-0.203463,1
8734892768,23,0.992925,10317,5,7,-0.203463,1
8734892768,24,0.997,14120,5,8,-0.203463,1
8734988695,0,0.494898,0,0,-1,0.0516454,1
8734988695,1,0.471988,-300,0,-1,0.0516454,1
8734988695,2,0.436,-438,0,-1,0.0516454,1
8734988695,3,0.471988,-258,0,0,0.0516454,1
8734988695,4,0.554795,276,0,0,0.0516454,1
8734988695,5,0.495043,56,0,1,0.0516454,1
8734988695,6,0.494898,152,0,0,0.0516454,1
8734988695,7,0.526917,87,0,1,0.0516454,1
8734988695,8,0.495043,412,0,0,0.0516454,1
8734988695,9,0.495043,463,-1,0,0.0516454,1
8734988695,10,0.489796,32,-1,1,0.0516454,1
8734988695,11,0.587828,699,-1,2,0.0516454,1
8734988695,12,0.526917,1035,-1,0,0.0516454,1
8734988695,13,0.480438,180,-2,1,0.0516454,1
8734988695,14,0.495043,498,-1,2,0.0516454,1
8734988695,15,0.634916,2332,-1,3,0.0516454,1
8734988695,16,0.634916,2535,0,5,0.0516454,1
8734988695,17,0.703448,4167,0,5,0.0516454,1
8734988695,18,0.718062,4105,0,6,0.0516454,1
8734988695,19,0.761124,4630,0,7,0.0516454,1
8734988695,20,0.805025,6314,0,7,0.0516454,1
8734988695,21,0.805025,6591,0,9,0.0516454,1
8734988695,22,0.830357,7333,0,9,0.0516454,1
8734988695,23,0.823105,8216,0,9,0.0516454,1
8734988695,24,0.910931,8319,1,11,0.0516454,1
8734988695,25,0.952542,10764,3,12,0.0516454,1
8734988695,26,0.992537,13594,4,13,0.0516454,1
8734988695,27,0.992925,17713,4,13,0.0516454,1
8734988695,28,0.992537,17548,4,13,0.0516454,1
8734988695,29,0.972028,18428,4,12,0.0516454,1
8734988695,30,0.962687,15944,4,12,0.0516454,1
8734988695,31,0.952542,15155,4,13,0.0516454,1
8734988695,32,0.923077,15684,4,11,0.0516454,1
8734988695,33,0.952542,15783,4,12,0.0516454,1
8734988695,34,0.962687,17942,5,12,0.0516454,1
8734988695,35,0.972028,19082,5,13,0.0516454,1
8734988695,36,0.992925,19698,8,14,0.0516454,1
8734988695,37,0.997,24772,8,17,0.0516454,1
8735019638,0,0.471988,0,0,0,-0.158462,1
8735019638,1,0.378426,-494,0,0,-0.158462,1
8735019638,2,0.413562,-368,0,-1,-0.158462,1
8735019638,3,0.380325,-563,0,-1,-0.158462,1
8735019638,4,0.413562,-488,0,0,-0.158462,1
8735019638,5,0.413562,-488,0,0,-0.158462,1
8735019638,6,0.413562,-622,0,0,-0.158462,1
8735019638,7,0.412844,-909,0,0,-0.158462,1
8735019638,8,0.412844,-933,0,2,-0.158462,1
8735019638,9,0.494898,148,0,3,-0.158462,1
8735019638,10,0.495043,-68,0,4,-0.158462,1
8735019638,11,0.480438,-257,0,4,-0.158462,1
8735019638,12,0.495043,-170,0,6,-0.158462,1
8735019638,13,0.471988,870,-1,5,-0.158462,1
8735019638,14,0.471988,150,0,6,-0.158462,1
8735019638,15,0.495043,1045,1,7,-0.158462,1
8735019638,16,0.634916,2142,1,7,-0.158462,1
8735019638,17,0.489796,1321,1,7,-0.158462,1
8735019638,18,0.587828,777,1,9,-0.158462,1
8735019638,19,0.634916,2481,1,8,-0.158462,1
8735019638,20,0.526917,2456,1,9,-0.158462,1
8735019638,21,0.549098,2100,1,10,-0.158462,1
8735019638,22,0.582902,3662,0,10,-0.158462,1
8735019638,23,0.471988,3730,0,9,-0.158462,1
8735019638,24,0.442857,3000,0,9,-0.158462,1
8735019638,25,0.413562,2195,0,9,-0.158462,1
8735019638,26,0.495043,3390,0,12,-0.158462,1
8735019638,27,0.634916,4934,0,13,-0.158462,1
8735019638,28,0.66539,6996,0,12,-0.158462,1
8735019638,29,0.66539,5868,0,13,-0.158462,1
8735019638,30,0.843982,5633,1,18,-0.158462,1
8735019638,31,0.923077,11395,2,18,-0.158462,1
8735019638,32,0.915994,13286,2,17,-0.158462,1
8735019638,33,0.910959,12225,2,17,-0.158462,1
8735019638,34,0.761124,10922,1,16,-0.158462,1
8735019638,35,0.66539,9671,1,19,-0.158462,1
8735019638,36,0.66539,11893,1,19,-0.158462,1
8735019638,37,0.781479,12833,1,19,-0.158462,1
8735019638,38,0.843982,12290,2,21,-0.158462,1
8735019638,39,0.952542,15106,3,21,-0.158462,1
8735019638,40,0.992537,18643,4,25,-0.158462,1
8735019638,41,0.992925,22528,5,26,-0.158462,1
8735239684,0,0.494898,0,0,0,0.0726428,1
8735239684,1,0.471988,-362,0,0,0.0726428,1
8735239684,2,0.471988,-292,0,0,0.0726428,1
8735239684,3,0.442857,-493,0,0,0.0726428,1
8735239684,4,0.489796,-220,0,0,0.0726428,1
8735239684,5,0.471988,-46,0,0,0.0726428,1
8735239684,6,0.471988,-88,0,1,0.0726428,1
8735239684,7,0.471988,165,0,1,0.0726428,1
8735239684,8,0.471988,-77,0,0,0.0726428,1
8735239684,9,0.413562,-737,1,1,0.0726428,1
8735239684,10,0.413562,-331,1,0,0.0726428,1
8735239684,11,0.413562,-164,1,1,0.0726428,1
8735239684,12,0.412844,-364,1,1,0.0726428,1
8735239684,13,0.378426,-617,1,0,0.0726428,1
8735239684,14,0.344828,-732,2,1,0.0726428,1
8735239684,15,0.378426,223,2,0,0.0726428,1
8735239684,16,0.359504,-684,2,1,0.0726428,1
8735239684,17,0.378426,-202,2,-1,0.0726428,1
8735239684,18,0.33162,-415,2,0,0.0726428,1
8735239684,19,0.33162,-546,2,0,0.0726428,1
8735239684,20,0.310479,-1529,1,0,0.0726428,1
8735239684,21,0.310479,-2231,2,2,0.0726428,1
8735239684,22,0.413562,-929,2,3,0.0726428,1
8735239684,23,0.489796,180,3,4,0.0726428,1
8735239684,24,0.66539,1834,3,7,0.0726428,1
8735239684,25,0.634916,3664,3,4,0.0726428,1
8735239684,26,0.413562,1285,3,4,0.0726428,1
8735239684,27,0.380325,192,3,3,0.0726428,1
8735239684,28,0.413562,934,3,4,0.0726428,1
8735239684,29,0.378426,1651,2,4,0.0726428,1
8735239684,30,0.471988,2969,2,4,0.0726428,1
8735239684,31,0.489796,4311,2,5,0.0726428,1
8735239684,32,0.781479,5825,3,7,0.0726428,1
8735239684,33,0.899614,9635,5,7,0.0726428,1
8735239684,34,0.805025,12660,5,3,0.0726428,1
8735239684,35,0.582902,6756,4,2,0.0726428,1
8735239684,36,0.413562,4292,4,2,0.0726428,1
8735239684,37,0.489796,6064,4,4,0.0726428,1
8735239684,38,0.805025,9322,4,4,0.0726428,1
8735239684,39,0.923077,12461,4,5,0.0726428,1
8735239684,40,0.952542,13756,4,5,0.0726428,1
8735239684,41,0.952542,14071,4,5,0.0726428,1
8735239684,42,0.972028,15338,5,8,0.0726428,1
8735250651,0,0.489796,0,0,0,0.0679025,1
8735250651,1,0.480438,-98,0,0,0.0679025,1
8735250651,2,0.495043,156,0,0,0.0679025,1
8735250651,3,0.634916,795,0,0,0.0679025,1
8735250651,4,0.634916,1671,0,0,0.0679025,1
8735250651,5,0.66539,1807,0,1,0.0679025,1
8735250651,6,0.700368,2118,0,2,0.0679025,1
8735250651,7,0.669951,3012,0,2,0.0679025,1
8735250651,8,0.66539,2947,0,3,0.0679025,1
8735250651,9,0.634916,2612,0,3,0.0679025,1
8735250651,10,0.634916,2534,0,3,0.0679025,1
8735250651,11,0.634916,3225,0,3,0.0679025,1
8735250651,12,0.634916,3527,0,3,0.0679025,1
8735250651,13,0.634916,3909,0,4,0.0679025,1
8735250651,14,0.781479,5391,1,5,0.0679025,1
8735250651,15,0.781479,6444,2,3,0.0679025,1
8735250651,16,0.700368,5794,2,1,0.0679025,1
8735250651,17,0.582902,4123,1,2,0.0679025,1
8735250651,18,0.582902,4108,2,2,0.0679025,1
8735250651,19,0.634916,4702,2,3,0.0679025,1
8735250651,20,0.703448,5389,3,2,0.0679025,1
8735250651,21,0.700368,5324,2,1,0.0679025,1
8735250651,22,0.634916,4805,2,0,0.0679025,1
8735250651,23,0.634916,4248,2,1,0.0679025,1
8735250651,24,0.634916,5442,1,-2,0.0679025,1
8735250651,25,0.471988,2841,1,-3,0.0679025,1
8735250651,26,0.380325,880,0,-4,0.0679025,1
8735250651,27,0.33162,-1529,0,-5,0.0679025,1
8735250651,28,0.21131,-2590,-1,-6,0.0679025,1
8735250651,29,0.045752,-5967,-3,-9,0.0679025,1
8735250651,30,0.015873,-12282,-3,-10,0.0679025,1
8735250651,31,0.031056,-10225,-3,-10,0.0679025,1
8735250651,32,0.062718,-9463,-3,-9,0.0679025,1
8735250651,33,0.132867,-7808,-2,-9,0.0679025,1
8735250651,34,0.307323,-6663,-2,-9,0.0679025,1
8735250651,35,0.208333,-5404,-2,-12,0.0679025,1
8735250651,36,0.062718,-8689,-4,-13,0.0679025,1
8735430998,0,0.495043,0,0,0,0.025552,1
8735430998,1,0.489796,-137,0,-1,0.025552,1
8735430998,2,0.410072,-625,0,-1,0.025552,1
8735430998,3,0.412844,-679,0,-2,0.025552,1
8735430998,4,0.344828,-1362,0,-3,0.025552,1
8735430998,5,0.310479,-1745,0,-4,0.025552,1
8735430998,6,0.307323,-2215,0,-5,0.025552,1
8735430998,7,0.272171,-3049,0,-5,0.025552,1
8735430998,8,0.307323,-3337,-1,-5,0.025552,1
8735430998,9,0.307323,-4061,-1,-5,0.025552,1
8735430998,10,0.21131,-4663,-1,-7,0.025552,1
8735430998,11,0.201036,-5783,-2,-7,0.025552,1
8735430998,12,0.201036,-6711,-2,-7,0.025552,1
8735430998,13,0.130542,-7216,-2,-9,0.025552,1
8735430998,14,0.21131,-8470,-2,-4,0.025552,1
8735430998,15,0.378426,-5147,-2,-4,0.025552,1
8735430998,16,0.378426,-5128,-2,-2,0.025552,1
8735430998,17,0.412844,-5016,-2,0,0.025552,1
8735430998,18,0.634916,-4305,-2,1,0.025552,1
8735430998,19,0.471988,-2803,-2,-1,0.025552,1
8735430998,20,0.310479,-4434,-2,-6,0.025552,1
8735430998,21,0.132867,-7981,-3,-6,0.025552,1
8735430998,22,0.003,-10938,-5,-9,0.025552,1
8735488686,0,0.495043,-288,0,-1,0.0888347,1
8735488686,1,0.634916,233,0,0,0.0888347,1
8735488686,2,0.669951,506,0,0,0.0888347,1
8735488686,3,0.773481,757,0,0,0.0888347,1
8735488686,4,0.781479,1354,0,0,0.0888347,1
8735488686,5,0.781479,1474,0,0,0.0888347,1
8735488686,6,0.781479,1483,1,1,0.0888347,1
8735488686,7,0.781479,2546,1,0,0.0888347,1
8735488686,8,0.781479,2230,1,2,0.0888347,1
8735488686,9,0.761124,2474,1,2,0.0888347,1
8735488686,10,0.66539,1812,2,2,0.0888347,1
8735488686,11,0.66539,2451,3,2,0.0888347,1
8735488686,12,0.781479,3056,3,2,0.0888347,1
8735488686,13,0.66539,3119,3,3,0.0888347,1
8735488686,14,0.761124,3852,3,2,0.0888347,1
8735488686,15,0.634916,3555,3,1,0.0888347,1
8735488686,16,0.634916,3599,3,1,0.0888347,1
8735488686,17,0.634916,2603,3,3,0.0888347,1
8735488686,18,0.634916,3184,2,3,0.0888347,1
8735488686,19,0.66539,3665,3,3,0.0888347,1
8735488686,20,0.634916,3376,2,3,0.0888347,1
8735488686,21,0.781479,4547,2,5,0.0888347,1
8735488686,22,0.805025,5091,3,6,0.0888347,1
8735488686,23,0.952542,6846,5,7,0.0888347,1
8735488686,24,0.952542,9131,6,6,0.0888347,1
8735488686,25,0.972028,9742,6,8,0.0888347,1
8735488686,26,0.992537,12040,7,8,0.0888347,1
8735488686,27,0.992925,13676,7,8,0.0888347,1
8735488686,28,0.997,13381,8,14,0.0888347,1
8735498697,0,0.495043,0,0,0,0.205789,1
8735498697,1,0.634916,645,0,-1,0.205789,1
8735498697,2,0.634916,456,0,-1,0.205789,1
8735498697,3,0.634916,331,0,-1,0.205789,1
8735498697,4,0.413562,-460,0,-2,0.205789,1
8735498697,5,0.413562,-516,0,-3,0.205789,1
8735498697,6,0.380325,-1257,0,-4,0.205789,1
8735498697,7,0.310479,-2205,0,-5,0.205789,1
8735498697,8,0.307323,-2518,0,-5,0.205789,1
8735498697,9,0.307323,-3079,0,-6,0.205789,1
8735498697,10,0.296875,-2904,1,-9,0.205789,1
8735498697,11,0.296875,-3500,1,-10,0.205789,1
8735498697,12,0.277228,-4077,1,-10,0.205789,1
8735498697,13,0.208333,-4393,0,-9,0.205789,1
8735498697,14,0.21131,-4615,1,-11,0.205789,1
8735498697,15,0.208333,-5244,0,-11,0.205789,1
8735498697,16,0.19398,-6410,0,-14,0.205789,1
8735498697,17,0.130542,-8226,0,-14,0.205789,1
8735498697,18,0.094293,-8602,0,-16,0.205789,1
8735498697,19,0.062718,-9836,-1,-16,0.205789,1
8735498697,20,0.062718,-9902,-1,-19,0.205789,1
8735498697,21,0.045752,-11760,-1,-21,0.205789,1
8735498697,22,0.045752,-14439,-2,-22,0.205789,1
8735498697,23,0.020992,-15101,-2,-22,0.205789,1
8735498697,24,0.045752,-14801,-2,-19,0.205789,1
8735498697,25,0.136364,-10573,-2,-20,0.205789,1
8735498697,26,0.21131,-10181,-2,-16,0.205789,1
8735498697,27,0.380325,-7200,-1,-18,0.205789,1
8735498697,28,0.380325,-7546,-1,-17,0.205789,1
8735498697,29,0.380325,-7602,-1,-16,0.205789,1
8735498697,30,0.413562,-7688,-1,-14,0.205789,1
8735498697,31,0.307323,-6156,-1,-17,0.205789,1
8735498697,32,0.307323,-10010,-1,-17,0.205789,1
8735498697,33,0.130542,-13432,-2,-18,0.205789,1
8735498697,34,0.111628,-14282,-2,-20,0.205789,1
8735498697,35,0.062718,-16281,-2,-18,0.205789,1
8735498697,36,0.307323,-13808,-2,-16,0.205789,1
8735498697,37,0.634916,-9315,0,-15,0.205789,1
8735498697,38,0.843982,-3357,2,-12,0.205789,1
8735617539,0,0.549098,0,0,-1,0.140013,1
8735617539,1,0.549098,-240,0,-1,0.140013,1
8735617539,2,0.582902,-188,0,-1,0.140013,1
8735617539,3,0.577982,-268,0,-1,0.140013,1
8735617539,4,0.480438,-651,0,-2,0.140013,1
8735617539,5,0.413562,-999,0,-2,0.140013,1
8735617539,6,0.471988,-1214,0,0,0.140013,1
8735617539,7,0.471988,-573,0,-2,0.140013,1
8735617539,8,0.436,-1279,-1,-2,0.140013,1
8735617539,9,0.412844,-2005,-2,-2,0.140013,1
8735617539,10,0.413562,-2191,-2,1,0.140013,1
8735617539,11,0.380325,-1249,-3,-1,0.140013,1
8735617539,12,0.33162,-2574,-3,-1,0.140013,1
8735617539,13,0.33162,-2930,-3,-1,0.140013,1
8735617539,14,0.272171,-3880,-3,-3,0.140013,1
8735617539,15,0.21131,-3735,-4,-3,0.140013,1
8735617539,16,0.130542,-5114,-4,-7,0.140013,1
8735617539,17,0.062718,-6693,-5,-8,0.140013,1
8735617539,18,0.045752,-8475,-5,-8,0.140013,1
8735617539,19,0.062718,-8004,-6,-8,0.140013,1
8735617539,20,0.042254,-8555,-6,-11,0.140013,1
8735617539,21,0.020992,-9724,-7,-12,0.140013,1
8735617539,22,0.003,-12811,-7,-14,0.140013,1
8735617539,23,0.003,-15267,-7,-14,0.140013,1
8735617539,24,0.003,-14819,-7,-18,0.140013,1
8735627727,0,0.436,0,0,-1,-0.121814,1
8735627727,1,0.412844,-170,0,-1,-0.121814,1
8735627727,2,0.410072,-193,0,0,-0.121814,1
8735627727,3,0.587828,392,0,2,-0.121814,1
8735627727,4,0.634916,1047,0,3,-0.121814,1
8735627727,5,0.66539,1621,0,4,-0.121814,1
8735627727,6,0.66539,1842,1,4,-0.121814,1
8735627727,7,0.761124,2941,1,6,-0.121814,1
8735627727,8,0.773481,3335,2,6,-0.121814,1
8735627727,9,0.781479,4136,2,6,-0.121814,1
8735627727,10,0.703448,3996,2,5,-0.121814,1
8735627727,11,0.66539,3672,2,3,-0.121814,1
8735627727,12,0.554795,2262,3,2,-0.121814,1
8735627727,13,0.554795,1855,3,2,-0.121814,1
8735627727,14,0.495043,1610,3,2,-0.121814,1
8735627727,15,0.549098,1815,3,3,-0.121814,1
8735627727,16,0.587828,2527,3,2,-0.121814,1
8735627727,17,0.587828,2082,2,2,-0.121814,1
8735627727,18,0.634916,1875,2,2,-0.121814,1
8735627727,19,0.526917,1267,1,0,-0.121814,1
8735627727,20,0.494898,-32,1,-1,-0.121814,1
8735627727,21,0.413562,-1829,1,-1,-0.121814,1
8735627727,22,0.471988,-1076,1,-2,-0.121814,1
8735627727,23,0.380325,-1313,1,-3,-0.121814,1
8735627727,24,0.359504,-2103,1,-5,-0.121814,1
8735627727,25,0.307323,-3494,1,-7,-0.121814,1
8735627727,26,0.19398,-4911,1,-10,-0.121814,1
8735627727,27,0.132867,-7394,1,-10,-0.121814,1
8735627727,28,0.111628,-7783,1,-11,-0.121814,1
8735627727,29,0.062718,-9126,-1,-12,-0.121814,1
8735627727,30,0.020992,-11762,-2,-14,-0.121814,1
8735627727,31,0.042254,-12515,-3,-13,-0.121814,1
8735627727,32,0.031056,-12749,-3,-14,-0.121814,1
8735627727,33,0.062718,-11556,-3,-14,-0.121814,1
8735627727,34,0.062718,-13610,-4,-14,-0.121814,1
8735627727,35,0.094293,-14899,-4,-14,-0.121814,1
8735627727,36,0.003,-15715,-6,-16,-0.121814,1
8735627727,37,0.003,-21909,-6,-19,-0.121814,1
8735819319,0,0.480438,0,0,0,-0.0651156,1
8735819319,1,0.471988,-189,0,0,-0.0651156,1
8735819319,2,0.494898,17,0,0,-0.0651156,1
8735819319,3,0.489796,-31,0,-1,-0.0651156,1
8735819319,4,0.471988,-289,0,1,-0.0651156,1
8735819319,5,0.634916,517,0,0,-0.0651156,1
8735819319,6,0.634916,534,0,1,-0.0651156,1
8735819319,7,0.634916,1152,0,1,-0.0651156,1
8735819319,8,0.66539,800,0,1,-0.0651156,1
8735819319,9,0.66539,1642,0,3,-0.0651156,1
8735819319,10,0.669951,2484,1,3,-0.0651156,1
8735819319,11,0.66539,3024,1,3,-0.0651156,1
8735819319,12,0.634916,2959,0,3,-0.0651156,1
8735819319,13,0.582902,2158,0,3,-0.0651156,1
8735819319,14,0.489796,1844,0,3,-0.0651156,1
8735819319,15,0.413562,1139,1,3,-0.0651156,1
8735819319,16,0.549098,1776,1,7,-0.0651156,1
8735819319,17,0.634916,3469,1,7,-0.0651156,1
8735819319,18,0.634916,3894,1,8,-0.0651156,1
8735819319,19,0.718062,4762,1,9,-0.0651156,1
8735819319,20,0.781479,5395,1,8,-0.0651156,1
8735819319,21,0.634916,4905,1,9,-0.0651156,1
8735819319,22,0.489796,4145,1,5,-0.0651156,1
8735819319,23,0.412844,-63,1,5,-0.0651156,1
8735819319,24,0.252525,-1267,1,4,-0.0651156,1
8735819319,25,0.228571,-2412,0,4,-0.0651156,1
8735819319,26,0.201036,-1862,-2,4,-0.0651156,1
8735819319,27,0.307323,-2235,-2,4,-0.0651156,1
8735819319,28,0.378426,-502,-2,4,-0.0651156,1
8735819319,29,0.33162,-500,-2,3,-0.0651156,1
8735819319,30,0.307323,-1267,-2,3,-0.0651156,1
8735819319,31,0.208333,-2745,-2,2,-0.0651156,1
8735819319,32,0.132867,-3166,-3,-1,-0.0651156,1
8735819319,33,0.045752,-6223,-4,-1,-0.0651156,1
8735819319,34,0.020992,-9986,-5,-1,-0.0651156,1
8735819319,35,0.006849,-11506,-5,-5,-0.0651156,1
8735819319,36,0.003,-14102,-6,-8,-0.0651156,1
8735854783,0,0.494898,0,0,0,0.0595695,1
8735854783,1,0.489796,-9,0,0,0.0595695,1
8735854783,2,0.489796,63,0,0,0.0595695,1
8735854783,3,0.495043,175,0,0,0.0595695,1
8735854783,4,0.554795,324,0,0,0.0595695,1
8735854783,5,0.494898,-145,0,1,0.0595695,1
8735854783,6,0.582902,678,0,1,0.0595695,1
8735854783,7,0.549098,500,0,1,0.0595695,1
8735854783,8,0.526917,568,0,1,0.0595695,1
8735854783,9,0.549098,435,0,2,0.0595695,1
8735854783,10,0.471988,238,0,2,0.0595695,1
8735854783,11,0.634916,1171,0,4,0.0595695,1
8735854783,12,0.66539,2630,0,4,0.0595695,1
8735854783,13,0.669951,3144,1,5,0.0595695,1
8735854783,14,0.634916,3996,1,3,0.0595695,1
8735854783,15,0.634916,3640,1,2,0.0595695,1
8735854783,16,0.582902,2922,0,2,0.0595695,1
8735854783,17,0.549098,3439,-1,0,0.0595695,1
8735854783,18,0.471988,1210,-1,0,0.0595695,1
8735854783,19,0.471988,910,-1,-1,0.0595695,1
8735854783,20,0.413562,371,-1,-2,0.0595695,1
8735854783,21,0.413562,-843,-1,-1,0.0595695,1
8735854783,22,0.489796,-267,-1,0,0.0595695,1
8735854783,23,0.634916,1087,1,0,0.0595695,1
8735854783,24,0.634916,2832,1,0,0.0595695,1
8735854783,25,0.761124,2948,1,3,0.0595695,1
8735854783,26,0.781479,5600,1,1,0.0595695,1
8735854783,27,0.591667,4181,0,-3,0.0595695,1
8735854783,28,0.307323,-1049,-2,-4,0.0595695,1
8735854783,29,0.020992,-5846,-2,-9,0.0595695,1
8735854783,30,0.017442,-10433,-3,-9,0.0595695,1
8735963089,0,0.489796,0,0,0,-0.0259518,1
8735963089,1,0.489796,10,0,0,-0.0259518,1
8735963089,2,0.489796,-159,0,0,-0.0259518,1
8735963089,3,0.634916,486,0,1,-0.0259518,1
8735963089,4,0.634916,508,0,1,-0.0259518,1
8735963089,5,0.582902,350,0,1,-0.0259518,1
8735963089,6,0.495043,244,0,-1,-0.0259518,1
8735963089,7,0.471988,-738,0,0,-0.0259518,1
8735963089,8,0.549098,504,0,1,-0.0259518,1
8735963089,9,0.634916,837,0,6,-0.0259518,1
8735963089,10,0.805025,3011,1,6,-0.0259518,1
8735963089,11,0.843982,3636,1,6,-0.0259518,1
8735963089,12,0.899614,3491,2,8,-0.0259518,1
8735963089,13,0.830357,4804,1,4,-0.0259518,1
8735963089,14,0.549098,1557,1,3,-0.0259518,1
8735963089,15,0.471988,-396,1,5,-0.0259518,1
8735963089,16,0.634916,1294,1,8,-0.0259518,1
8735963089,17,0.634916,2474,1,9,-0.0259518,1
8735963089,18,0.66539,2874,0,9,-0.0259518,1
8735963089,19,0.781479,2136,0,11,-0.0259518,1
8735963089,20,0.78125,2679,0,12,-0.0259518,1
8735963089,21,0.66539,3281,0,12,-0.0259518,1
8735963089,22,0.634916,2854,0,12,-0.0259518,1
8735963089,23,0.66539,2822,0,13,-0.0259518,1
8735963089,24,0.66539,3816,0,13,-0.0259518,1
8735963089,25,0.587828,3279,0,12,-0.0259518,1
8735963089,26,0.582902,3055,0,11,-0.0259518,1
8735963089,27,0.494898,1884,0,11,-0.0259518,1
8735963089,28,0.471988,886,0,12,-0.0259518,1
8735963089,29,0.634916,2462,0,13,-0.0259518,1
8735963089,30,0.915994,3731,1,19,-0.0259518,1
8735963089,31,0.98731,11886,2,19,-0.0259518,1
8735984392,0,0.480438,0,0,0,-0.0660174,1
8735984392,1,0.587828,184,0,1,-0.0660174,1
8735984392,2,0.634916,462,0,1,-0.0660174,1
8735984392,3,0.634916,272,0,0,-0.0660174,1
8735984392,4,0.495043,-70,0,0,-0.0660174,1
8735984392,5,0.495043,-152,0,1,-0.0660174,1
8735984392,6,0.489796,26,0,-1,-0.0660174,1
8735984392,7,0.471988,-380,0,-1,-0.0660174,1
8735984392,8,0.495043,-151,0,-1,-0.0660174,1
8735984392,9,0.582902,633,0,-1,-0.0660174,1
8735984392,10,0.526917,716,-1,-2,-0.0660174,1
8735984392,11,0.489796,-45,-1,-3,-0.0660174,1
8735984392,12,0.489796,247,-1,-2,-0.0660174,1
8735984392,13,0.495043,612,-1,-3,-0.0660174,1
8735984392,14,0.489796,344,-1,-2,-0.0660174,1
8735984392,15,0.554795,354,0,-2,-0.0660174,1
8735984392,16,0.587828,403,1,-2,-0.0660174,1
8735984392,17,0.549098,578,1,-3,-0.0660174,1
8735984392,18,0.471988,-360,1,-6,-0.0660174,1
8735984392,19,0.380325,-2758,-1,-5,-0.0660174,1
8735984392,20,0.413562,-2636,-1,-3,-0.0660174,1
8735984392,21,0.495043,-937,0,0,-0.0660174,1
8735984392,22,0.78125,2397,0,3,-0.0660174,1
8735984392,23,0.915994,4267,1,5,-0.0660174,1
8735984392,24,0.972028,6706,2,10,-0.0660174,1
8736084952,0,0.489796,0,0,0,0.0679024,1
8736084952,1,0.495043,214,0,0,0.0679024,1
8736084952,2,0.526917,249,0,1,0.0679024,1
8736084952,3,0.634916,1017,0,1,0.0679024,1
8736084952,4,0.582902,999,0,-1,0.0679024,1
8736084952,5,0.494898,444,0,-1,0.0679024,1
8736084952,6,0.480438,-202,0,1,0.0679024,1
8736084952,7,0.549098,921,0,1,0.0679024,1
8736084952,8,0.495043,670,0,1,0.0679024,1
8736084952,9,0.494898,854,0,0,0.0679024,1
8736084952,10,0.494898,115,0,1,0.0679024,1
8736084952,11,0.495043,772,0,2,0.0679024,1
8736084952,12,0.495043,1121,0,1,0.0679024,1
8736084952,13,0.480438,615,0,0,0.0679024,1
8736084952,14,0.489796,864,0,0,0.0679024,1
8736084952,15,0.489796,699,1,0,0.0679024,1
8736084952,16,0.495043,1429,1,1,0.0679024,1
8736084952,17,0.495043,1428,2,1,0.0679024,1
8736084952,18,0.549098,2161,1,1,0.0679024,1
8736084952,19,0.471988,935,0,0,0.0679024,1
8736084952,20,0.436,-137,0,-3,0.0679024,1
8736084952,21,0.412844,-3219,0,2,0.0679024,1
8736084952,22,0.587828,1777,1,3,0.0679024,1
8736084952,23,0.66539,4339,1,3,0.0679024,1
8736084952,24,0.781479,4495,1,6,0.0679024,1
8736084952,25,0.972028,7392,3,7,0.0679024,1
8736084952,26,0.962687,11307,3,9,0.0679024,1
8736084952,27,0.98731,13071,4,10,0.0679024,1
8736084952,28,0.992537,14901,4,10,0.0679024,1
8736084952,29,0.98731,15348,4,11,0.0679024,1
8736084952,30,0.992925,17377,5,14,0.0679024,1
8736084952,31,0.997,22182,5,16,0.0679024,1
8736084952,32,0.997,21567,5,17,0.0679024,1
8736127490,0,0.413562,0,0,-1,-0.227101,1
8736127490,1,0.307323,-848,0,-2,-0.227101,1
8736127490,2,0.21131,-1489,0,-3,-0.227101,1
8736127490,3,0.201036,-2677,0,-3,-0.227101,1
8736127490,4,0.132867,-3269,0,-7,-0.227101,1
8736127490,5,0.111628,-4772,0,-7,-0.227101,1
8736127490,6,0.132867,-4517,0,-6,-0.227101,1
8736127490,7,0.111628,-4803,-1,-8,-0.227101,1
8736127490,8,0.062718,-6371,-1,-10,-0.227101,1
8736127490,9,0.031056,-7152,-2,-13,-0.227101,1
8736127490,10,0.031056,-8474,-2,-12,-0.227101,1
8736127490,11,0.020992,-8102,-3,-15,-0.227101,1
8736127490,12,0.017442,-9337,-3,-17,-0.227101,1
8736127490,13,0.015873,-10372,-3,-18,-0.227101,1
8736127490,14,0.015873,-12049,-3,-19,-0.227101,1
8736127490,15,0.006849,-13067,-3,-20,-0.227101,1
8736127490,16,0.006849,-13743,-4,-25,-0.227101,1
8736127490,17,0.015873,-16966,-4,-25,-0.227101,1
8736127490,18,0.017442,-17033,-4,-26,-0.227101,1
8736127490,19,0.006849,-18299,-5,-27,-0.227101,1
8736127490,20,0.003,-18363,-6,-28,-0.227101,1
8736127490,21,0.003,-19930,-6,-31,-0.227101,1
8736127490,22,0.003,-19814,-7,-34,-0.227101,1
8736127490,23,0.003,-22792,-9,-37,-0.227101,1
8736211318,0,0.526917,0,0,0,0.179737,1
8736211318,1,0.495043,-151,0,0,0.179737,1
8736211318,2,0.495043,-156,0,0,0.179737,1
8736211318,3,0.526917,158,0,0,0.179737,1
8736211318,4,0.480438,6,0,-1,0.179737,1
8736211318,5,0.549098,-266,0,0,0.179737,1
8736211318,6,0.549098,54,0,0,0.179737,1
8736211318,7,0.495043,-421,0,0,0.179737,1
8736211318,8,0.489796,-161,0,-1,0.179737,1
8736211318,9,0.471988,-734,1,-2,0.179737,1
8736211318,10,0.480438,-378,1,-1,0.179737,1
8736211318,11,0.442857,-622,1,-1,0.179737,1
8736211318,12,0.436,-989,1,-2,0.179737,1
8736211318,13,0.412844,-1661,2,-4,0.179737,1
8736211318,14,0.380325,-2138,2,-5,0.179737,1
8736211318,15,0.413562,-1795,1,-2,0.179737,1
8736211318,16,0.471988,-21,1,-2,0.179737,1
8736211318,17,0.471988,-1248,1,-1,0.179737,1
8736211318,18,0.587828,8,1,0,0.179737,1
8736211318,19,0.761124,66,1,4,0.179737,1
8736211318,20,0.78125,3549,1,4,0.179737,1
8736211318,21,0.669951,2515,0,4,0.179737,1
8736211318,22,0.703448,2880,0,5,0.179737,1
8736211318,23,0.634916,3207,1,5,0.179737,1
8736211318,24,0.634916,3474,3,5,0.179737,1
8736211318,25,0.851064,3992,4,8,0.179737,1
8736211318,26,0.952542,9834,5,7,0.179737,1
8736211318,27,0.915994,10153,5,7,0.179737,1
8736211318,28,0.923077,10699,5,7,0.179737,1
8736211318,29,0.952542,10436,5,9,0.179737,1
8736211318,30,0.962687,11887,6,9,0.179737,1
8736211318,31,0.98731,14790,6,9,0.179737,1
8736211318,32,0.98731,14221,7,10,0.179737,1
8736211318,33,0.992925,17788,9,10,0.179737,1
8736247594,0,0.549098,0,0,0,0.145364,1
8736247594,1,0.634916,395,0,0,0.145364,1
8736247594,2,0.634916,420,0,0,0.145364,1
8736247594,3,0.634916,584,0,-1,0.145364,1
8736247594,4,0.634916,711,0,-1,0.145364,1
8736247594,5,0.634916,556,0,-1,0.145364,1
8736247594,6,0.587828,545,0,-2,0.145364,1
8736247594,7,0.494898,-49,0,-2,0.145364,1
8736247594,8,0.495043,-61,0,-2,0.145364,1
8736247594,9,0.495043,-597,0,0,0.145364,1
8736247594,10,0.634916,871,0,2,0.145364,1
8736247594,11,0.669951,1763,-1,3,0.145364,1
8736247594,12,0.781479,1911,-2,5,0.145364,1
8736247594,13,0.700368,2106,-1,3,0.145364,1
8736247594,14,0.634916,1431,0,3,0.145364,1
8736247594,15,0.582902,1439,0,2,0.145364,1
8736247594,16,0.471988,253,0,2,0.145364,1
8736247594,17,0.413562,-315,-1,2,0.145364,1
8736247594,18,0.495043,-483,-1,7,0.145364,1
8736247594,19,0.700368,3223,-1,7,0.145364,1
8736247594,20,0.761124,3546,-1,9,0.145364,1
8736247594,21,0.952542,5554,1,13,0.145364,1
8736247594,22,0.976331,8763,2,18,0.145364,1
8736247594,23,0.992925,11976,3,18,0.145364,1
8736272742,0,0.494898,0,0,0,0.0610985,1
8736272742,1,0.489796,-61,0,0,0.0610985,1
8736272742,2,0.582902,238,0,1,0.0610985,1
8736272742,3,0.526917,207,0,1,0.0610985,1
8736272742,4,0.634916,987,0,1,0.0610985,1
8736272742,5,0.634916,911,0,2,0.0610985,1
8736272742,6,0.66539,1606,0,2,0.0610985,1
8736272742,7,0.66539,1855,0,4,0.0610985,1
8736272742,8,0.66539,2502,0,3,0.0610985,1
8736272742,9,0.66539,2441,0,4,0.0610985,1
8736272742,10,0.66539,2740,0,4,0.0610985,1
8736272742,11,0.634916,2919,0,2,0.0610985,1
8736272742,12,0.549098,2071,1,2,0.0610985,1
8736272742,13,0.526917,2850,1,1,0.0610985,1
8736272742,14,0.494898,2358,1,-1,0.0610985,1
8736272742,15,0.471988,1405,1,0,0.0610985,1
8736272742,16,0.494898,1725,2,0,0.0610985,1
8736272742,17,0.526917,2995,1,0,0.0610985,1
8736272742,18,0.489796,989,2,-1,0.0610985,1
8736272742,19,0.471988,513,2,-4,0.0610985,1
8736272742,20,0.413562,-1180,2,-4,0.0610985,1
8736272742,21,0.33162,-2410,0,-8,0.0610985,1
8736272742,22,0.094293,-6636,-1,-11,0.0610985,1
8736272742,23,0.006849,-9140,-2,-16,0.0610985,1
8736339285,0,0.495043,-100,0,0,0.0267015,1
8736339285,1,0.471988,-219,0,0,0.0267015,1
8736339285,2,0.489796,-247,0,0,0.0267015,1
8736339285,3,0.526917,0,0,0,0.0267015,1
8736339285,4,0.634916,107,0,3,0.0267015,1
8736339285,5,0.66539,1187,0,3,0.0267015,1
8736339285,6,0.781479,1744,1,4,0.0267015,1
8736339285,7,0.843982,2594,1,6,0.0267015,1
8736339285,8,0.910959,3480,1,8,0.0267015,1
8736339285,9,0.910931,4035,2,9,0.0267015,1
8736339285,10,0.915994,4990,2,10,0.0267015,1
8736339285,11,0.952542,5444,3,11,0.0267015,1
8736339285,12,0.952542,5781,3,12,0.0267015,1
8736339285,13,0.952542,6177,3,12,0.0267015,1
8736339285,14,0.952542,6841,3,12,0.0267015,1
8736339285,15,0.915994,6824,3,11,0.0267015,1
8736339285,16,0.899614,5977,3,11,0.0267015,1
8736339285,17,0.805025,4890,4,11,0.0267015,1
8736339285,18,0.781479,5166,4,12,0.0267015,1
8736339285,19,0.781479,6342,3,10,0.0267015,1
8736339285,20,0.669951,4388,4,11,0.0267015,1
8736339285,21,0.781479,5399,4,11,0.0267015,1
8736339285,22,0.781479,5684,4,11,0.0267015,1
8736339285,23,0.805025,5779,4,13,0.0267015,1
8736339285,24,0.843982,6668,5,13,0.0267015,1
8736339285,25,0.923077,8704,5,13,0.0267015,1
8736339285,26,0.952542,9440,5,13,0.0267015,1
8736339285,27,0.952542,9914,5,13,0.0267015,1
8736339285,28,0.972028,10828,6,15,0.0267015,1
8736339285,29,0.992925,13285,7,15,0.0267015,1
8736339285,30,0.992925,14442,7,15,0.0267015,1
8736339285,31,0.992925,15831,7,16,0.0267015,1
8736339285,32,0.992925,17308,8,17,0.0267015,1
8736447707,0,0.489796,0,0,0,0.0967698,1
8736447707,1,0.480438,-165,0,0,0.0967698,1
8736447707,2,0.494898,-92,0,0,0.0967698,1
8736447707,3,0.471988,-349,0,0,0.0967698,1
8736447707,4,0.471988,-479,0,0,0.0967698,1
8736447707,5,0.413562,-857,0,0,0.0967698,1
8736447707,6,0.413562,-785,0,0,0.0967698,1
8736447707,7,0.410072,-1267,0,0,0.0967698,1
8736447707,8,0.380325,-1653,0,-1,0.0967698,1
8736447707,9,0.310479,-2546,-1,-1,0.0967698,1
8736447707,10,0.359504,-3083,-1,1,0.0967698,1
8736447707,11,0.410072,-1728,-1,1,0.0967698,1
8736447707,12,0.412844,-1444,-1,1,0.0967698,1
8736447707,13,0.495043,192,0,3,0.0967698,1
8736447707,14,0.591667,1414,-1,2,0.0967698,1
8736447707,15,0.471988,135,-1,2,0.0967698,1
8736447707,16,0.495043,725,-1,2,0.0967698,1
8736447707,17,0.554795,302,-1,4,0.0967698,1
8736447707,18,0.582902,2198,0,4,0.0967698,1
8736447707,19,0.669951,2964,0,6,0.0967698,1
8736447707,20,0.805025,4978,0,8,0.0967698,1
8736447707,21,0.805025,5903,0,7,0.0967698,1
8736447707,22,0.781479,4783,0,9,0.0967698,1
8736447707,23,0.823105,5269,1,9,0.0967698,1
8736447707,24,0.700368,5867,0,8,0.0967698,1
8736447707,25,0.781479,4442,1,12,0.0967698,1
8736447707,26,0.915994,7566,2,11,0.0967698,1
8736447707,27,0.972028,9357,3,15,0.0967698,1
8736447707,28,0.992537,13197,3,15,0.0967698,1
8736447707,29,0.992925,13836,3,19,0.0967698,1
8736447707,30,0.992925,17468,3,19,0.0967698,1
8736504866,0,0.489796,0,0,-1,-0.0390143,1
8736504866,1,0.412844,-925,0,-1,-0.0390143,1
8736504866,2,0.380325,-966,0,-2,-0.0390143,1
8736504866,3,0.380325,-879,0,-2,-0.0390143,1
8736504866,4,0.380325,-979,0,-2,-0.0390143,1
8736504866,5,0.413562,-459,0,-2,-0.0390143,1
8736504866,6,0.436,-456,0,-2,-0.0390143,1
8736504866,7,0.480438,-362,0,-2,-0.0390143,1
8736504866,8,0.413562,-1082,0,-3,-0.0390143,1
8736504866,9,0.412844,-1521,0,-3,-0.0390143,1
8736504866,10,0.378426,-1989,-1,-5,-0.0390143,1
8736504866,11,0.307323,-3205,0,-5,-0.0390143,1
8736504866,12,0.378426,-2228,0,-4,-0.0390143,1
8736504866,13,0.380325,-2257,1,-5,-0.0390143,1
8736504866,14,0.33162,-2361,-1,-7,-0.0390143,1
8736504866,15,0.252525,-4269,-1,-8,-0.0390143,1
8736504866,16,0.296875,-4242,-1,-8,-0.0390143,1
8736504866,17,0.310479,-3151,-1,-9,-0.0390143,1
8736504866,18,0.272171,-4294,-1,-10,-0.0390143,1
8736504866,19,0.21131,-5477,-1,-11,-0.0390143,1
8736504866,20,0.272171,-5291,-1,-13,-0.0390143,1
8736504866,21,0.111628,-7830,-1,-14,-0.0390143,1
8736504866,22,0.111628,-8123,-2,-13,-0.0390143,1
8736504866,23,0.136364,-8085,-2,-12,-0.0390143,1
8736504866,24,0.21131,-7104,-2,-12,-0.0390143,1
8736504866,25,0.208333,-7391,-3,-14,-0.0390143,1
8736504866,26,0.201036,-9304,-4,-14,-0.0390143,1
8736504866,27,0.094293,-10372,-4,-14,-0.0390143,1
8736504866,28,0.132867,-8560,-4,-16,-0.0390143,1
8736504866,29,0.062718,-9765,-5,-18,-0.0390143,1
8736504866,30,0.006849,-12266,-5,-20,-0.0390143,1
8736504866,31,0.003,-15438,-5,-22,-0.0390143,1
8736529530,0,0.413562,0,0,-1,-0.209433,1
8736529530,1,0.413562,-89,0,-1,-0.209433,1
8736529530,2,0.413562,-32,0,-1,-0.209433,1
8736529530,3,0.413562,-145,0,-1,-0.209433,1
8736529530,4,0.412844,-288,0,1,-0.209433,1
8736529530,5,0.495043,474,0,2,-0.209433,1
8736529530,6,0.577982,1165,0,4,-0.209433,1
8736529530,7,0.587828,1746,0,4,-0.209433,1
8736529530,8,0.634916,1771,0,3,-0.209433,1
8736529530,9,0.634916,1545,1,4,-0.209433,1
8736529530,10,0.634916,2715,2,4,-0.209433,1
8736529530,11,0.587828,3324,2,3,-0.209433,1
8736529530,12,0.489796,2665,3,3,-0.209433,1
8736529530,13,0.549098,2949,3,4,-0.209433,1
8736529530,14,0.526917,3471,3,3,-0.209433,1
8736529530,15,0.634916,4159,3,4,-0.209433,1
8736529530,16,0.66539,4662,3,4,-0.209433,1
8736529530,17,0.66539,4617,3,4,-0.209433,1
8736529530,18,0.634916,5013,3,3,-0.209433,1
8736529530,19,0.554795,4714,2,0,-0.209433,1
8736529530,20,0.436,1529,2,0,-0.209433,1
8736529530,21,0.471988,1779,1,-1,-0.209433,1
8736529530,22,0.471988,1072,1,-1,-0.209433,1
8736529530,23,0.413562,908,1,-2,-0.209433,1
8736529530,24,0.413562,-570,1,-2,-0.209433,1
8736529530,25,0.413562,-558,1,-2,-0.209433,1
8736529530,26,0.587828,-1097,2,1,-0.209433,1
8736529530,27,0.66539,1501,2,2,-0.209433,1
8736529530,28,0.66539,1760,2,2,-0.209433,1
8736529530,29,0.805025,1497,4,3,-0.209433,1
8736529530,30,0.805025,3262,5,1,-0.209433,1
8736529530,31,0.700368,1531,4,1,-0.209433,1
8736529530,32,0.582902,-73,4,1,-0.209433,1
8736529530,33,0.495043,172,4,-1,-0.209433,1
8736529530,34,0.412844,-3384,4,-1,-0.209433,1
8736529530,35,0.413562,-2884,3,-1,-0.209433,1
8736529530,36,0.378426,-3088,0,-1,-0.209433,1
8736529530,37,0.208333,-2371,-1,-4,-0.209433,1
8736529530,38,0.062718,-6179,-2,-6,-0.209433,1
8736529530,39,0.017442,-12388,-4,-7,-0.209433,1
8736613632,0,0.471988,-320,0,-2,0.0031729,1
8736613632,1,0.413562,-743,0,-2,0.0031729,1
8736613632,2,0.436,-673,0,-2,0.0031729,1
8736613632,3,0.549098,-268,0,-2,0.0031729,1
8736613632,4,0.526917,-264,0,-2,0.0031729,1
8736613632,5,0.582902,267,0,-2,0.0031729,1
8736613632,6,0.634916,638,0,-2,0.0031729,1
8736613632,7,0.634916,755,0,-2,0.0031729,1
8736613632,8,0.66539,1063,0,0,0.0031729,1
8736613632,9,0.66539,1527,0,-1,0.0031729,1
8736613632,10,0.634916,924,0,-1,0.0031729,1
8736613632,11,0.554795,-201,0,-1,0.0031729,1
8736613632,12,0.587828,489,0,-1,0.0031729,1
8736613632,13,0.549098,539,-1,-1,0.0031729,1
8736613632,14,0.495043,484,-1,-5,0.0031729,1
8736613632,15,0.413562,-1446,-1,-4,0.0031729,1
8736613632,16,0.471988,-1267,-1,-5,0.0031729,1
8736613632,17,0.436,-1352,-1,-5,0.0031729,1
8736613632,18,0.378426,-2334,-1,-9,0.0031729,1
8736613632,19,0.412844,-3734,-1,-9,0.0031729,1
8736613632,20,0.307323,-4458,-1,-10,0.0031729,1
8736613632,21,0.307323,-5190,-1,-12,0.0031729,1
8736613632,22,0.307323,-5289,-1,-12,0.0031729,1
8736613632,23,0.359504,-4814,-2,-12,0.0031729,1
8736613632,24,0.21131,-5655,-3,-13,0.0031729,1
8736613632,25,0.272171,-7143,-4,-12,0.0031729,1
8736613632,26,0.272171,-6372,-5,-14,0.0031729,1
8736613632,27,0.111628,-8704,-6,-16,0.0031729,1
8736613632,28,0.020992,-12892,-6,-20,0.0031729,1
8736613632,29,0.017442,-15700,-6,-21,0.0031729,1
8736748141,0,0.413562,0,0,-1,-0.221601,1
8736748141,1,0.412844,-147,0,-1,-0.221601,1
8736748141,2,0.413562,-23,0,-1,-0.221601,1
8736748141,3,0.413562,-185,0,-3,-0.221601,1
8736748141,4,0.412844,-276,0,-3,-0.221601,1
8736748141,5,0.412844,-167,0,-3,-0.221601,1
8736748141,6,0.412844,-443,0,-3,-0.221601,1
8736748141,7,0.412844,-220,0,-5,-0.221601,1
8736748141,8,0.380325,-829,0,-3,-0.221601,1
8736748141,9,0.471988,-2,0,-2,-0.221601,1
8736748141,10,0.471988,1113,0,-2,-0.221601,1
8736748141,11,0.554795,1739,1,-1,-0.221601,1
8736748141,12,0.634916,2590,0,-2,-0.221601,1
8736748141,13,0.489796,2193,0,-2,-0.221601,1
8736748141,14,0.495043,2991,0,-2,-0.221601,1
8736748141,15,0.471988,2635,0,-4,-0.221601,1
8736748141,16,0.413562,1542,-1,-4,-0.221601,1
8736748141,17,0.413562,1383,-1,-3,-0.221601,1
8736748141,18,0.489796,1987,0,-2,-0.221601,1
8736748141,19,0.489796,3146,0,-3,-0.221601,1
8736748141,20,0.495043,2071,0,-3,-0.221601,1
8736748141,21,0.495043,2068,0,-3,-0.221601,1
8736748141,22,0.495043,2546,0,-3,-0.221601,1
8736748141,23,0.495043,2876,0,-3,-0.221601,1
8736748141,24,0.526917,3578,0,-3,-0.221601,1
8736748141,25,0.587828,3875,0,-2,-0.221601,1
8736748141,26,0.634916,4411,0,-3,-0.221601,1
8736748141,27,0.471988,2541,0,-4,-0.221601,1
8736748141,28,0.413562,1501,0,-6,-0.221601,1
8736748141,29,0.380325,-384,0,-6,-0.221601,1
8736748141,30,0.378426,-319,-2,-6,-0.221601,1
8736748141,31,0.33162,-1487,-2,-5,-0.221601,1
8736748141,32,0.380325,-814,-1,-6,-0.221601,1
8736748141,33,0.413562,106,-1,-7,-0.221601,1
8736748141,34,0.277228,301,-2,-9,-0.221601,1
8736748141,35,0.062718,-3924,-3,-11,-0.221601,1
8736748141,36,0.020992,-9030,-6,-12,-0.221601,1
8736748141,37,0.020992,-14094,-6,-13,-0.221601,1
8736853845,0,0.489796,0,0,1,-0.0445235,1
8736853845,1,0.634916,425,0,0,-0.0445235,1
8736853845,2,0.489796,88,0,0,-0.0445235,1
8736853845,3,0.471988,-176,0,-1,-0.0445235,1
8736853845,4,0.413562,-296,0,-2,-0.0445235,1
8736853845,5,0.413562,-608,0,-1,-0.0445235,1
8736853845,6,0.495043,288,0,-1,-0.0445235,1
8736853845,7,0.494898,428,0,-2,-0.0445235,1
8736853845,8,0.471988,-12,-1,-2,-0.0445235,1
8736853845,9,0.413562,-833,-1,-3,-0.0445235,1
8736853845,10,0.359504,-1570,-2,-3,-0.0445235,1
8736853845,11,0.310479,-1477,-3,-4,-0.0445235,1
8736853845,12,0.307323,-2316,-3,-4,-0.0445235,1
8736853845,13,0.296875,-2443,-3,-4,-0.0445235,1
8736853845,14,0.208333,-3197,-4,-7,-0.0445235,1
8736853845,15,0.090909,-6116,-4,-10,-0.0445235,1
8736853845,16,0.031056,-8075,-5,-12,-0.0445235,1
8736853845,17,0.020992,-9902,-6,-13,-0.0445235,1
8736853845,18,0.020992,-10132,-5,-15,-0.0445235,1
8736853845,19,0.020992,-10520,-5,-15,-0.0445235,1
8736853845,20,0.031056,-9186,-6,-18,-0.0445235,1
8736853845,21,0.003,-11816,-7,-19,-0.0445235,1
8736853845,22,0.003,-12490,-7,-20,-0.0445235,1
8736853845,23,0.003,-12310,-7,-21,-0.0445235,1
8736853845,24,0.003,-12435,-7,-22,-0.0445235,1
8736853845,25,0.003,-14078,-8,-23,-0.0445235,1
8736853845,26,0.003,-16154,-8,-23,-0.0445235,1
8736853845,27,0.003,-15667,-8,-23,-0.0445235,1
8736853845,28,0.020992,-14857,-8,-21,-0.0445235,1
8736853845,29,0.020992,-13303,-8,-24,-0.0445235,1
8736853845,30,0.015873,-15405,-9,-24,-0.0445235,1
8736853845,31,0.003,-19088,-10,-29,-0.0445235,1
8736855860,0,0.549098,0,0,0,0.223268,1
8736855860,1,0.587828,138,0,1,0.223268,1
8736855860,2,0.634916,420,0,1,0.223268,1
8736855860,3,0.66539,622,0,1,0.223268,1
8736855860,4,0.634916,493,0,1,0.223268,1
8736855860,5,0.582902,58,0,2,0.223268,1
8736855860,6,0.634916,724,0,1,0.223268,1
8736855860,7,0.549098,374,0,1,0.223268,1
8736855860,8,0.489796,-304,0,1,0.223268,1
8736855860,9,0.471988,-745,0,2,0.223268,1
8736855860,10,0.489796,-104,0,1,0.223268,1
8736855860,11,0.436,-771,0,0,0.223268,1
8736855860,12,0.494898,-748,1,2,0.223268,1
8736855860,13,0.634916,1252,1,2,0.223268,1
8736855860,14,0.634916,1693,2,0,0.223268,1
8736855860,15,0.634916,1713,1,-2,0.223268,1
8736855860,16,0.489796,-142,1,-2,0.223268,1
8736855860,17,0.413562,-1091,1,-5,0.223268,1
8736855860,18,0.378426,-2727,0,-6,0.223268,1
8736855860,19,0.378426,-3080,0,-8,0.223268,1
8736855860,20,0.33162,-3600,0,-8,0.223268,1
8736855860,21,0.378426,-3811,0,-9,0.223268,1
8736855860,22,0.21131,-4112,-1,-14,0.223268,1
8736855860,23,0.062718,-8078,-2,-14,0.223268,1
8736855860,24,0.062718,-8917,-2,-16,0.223268,1
8736855860,25,0.062718,-9214,-2,-16,0.223268,1
8736855860,26,0.130542,-7212,-2,-16,0.223268,1
8736855860,27,0.19398,-6418,-3,-17,0.223268,1
8736855860,28,0.132867,-6989,-3,-19,0.223268,1
8736855860,29,0.21131,-7169,-3,-18,0.223268,1
8736855860,30,0.21131,-7133,-3,-18,0.223268,1
8736855860,31,0.252525,-6075,-3,-18,0.223268,1
8736855860,32,0.094293,-5900,-5,-21,0.223268,1
8736855860,33,0.020992,-10618,-5,-24,0.223268,1
8736966821,0,0.494898,0,0,0,0.0516454,1
8736966821,1,0.549098,164,0,0,0.0516454,1
8736966821,2,0.554795,149,0,0,0.0516454,1
8736966821,3,0.494898,-185,0,1,0.0516454,1
8736966821,4,0.526917,48,0,2,0.0516454,1
8736966821,5,0.495043,-235,0,2,0.0516454,1
8736966821,6,0.526917,22,0,3,0.0516454,1
8736966821,7,0.587828,317,0,4,0.0516454,1
8736966821,8,0.634916,791,0,4,0.0516454,1
8736966821,9,0.582902,490,0,5,0.0516454,1
8736966821,10,0.480438,150,0,5,0.0516454,1
8736966821,11,0.471988,-10,1,4,0.0516454,1
8736966821,12,0.471988,980,1,5,0.0516454,1
8736966821,13,0.413562,1307,2,5,0.0516454,1
8736966821,14,0.471988,1576,2,7,0.0516454,1
8736966821,15,0.495043,2184,3,8,0.0516454,1
8736966821,16,0.634916,2882,3,10,0.0516454,1
8736966821,17,0.805025,5083,3,12,0.0516454,1
8736966821,18,0.781479,4909,3,12,0.0516454,1
8736966821,19,0.805025,4904,3,13,0.0516454,1
8736966821,20,0.781479,5217,3,13,0.0516454,1
8736966821,21,0.78125,7113,3,12,0.0516454,1
8736966821,22,0.634916,5414,3,13,0.0516454,1
8736966821,23,0.66539,5803,3,15,0.0516454,1
8736966821,24,0.718062,6852,3,14,0.0516454,1
8736966821,25,0.761124,7060,3,14,0.0516454,1
8736966821,26,0.781479,7632,3,15,0.0516454,1
8736966821,27,0.66539,6779,3,15,0.0516454,1
8736966821,28,0.634916,6197,2,18,0.0516454,1
8736966821,29,0.781479,6749,2,19,0.0516454,1
8736966821,30,0.952542,8665,5,20,0.0516454,1
8736966821,31,0.976331,10461,5,21,0.0516454,1
8736966821,32,0.992925,12560,5,24,0.0516454,1
8736966821,33,0.997,15991,7,28,0.0516454,1
8736966821,34,0.997,21464,7,28,0.0516454,1
8736977138,0,0.413562,0,0,0,-0.218963,1
8736977138,1,0.413562,-51,0,0,-0.218963,1
8736977138,2,0.413562,74,0,0,-0.218963,1
8736977138,3,0.412844,-68,0,1,-0.218963,1
8736977138,4,0.436,-10,0,2,-0.218963,1
8736977138,5,0.471988,338,0,2,-0.218963,1
8736977138,6,0.471988,513,0,2,-0.218963,1
8736977138,7,0.489796,372,1,4,-0.218963,1
8736977138,8,0.634916,1732,1,5,-0.218963,1
8736977138,9,0.66539,1759,1,6,-0.218963,1
8736977138,10,0.634916,1755,1,6,-0.218963,1
8736977138,11,0.669951,2440,2,7,-0.218963,1
8736977138,12,0.703448,3498,2,7,-0.218963,1
8736977138,13,0.634916,2494,3,7,-0.218963,1
8736977138,14,0.634916,2913,3,7,-0.218963,1
8736977138,15,0.66539,3409,3,8,-0.218963,1
8736977138,16,0.66539,4917,3,6,-0.218963,1
8736977138,17,0.489796,3181,3,6,-0.218963,1
8736977138,18,0.582902,3441,4,6,-0.218963,1
8736977138,19,0.471988,3697,4,7,-0.218963,1
8736977138,20,0.577982,4111,4,6,-0.218963,1
8736977138,21,0.526917,2780,4,7,-0.218963,1
8736977138,22,0.66539,3967,5,9,-0.218963,1
8736977138,23,0.781479,5004,6,11,-0.218963,1
8736977138,24,0.910959,7549,6,11,-0.218963,1
8736977138,25,0.952542,7803,6,12,-0.218963,1
8736977138,26,0.923077,7998,6,12,-0.218963,1
8736977138,27,0.952542,8739,6,15,-0.218963,1
8736977138,28,0.992925,11041,7,18,-0.218963,1
8736977138,29,0.997,14183,7,22,-0.218963,1
8736977138,30,0.997,16799,7,21,-0.218963,1
8736977138,31,0.997,15954,7,24,-0.218963,1
8736977138,32,0.997,18269,9,26,-0.218963,1
8736977138,33,0.997,23747,10,29,-0.218963,1
8737131804,0,0.591667,0,0,0,0.131887,1
8737131804,1,0.634916,206,0,0,0.131887,1
8737131804,2,0.634916,141,0,0,0.131887,1
8737131804,3,0.582902,53,0,-1,0.131887,1
8737131804,4,0.436,-777,0,-3,0.131887,1
8737131804,5,0.412844,-1242,0,-3,0.131887,1
8737131804,6,0.413562,-1213,0,-4,0.131887,1
8737131804,7,0.436,-1206,0,-5,0.131887,1
8737131804,8,0.412844,-1455,0,-6,0.131887,1
8737131804,9,0.436,-1092,0,-5,0.131887,1
8737131804,10,0.480438,-94,0,-6,0.131887,1
8737131804,11,0.495043,-176,0,-6,0.131887,1
8737131804,12,0.495043,-15,0,-8,0.131887,1
8737131804,13,0.471988,-443,-1,-8,0.131887,1
8737131804,14,0.413562,-1213,0,-6,0.131887,1
8737131804,15,0.436,-135,0,-6,0.131887,1
8737131804,16,0.436,127,0,-6,0.131887,1
8737131804,17,0.442857,23,0,-6,0.131887,1
8737131804,18,0.413562,-1053,0,-6,0.131887,1
8737131804,19,0.471988,-385,1,-6,0.131887,1
8737131804,20,0.489796,422,1,-3,0.131887,1
8737131804,21,0.634916,3430,1,-2,0.131887,1
8737131804,22,0.805025,4558,1,0,0.131887,1
8737131804,23,0.823105,5135,1,0,0.131887,1
8737131804,24,0.899614,5667,3,1,0.131887,1
8737131804,25,0.761124,6414,2,0,0.131887,1
8737131804,26,0.66539,5271,2,1,0.131887,1
8737131804,27,0.634916,5614,2,-1,0.131887,1
8737131804,28,0.495043,4274,2,1,0.131887,1
8737131804,29,0.66539,6961,2,1,0.131887,1
8737131804,30,0.66539,7650,2,1,0.131887,1
8737131804,31,0.634916,6885,2,0,0.131887,1
8737131804,32,0.805025,8221,3,2,0.131887,1
8737131804,33,0.781479,9826,4,1,0.131887,1
8737131804,34,0.781479,10109,4,1,0.131887,1
8737131804,35,0.761124,11168,4,1,0.131887,1
8737131804,36,0.781479,10920,4,2,0.131887,1
8737131804,37,0.781479,13316,4,2,0.131887,1
8737131804,38,0.923077,13156,4,6,0.131887,1
8737131804,39,0.997,16679,7,6,0.131887,1
8737131804,40,0.997,23204,8,8,0.131887,1
8737195284,0,0.582902,0,0,0,0.307695,1
8737195284,1,0.526917,-362,0,0,0.307695,1
8737195284,2,0.489796,-556,0,0,0.307695,1
8737195284,3,0.413562,-811,0,-1,0.307695,1
8737195284,4,0.413562,-1219,0,-1,0.307695,1
8737195284,5,0.380325,-1316,0,-1,0.307695,1
8737195284,6,0.380325,-1654,0,-2,0.307695,1
8737195284,7,0.380325,-2055,0,-2,0.307695,1
8737195284,8,0.378426,-2056,0,-2,0.307695,1
8737195284,9,0.380325,-2232,1,-4,0.307695,1
8737195284,10,0.359504,-2504,0,-4,0.307695,1
8737195284,11,0.378426,-2647,0,-4,0.307695,1
8737195284,12,0.378426,-2705,0,-5,0.307695,1
8737195284,13,0.378426,-3593,0,-4,0.307695,1
8737195284,14,0.413562,-2721,0,-5,0.307695,1
8737195284,15,0.380325,-3631,1,-5,0.307695,1
8737195284,16,0.412844,-3512,0,-5,0.307695,1
8737195284,17,0.413562,-3676,0,-5,0.307695,1
8737195284,18,0.412844,-3460,0,-6,0.307695,1
8737195284,19,0.344828,-4713,0,-6,0.307695,1
8737195284,20,0.307323,-5466,0,-7,0.307695,1
8737195284,21,0.296875,-6222,0,-6,0.307695,1
8737195284,22,0.380325,-4117,-1,-9,0.307695,1
8737195284,23,0.175,-6857,-2,-11,0.307695,1
8737195284,24,0.025641,-9827,-3,-16,0.307695,1
8737195284,25,0.003,-13851,-4,-16,0.307695,1
8737195284,26,0.003,-15962,-4,-23,0.307695,1
8737195284,27,0.003,-19617,-4,-23,0.307695,1
8737346226,0,0.549098,0,0,0,0.254437,1
8737346226,1,0.634916,218,0,0,0.254437,1
8737346226,2,0.66539,468,0,0,0.254437,1
8737346226,3,0.634916,530,0,0,0.254437,1
8737346226,4,0.634916,560,0,1,0.254437,1
8737346226,5,0.66539,1327,0,1,0.254437,1
8737346226,6,0.66539,1203,0,4,0.254437,1
8737346226,7,0.781479,2095,1,5,0.254437,1
8737346226,8,0.843982,2937,1,6,0.254437,1
8737346226,9,0.781479,3174,0,4,0.254437,1
8737346226,10,0.700368,2437,0,6,0.254437,1
8737346226,11,0.781479,3845,1,5,0.254437,1
8737346226,12,0.66539,3115,1,3,0.254437,1
8737346226,13,0.634916,1772,1,1,0.254437,1
8737346226,14,0.495043,493,1,0,0.254437,1
8737346226,15,0.480438,494,1,-1,0.254437,1
8737346226,16,0.471988,223,1,-2,0.254437,1
8737346226,17,0.471988,-561,1,0,0.254437,1
8737346226,18,0.582902,1665,1,-2,0.254437,1
8737346226,19,0.634916,172,1,0,0.254437,1
8737346226,20,0.587828,1261,1,-2,0.254437,1
8737346226,21,0.480438,434,0,-3,0.254437,1
8737346226,22,0.378426,-1192,-1,-8,0.254437,1
8737346226,23,0.252525,-5590,-1,-7,0.254437,1
8737346226,24,0.307323,-4121,-1,-7,0.254437,1
8737346226,25,0.33162,-3356,-1,-7,0.254437,1
8737346226,26,0.310479,-4387,-1,-6,0.254437,1
8737346226,27,0.554795,-4196,0,-3,0.254437,1
8737346226,28,0.718062,440,1,-4,0.254437,1
8737346226,29,0.669951,-206,1,-4,0.254437,1
8737346226,30,0.773481,-298,1,-3,0.254437,1
8737346226,31,0.700368,395,1,-3,0.254437,1
8737346226,32,0.781479,466,1,1,0.254437,1
8737346226,33,0.952542,4537,3,1,0.254437,1
8737346226,34,0.992537,8133,4,5,0.254437,1
8737453810,0,0.587828,403,0,1,0.187987,1
8737453810,1,0.634916,272,0,1,0.187987,1
8737453810,2,0.66539,724,0,1,0.187987,1
8737453810,3,0.634916,740,0,1,0.187987,1
8737453810,4,0.634916,859,0,1,0.187987,1
8737453810,5,0.634916,992,0,0,0.187987,1
8737453810,6,0.549098,397,0,0,0.187987,1
8737453810,7,0.471988,-250,0,-1,0.187987,1
8737453810,8,0.378426,-1736,0,-2,0.187987,1
8737453810,9,0.310479,-2257,0,-4,0.187987,1
8737453810,10,0.296875,-2947,0,-5,0.187987,1
8737453810,11,0.21131,-3714,-1,-7,0.187987,1
8737453810,12,0.111628,-5944,-1,-8,0.187987,1
8737453810,13,0.130542,-6562,-1,-6,0.187987,1
8737453810,14,0.252525,-6044,-1,-3,0.187987,1
8737453810,15,0.378426,-4765,-1,-1,0.187987,1
8737453810,16,0.412844,-4187,-1,-1,0.187987,1
8737453810,17,0.413562,-4297,-1,0,0.187987,1
8737453810,18,0.380325,-4360,-1,-3,0.187987,1
8737453810,19,0.19398,-6643,-1,-6,0.187987,1
8737453810,20,0.062718,-8960,-2,-9,0.187987,1
8737453810,21,0.003,-12753,-5,-9,0.187987,1
8737453810,22,0.003,-16927,-5,-10,0.187987,1
8737453810,23,0.003,-15694,-5,-11,0.187987,1
8737453810,24,0.003,-16972,-5,-16,0.187987,1
8737511589,0,0.489796,-125,0,0,-0.0316245,1
8737511589,1,0.526917,133,0,0,-0.0316245,1
8737511589,2,0.634916,251,0,-1,-0.0316245,1
8737511589,3,0.489796,-186,0,1,-0.0316245,1
8737511589,4,0.495043,145,0,1,-0.0316245,1
8737511589,5,0.494898,-125,0,1,-0.0316245,1
8737511589,6,0.495043,-91,0,2,-0.0316245,1
8737511589,7,0.526917,119,0,3,-0.0316245,1
8737511589,8,0.495043,426,0,2,-0.0316245,1
8737511589,9,0.495043,95,0,3,-0.0316245,1
8737511589,10,0.495043,205,0,3,-0.0316245,1
8737511589,11,0.495043,-75,0,5,-0.0316245,1
8737511589,12,0.495043,779,-1,3,-0.0316245,1
8737511589,13,0.489796,-233,-2,4,-0.0316245,1
8737511589,14,0.494898,-404,-1,4,-0.0316245,1
8737511589,15,0.526917,61,-1,3,-0.0316245,1
8737511589,16,0.471988,-871,-1,3,-0.0316245,1
8737511589,17,0.549098,61,-1,4,-0.0316245,1
8737511589,18,0.587828,882,-1,4,-0.0316245,1
8737511589,19,0.587828,1579,-1,5,-0.0316245,1
8737511589,20,0.591667,1726,-1,4,-0.0316245,1
8737511589,21,0.495043,533,-1,4,-0.0316245,1
8737511589,22,0.526917,1327,-1,4,-0.0316245,1
8737511589,23,0.436,-154,-1,2,-0.0316245,1
8737511589,24,0.410072,-1418,0,2,-0.0316245,1
8737511589,25,0.495043,-1093,0,4,-0.0316245,1
8737511589,26,0.526917,7,0,5,-0.0316245,1
8737511589,27,0.495043,1674,0,2,-0.0316245,1
8737511589,28,0.436,-1475,-1,2,-0.0316245,1
8737511589,29,0.471988,-1762,-1,4,-0.0316245,1
8737511589,30,0.494898,-476,-1,6,-0.0316245,1
8737511589,31,0.634916,3471,-1,7,-0.0316245,1
8737511589,32,0.805025,4119,-1,9,-0.0316245,1
8737511589,33,0.910931,6676,-1,10,-0.0316245,1
8737511589,34,0.843982,6655,-1,10,-0.0316245,1
8737511589,35,0.843982,6657,-1,12,-0.0316245,1
8737511589,36,0.915994,8332,1,12,-0.0316245,1
8737511589,37,0.915994,12248,2,12,-0.0316245,1
8737511589,38,0.915994,13547,3,12,-0.0316245,1
8737511589,39,0.952542,14793,3,14,-0.0316245,1
8737511589,40,0.985507,16469,5,14,-0.0316245,1
8737511589,41,0.997,21162,5,17,-0.0316245,1
8737561100,0,0.494898,0,0,0,0.0758308,1
8737561100,1,0.582902,238,0,0,0.0758308,1
8737561100,2,0.634916,498,0,-1,0.0758308,1
8737561100,3,0.495043,115,0,1,0.0758308,1
8737561100,4,0.495043,273,0,1,0.0758308,1
8737561100,5,0.495043,372,0,0,0.0758308,1
8737561100,6,0.471988,-338,0,-1,0.0758308,1
8737561100,7,0.413562,-906,0,-1,0.0758308,1
8737561100,8,0.413562,-832,0,-2,0.0758308,1
8737561100,9,0.33162,-2004,-1,-2,0.0758308,1
8737561100,10,0.378426,-2503,-1,1,0.0758308,1
8737561100,11,0.413562,-1120,-1,0,0.0758308,1
8737561100,12,0.412844,-1669,-3,4,0.0758308,1
8737561100,13,0.554795,-1316,-2,4,0.0758308,1
8737561100,14,0.495043,-166,-2,2,0.0758308,1
8737561100,15,0.413562,-488,-3,-1,0.0758308,1
8737561100,16,0.310479,-3068,-3,-2,0.0758308,1
8737561100,17,0.252525,-3833,-3,-3,0.0758308,1
8737561100,18,0.21131,-3680,-3,-4,0.0758308,1
8737561100,19,0.130542,-4756,-4,-6,0.0758308,1
8737561100,20,0.045752,-6496,-5,-11,0.0758308,1
8737561100,21,0.003,-10017,-7,-9,0.0758308,1
8737561100,22,0.015873,-9825,-7,-9,0.0758308,1
8737561100,23,0.020992,-9406,-7,-8,0.0758308,1
8737561100,24,0.062718,-8540,-7,-8,0.0758308,1
8737561100,25,0.062718,-7813,-7,-12,0.0758308,1
8737673659,0,0.489796,0,0,1,0.104413,1
8737673659,1,0.634916,425,0,1,0.104413,1
8737673659,2,0.66539,566,0,0,0.104413,1
8737673659,3,0.669951,766,0,0,0.104413,1
8737673659,4,0.634916,679,0,1,0.104413,1
8737673659,5,0.66539,1198,0,2,0.104413,1
8737673659,6,0.669951,1746,1,2,0.104413,1
8737673659,7,0.700368,2846,1,0,0.104413,1
8737673659,8,0.634916,1573,1,0,0.104413,1
8737673659,9,0.634916,1668,1,0,0.104413,1
8737673659,10,0.495043,1235,1,-2,0.104413,1
8737673659,11,0.413562,-45,1,-1,0.104413,1
8737673659,12,0.489796,1256,2,-1,0.104413,1
8737673659,13,0.495043,1586,3,-1,0.104413,1
8737673659,14,0.495043,2308,2,-2,0.104413,1
8737673659,15,0.526917,2005,2,-2,0.104413,1
8737673659,16,0.554795,2304,2,-3,0.104413,1
8737673659,17,0.489796,1983,1,-3,0.104413,1
8737673659,18,0.471988,1153,1,-3,0.104413,1
8737673659,19,0.495043,2364,1,-3,0.104413,1
8737673659,20,0.554795,2811,1,-2,0.104413,1
8737673659,21,0.634916,4846,1,-2,0.104413,1
8737673659,22,0.762712,5055,1,2,0.104413,1
8737673659,23,0.878472,7397,2,2,0.104413,1
8737673659,24,0.923077,9506,2,3,0.104413,1
8737673659,25,0.923077,9343,3,3,0.104413,1
8737673659,26,0.952542,11774,3,3,0.104413,1
8737673659,27,0.899614,12118,3,3,0.104413,1
8737673659,28,0.843982,11645,3,3,0.104413,1
8737673659,29,0.923077,11840,3,7,0.104413,1
8737673659,30,0.952542,16364,3,7,0.104413,1
8737673659,31,0.98731,18633,4,7,0.104413,1
8737673659,32,0.992537,19129,5,7,0.104413,1
8737673659,33,0.992925,20509,5,10,0.104413,1
8737732388,0,0.582902,0,0,0,0.160814,1
8737732388,1,0.554795,-64,0,0,0.160814,1
8737732388,2,0.634916,194,0,0,0.160814,1
8737732388,3,0.634916,445,0,0,0.160814,1
8737732388,4,0.495043,146,0,-1,0.160814,1
8737732388,5,0.587828,-284,0,0,0.160814,1
8737732388,6,0.582902,209,0,-1,0.160814,1
8737732388,7,0.495043,47,0,-3,0.160814,1
8737732388,8,0.495043,-238,0,-3,0.160814,1
8737732388,9,0.526917,13,0,-3,0.160814,1
8737732388,10,0.526917,-58,0,-1,0.160814,1
8737732388,11,0.554795,375,1,-1,0.160814,1
8737732388,12,0.587828,533,1,-1,0.160814,1
8737732388,13,0.587828,611,1,-1,0.160814,1
8737732388,14,0.489796,-627,0,-3,0.160814,1
8737732388,15,0.413562,-1475,-1,-3,0.160814,1
8737732388,16,0.413562,-2202,0,-2,0.160814,1
8737732388,17,0.471988,-852,0,-1,0.160814,1
8737732388,18,0.526917,-2,0,0,0.160814,1
8737732388,19,0.582902,-64,0,0,0.160814,1
8737732388,20,0.634916,826,0,0,0.160814,1
8737732388,21,0.549098,-300,0,1,0.160814,1
8737732388,22,0.634916,-76,0,3,0.160814,1
8737732388,23,0.634916,2241,0,3,0.160814,1
8737732388,24,0.587828,1673,0,1,0.160814,1
8737732388,25,0.471988,-444,-1,1,0.160814,1
8737732388,26,0.480438,-1490,0,3,0.160814,1
8737732388,27,0.66539,-350,1,3,0.160814,1
8737732388,28,0.634916,197,1,3,0.160814,1
8737732388,29,0.66539,294,1,3,0.160814,1
8737732388,30,0.66539,314,1,3,0.160814,1
8737732388,31,0.634916,-478,2,3,0.160814,1
8737732388,32,0.634916,-1295,2,3,0.160814,1
8737732388,33,0.634916,-2723,1,3,0.160814,1
8737732388,34,0.471988,-4325,1,2,0.160814,1
8737732388,35,0.436,-5600,1,2,0.160814,1
8737732388,36,0.526917,-6534,1,4,0.160814,1
8737732388,37,0.66539,-1870,2,4,0.160814,1
8737732388,38,0.762712,-442,2,4,0.160814,1
8737732388,39,0.805025,997,3,4,0.160814,1
8737732388,40,0.781479,1612,3,4,0.160814,1
8737732388,41,0.582902,1492,3,3,0.160814,1
8737732388,42,0.549098,-1394,3,3,0.160814,1
8737732388,43,0.560976,-3601,2,3,0.160814,1
8737732388,44,0.587828,-4955,2,3,0.160814,1
8737732388,45,0.489796,-5376,1,3,0.160814,1
8737732388,46,0.587828,-6475,1,4,0.160814,1
8737732388,47,0.634916,-4936,1,3,0.160814,1
8737732388,48,0.634916,-6282,1,3,0.160814,1
8737732388,49,0.587828,-6024,1,3,0.160814,1
8737732388,50,0.634916,-7290,1,5,0.160814,1
8737732388,51,0.805025,-5471,4,6,0.160814,1
8737732388,52,0.805025,1777,4,4,0.160814,1
8737732388,53,0.843982,-1857,4,7,0.160814,1
8737741494,0,0.587828,403,0,1,0.134396,1
8737741494,1,0.587828,188,0,1,0.134396,1
8737741494,2,0.634916,276,0,1,0.134396,1
8737741494,3,0.634916,405,0,1,0.134396,1
8737741494,4,0.634916,232,0,3,0.134396,1
8737741494,5,0.634916,1095,0,3,0.134396,1
8737741494,6,0.66539,1315,1,3,0.134396,1
8737741494,7,0.700368,1814,1,3,0.134396,1
8737741494,8,0.634916,1794,1,2,0.134396,1
8737741494,9,0.634916,1123,1,3,0.134396,1
8737741494,10,0.634916,1606,2,3,0.134396,1
8737741494,11,0.582902,1603,3,3,0.134396,1
8737741494,12,0.554795,2270,3,2,0.134396,1
8737741494,13,0.554795,1671,3,2,0.134396,1
8737741494,14,0.554795,1536,3,2,0.134396,1
8737741494,15,0.495043,1459,3,2,0.134396,1
8737741494,16,0.526917,533,3,6,0.134396,1
8737741494,17,0.634916,2238,3,6,0.134396,1
8737741494,18,0.634916,2709,3,6,0.134396,1
8737741494,19,0.634916,2347,3,5,0.134396,1
8737741494,20,0.587828,1121,3,5,0.134396,1
8737741494,21,0.480438,693,2,5,0.134396,1
8737741494,22,0.471988,290,2,5,0.134396,1
8737741494,23,0.549098,59,1,7,0.134396,1
8737741494,24,0.554795,239,1,7,0.134396,1
8737741494,25,0.554795,325,1,6,0.134396,1
8737741494,26,0.634916,615,1,7,0.134396,1
8737741494,27,0.587828,783,1,7,0.134396,1
8737741494,28,0.582902,72,1,9,0.134396,1
8737741494,29,0.634916,1292,2,9,0.134396,1
8737741494,30,0.781479,1777,3,10,0.134396,1
8737741494,31,0.830357,3819,4,10,0.134396,1
8737741494,32,0.805025,5846,4,8,0.134396,1
8737741494,33,0.781479,5547,4,9,0.134396,1
8737741494,34,0.805025,6667,4,10,0.134396,1
8737741494,35,0.823105,7879,4,11,0.134396,1
8737741494,36,0.781479,8709,5,11,0.134396,1
8737741494,37,0.805025,9414,5,10,0.134396,1
8737741494,38,0.669951,6456,5,10,0.134396,1
8737741494,39,0.634916,4757,4,9,0.134396,1
8737741494,40,0.634916,2200,4,9,0.134396,1
8737741494,41,0.587828,3521,5,9,0.134396,1
8737741494,42,0.66539,4095,5,9,0.134396,1
8737741494,43,0.843982,3924,6,10,0.134396,1
8737741494,44,0.972028,5531,7,12,0.134396,1
8737827439,0,0.494898,0,0,0,0.0390437,1
8737827439,1,0.634916,433,0,0,0.0390437,1
8737827439,2,0.634916,506,0,0,0.0390437,1
8737827439,3,0.495043,225,0,-2,0.0390437,1
8737827439,4,0.471988,77,0,-1,0.0390437,1
8737827439,5,0.554795,511,0,0,0.0390437,1
8737827439,6,0.554795,651,0,-1,0.0390437,1
8737827439,7,0.480438,169,0,-1,0.0390437,1
8737827439,8,0.554795,664,0,-1,0.0390437,1
8737827439,9,0.549098,744,0,-1,0.0390437,1
8737827439,10,0.495043,671,0,-2,0.0390437,1
8737827439,11,0.495043,421,-1,-2,0.0390437,1
8737827439,12,0.471988,13,-1,-2,0.0390437,1
8737827439,13,0.526917,-108,-1,0,0.0390437,1
8737827439,14,0.471988,340,-1,-3,0.0390437,1
8737827439,15,0.436,-1937,-1,-1,0.0390437,1
8737827439,16,0.495043,-641,0,0,0.0390437,1
8737827439,17,0.582902,156,0,0,0.0390437,1
8737827439,18,0.526917,478,0,0,0.0390437,1
8737827439,19,0.587828,418,0,2,0.0390437,1
8737827439,20,0.634916,1134,0,2,0.0390437,1
8737827439,21,0.66539,620,0,7,0.0390437,1
8737827439,22,0.781479,3132,0,7,0.0390437,1
8737827439,23,0.843982,3737,0,8,0.0390437,1
8737827439,24,0.781479,3739,0,8,0.0390437,1
8737827439,25,0.805025,4401,0,8,0.0390437,1
8737827439,26,0.634916,3498,0,9,0.0390437,1
8737827439,27,0.700368,3644,0,11,0.0390437,1
8737827439,28,0.66539,4175,0,11,0.0390437,1
8737827439,29,0.66539,3109,0,12,0.0390437,1
8737827439,30,0.781479,3915,2,13,0.0390437,1
8737827439,31,0.843982,5958,2,13,0.0390437,1
8737827439,32,0.8,6334,2,13,0.0390437,1
8737827439,33,0.805025,6997,2,13,0.0390437,1
8737827439,34,0.781479,5987,1,14,0.0390437,1
8737827439,35,0.718062,6178,1,14,0.0390437,1
8737827439,36,0.781479,7866,1,13,0.0390437,1
8737827439,37,0.781479,7380,1,14,0.0390437,1
8737827439,38,0.843982,8059,2,15,0.0390437,1
8737827439,39,0.805025,9410,2,14,0.0390437,1
8737827439,40,0.781479,7663,2,14,0.0390437,1
8737827439,41,0.781479,6767,2,14,0.0390437,1
8737827439,42,0.781479,7440,2,14,0.0390437,1
8737827439,43,0.66539,5763,2,14,0.0390437,1
8737827439,44,0.700368,3621,2,16,0.0390437,1
8737827439,45,0.810811,5879,2,16,0.0390437,1
8737827439,46,0.851064,5403,2,19,0.0390437,1
8737827439,47,0.972028,11057,3,21,0.0390437,1
8737827439,48,0.992925,17089,4,22,0.0390437,1
8737827439,49,0.992925,17398,5,25,0.0390437,1
8737864780,0,0.495043,0,0,0,-0.00493682,1
8737864780,1,0.494898,-79,0,0,-0.00493682,1
8737864780,2,0.495043,-63,0,0,-0.00493682,1
8737864780,3,0.489796,-9,0,-1,-0.00493682,1
8737864780,4,0.471988,-215,0,-1,-0.00493682,1
8737864780,5,0.480438,-475,0,1,-0.00493682,1
8737864780,6,0.495043,-210,0,1,-0.00493682,1
8737864780,7,0.582902,92,0,2,-0.00493682,1
8737864780,8,0.634916,737,0,2,-0.00493682,1
8737864780,9,0.634916,778,0,2,-0.00493682,1
8737864780,10,0.489796,-226,0,1,-0.00493682,1
8737864780,11,0.471988,-666,0,1,-0.00493682,1
8737864780,12,0.471988,-782,1,1,-0.00493682,1
8737864780,13,0.471988,-339,1,1,-0.00493682,1
8737864780,14,0.413562,-554,0,1,-0.00493682,1
8737864780,15,0.413562,-1105,0,1,-0.00493682,1
8737864780,16,0.471988,-523,0,2,-0.00493682,1
8737864780,17,0.489796,3,0,1,-0.00493682,1
8737864780,18,0.471988,-728,0,1,-0.00493682,1
8737864780,19,0.412844,-1413,0,-1,-0.00493682,1
8737864780,20,0.380325,-1889,0,-2,-0.00493682,1
8737864780,21,0.310479,-3843,0,-2,-0.00493682,1
8737864780,22,0.272171,-4327,0,-2,-0.00493682,1
8737864780,23,0.307323,-4066,-1,0,-0.00493682,1
8737864780,24,0.380325,-4254,0,2,-0.00493682,1
8737864780,25,0.413562,-2531,0,3,-0.00493682,1
8737864780,26,0.471988,-1625,0,3,-0.00493682,1
8737864780,27,0.471988,-1390,0,2,-0.00493682,1
8737864780,28,0.436,-1271,-1,2,-0.00493682,1
8737864780,29,0.413562,-2195,-1,3,-0.00493682,1
8737864780,30,0.310479,-2566,-1,0,-0.00493682,1
8737864780,31,0.201036,-4696,-1,0,-0.00493682,1
8737864780,32,0.201036,-5953,-2,0,-0.00493682,1
8737864780,33,0.208333,-5365,-2,0,-0.00493682,1
8737864780,34,0.130542,-6717,-3,-1,-0.00493682,1
8737864780,35,0.132867,-8994,-3,-1,-0.00493682,1
8737864780,36,0.132867,-9609,-3,-2,-0.00493682,1
8737864780,37,0.094293,-9515,-4,-3,-0.00493682,1
8737864780,38,0.031056,-11929,-5,-3,-0.00493682,1
8737864780,39,0.020992,-13713,-6,-3,-0.00493682,1
8737864780,40,0.015873,-15138,-6,-4,-0.00493682,1
8737864780,41,0.006849,-16638,-8,-5,-0.00493682,1
8737864780,42,0.006849,-21177,-8,-5,-0.00493682,1
8737864780,43,0.003,-21138,-8,-7,-0.00493682,1
8737958835,0,0.587828,398,0,1,0.112449,1
8737958835,1,0.587828,168,0,1,0.112449,1
8737958835,2,0.66539,591,0,1,0.112449,1
8737958835,3,0.634916,678,0,1,0.112449,1
8737958835,4,0.66539,1066,0,2,0.112449,1
8737958835,5,0.718062,1279,0,4,0.112449,1
8737958835,6,0.700368,1530,0,4,0.112449,1
8737958835,7,0.66539,1396,0,5,0.112449,1
8737958835,8,0.587828,1195,0,6,0.112449,1
8737958835,9,0.587828,1657,0,7,0.112449,1
8737958835,10,0.495043,1265,2,9,0.112449,1
8737958835,11,0.66539,3413,2,11,0.112449,1
8737958835,12,0.781479,4186,3,12,0.112449,1
8737958835,13,0.781479,4240,3,12,0.112449,1
8737958835,14,0.761124,4610,3,12,0.112449,1
8737958835,15,0.634916,4615,3,11,0.112449,1
8737958835,16,0.471988,4212,3,11,0.112449,1
8737958835,17,0.413562,3352,3,12,0.112449,1
8737958835,18,0.471988,3935,3,13,0.112449,1
8737958835,19,0.480438,3652,2,15,0.112449,1
8737958835,20,0.634916,4910,2,15,0.112449,1
8737958835,21,0.66539,5160,2,15,0.112449,1
8737958835,22,0.634916,5480,2,15,0.112449,1
8737958835,23,0.634916,5413,3,15,0.112449,1
8737958835,24,0.582902,5675,3,16,0.112449,1
8737958835,25,0.634916,6132,3,18,0.112449,1
8737958835,26,0.781479,8251,3,18,0.112449,1
8737958835,27,0.910959,9556,3,20,0.112449,1
8737958835,28,0.952542,9939,4,21,0.112449,1
8737958835,29,0.98731,12342,4,25,0.112449,1
8737958835,30,0.98731,14282,5,25,0.112449,1
8737958835,31,0.997,17434,6,28,0.112449,1
8737958835,32,0.997,21314,6,28,0.112449,1
8737958835,33,0.997,20618,7,30,0.112449,1
8737958835,34,0.997,22329,8,33,0.112449,1
8737958835,35,0.997,28153,8,34,0.112449,1
8738216823,0,0.66539,0,0,0,0.37527,1
8738216823,1,0.669951,541,0,-1,0.37527,1
8738216823,2,0.634916,-85,0,0,0.37527,1
8738216823,3,0.66539,418,0,0,0.37527,1
8738216823,4,0.66539,520,0,-1,0.37527,1
8738216823,5,0.591667,-542,0,1,0.37527,1
8738216823,6,0.703448,618,0,2,0.37527,1
8738216823,7,0.634916,124,0,3,0.37527,1
8738216823,8,0.66539,682,0,2,0.37527,1
8738216823,9,0.66539,806,0,2,0.37527,1
8738216823,10,0.634916,711,0,0,0.37527,1
8738216823,11,0.471988,-32,1,0,0.37527,1
8738216823,12,0.480438,264,1,0,0.37527,1
8738216823,13,0.471988,10,1,-1,0.37527,1
8738216823,14,0.494898,-166,1,-2,0.37527,1
8738216823,15,0.471988,-782,2,-2,0.37527,1
8738216823,16,0.582902,379,1,-1,0.37527,1
8738216823,17,0.634916,1066,1,-1,0.37527,1
8738216823,18,0.66539,1973,1,-1,0.37527,1
8738216823,19,0.66539,1930,1,1,0.37527,1
8738216823,20,0.761124,4110,1,1,0.37527,1
8738216823,21,0.700368,4741,1,0,0.37527,1
8738216823,22,0.66539,4054,1,-2,0.37527,1
8738216823,23,0.495043,851,1,-3,0.37527,1
8738216823,24,0.436,1003,1,-7,0.37527,1
8738216823,25,0.310479,-1244,0,-7,0.37527,1
8738216823,26,0.277228,-2776,0,-6,0.37527,1
8738216823,27,0.378426,-1457,0,-9,0.37527,1
8738216823,28,0.272171,-3906,0,-9,0.37527,1
8738216823,29,0.307323,-5335,0,-9,0.37527,1
8738216823,30,0.359504,-4516,0,-9,0.37527,1
8738216823,31,0.378426,-3718,0,-10,0.37527,1
8738216823,32,0.380325,-3142,-2,-10,0.37527,1
8738216823,33,0.378426,-4580,-2,-10,0.37527,1
8738216823,34,0.21131,-6388,-3,-11,0.37527,1
8738216823,35,0.094293,-9087,-3,-14,0.37527,1
8738216823,36,0.130542,-11075,-4,-14,0.37527,1
8738216823,37,0.062718,-14120,-4,-16,0.37527,1
8738216823,38,0.017442,-15914,-6,-16,0.37527,1
8738216823,39,0.017442,-19638,-6,-16,0.37527,1
8738216823,40,0.020992,-19624,-6,-19,0.37527,1
8738243757,0,0.554795,0,0,0,0.269742,1
8738243757,1,0.634916,457,0,1,0.269742,1
8738243757,2,0.66539,739,0,2,0.269742,1
8738243757,3,0.66539,838,0,3,0.269742,1
8738243757,4,0.66539,1062,0,3,0.269742,1
8738243757,5,0.634916,551,0,3,0.269742,1
8738243757,6,0.587828,709,0,2,0.269742,1
8738243757,7,0.526917,269,0,4,0.269742,1
8738243757,8,0.634916,1179,1,2,0.269742,1
8738243757,9,0.591667,1140,0,1,0.269742,1
8738243757,10,0.494898,265,1,1,0.269742,1
8738243757,11,0.634916,1844,1,1,0.269742,1
8738243757,12,0.634916,1616,1,2,0.269742,1
8738243757,13,0.66539,2782,1,4,0.269742,1
8738243757,14,0.805025,4448,1,5,0.269742,1
8738243757,15,0.878472,5402,1,6,0.269742,1
8738243757,16,0.910931,6056,1,6,0.269742,1
8738243757,17,0.843982,5380,2,5,0.269742,1
8738243757,18,0.761124,5431,1,1,0.269742,1
8738243757,19,0.526917,2183,1,1,0.269742,1
8738243757,20,0.634916,3226,1,1,0.269742,1
8738243757,21,0.582902,3324,1,0,0.269742,1
8738243757,22,0.582902,2989,1,-1,0.269742,1
8738243757,23,0.582902,2841,1,-2,0.269742,1
8738243757,24,0.495043,2341,1,-3,0.269742,1
8738243757,25,0.471988,1118,1,-2,0.269742,1
8738243757,26,0.634916,2848,1,0,0.269742,1
8738243757,27,0.66539,4808,0,0,0.269742,1
8738243757,28,0.773481,4836,1,0,0.269742,1
8738243757,29,0.805025,6401,1,0,0.269742,1
8738243757,30,0.860656,6491,2,3,0.269742,1
8738243757,31,0.972028,9934,4,4,0.269742,1
8738243757,32,0.992925,15841,5,5,0.269742,1
8738243757,33,0.997,16742,7,8,0.269742,1
8738243757,34,0.997,21927,8,10,0.269742,1
8738414954,0,0.582902,120,0,1,0.0516454,1
8738414954,1,0.634916,711,0,0,0.0516454,1
8738414954,2,0.495043,141,0,0,0.0516454,1
8738414954,3,0.471988,65,0,0,0.0516454,1
8738414954,4,0.489796,171,0,0,0.0516454,1
8738414954,5,0.495043,-11,0,2,0.0516454,1
8738414954,6,0.634916,630,0,2,0.0516454,1
8738414954,7,0.634916,1023,0,3,0.0516454,1
8738414954,8,0.634916,1331,0,2,0.0516454,1
8738414954,9,0.634916,1181,0,3,0.0516454,1
8738414954,10,0.634916,1854,1,3,0.0516454,1
8738414954,11,0.582902,1843,0,3,0.0516454,1
8738414954,12,0.549098,1763,0,3,0.0516454,1
8738414954,13,0.554795,2031,0,3,0.0516454,1
8738414954,14,0.526917,1748,0,1,0.0516454,1
8738414954,15,0.471988,682,0,1,0.0516454,1
8738414954,16,0.380325,505,-2,-4,0.0516454,1
8738414954,17,0.310479,-3922,-2,0,0.0516454,1
8738414954,18,0.413562,-475,-2,0,0.0516454,1
8738414954,19,0.471988,-621,-1,3,0.0516454,1
8738414954,20,0.495043,2071,-1,0,0.0516454,1
8738414954,21,0.494898,224,-2,-1,0.0516454,1
8738414954,22,0.413562,-2731,-2,0,0.0516454,1
8738414954,23,0.413562,-2698,-2,0,0.0516454,1
8738414954,24,0.471988,-2524,-2,3,0.0516454,1
8738414954,25,0.591667,81,-2,4,0.0516454,1
8738414954,26,0.634916,555,-1,4,0.0516454,1
8738414954,27,0.634916,694,-1,5,0.0516454,1
8738414954,28,0.495043,201,-2,2,0.0516454,1
8738414954,29,0.33162,-3174,-3,2,0.0516454,1
8738414954,30,0.378426,-6188,-3,5,0.0516454,1
8738414954,31,0.495043,-3397,-1,5,0.0516454,1
8738414954,32,0.582902,-1931,-1,7,0.0516454,1
8738414954,33,0.781479,1703,1,7,0.0516454,1
8738414954,34,0.899614,3933,1,8,0.0516454,1
8738414954,35,0.805025,6204,1,8,0.0516454,1
8738414954,36,0.805025,6226,1,8,0.0516454,1
8738414954,37,0.634916,7311,0,8,0.0516454,1
8738414954,38,0.66539,5268,0,9,0.0516454,1
8738414954,39,0.703448,5324,0,11,0.0516454,1
8738414954,40,0.843982,8253,1,11,0.0516454,1
8738414954,41,0.843982,11207,1,10,0.0516454,1
8738414954,42,0.781479,9589,1,9,0.0516454,1
8738414954,43,0.700368,7383,1,8,0.0516454,1
8738414954,44,0.66539,5258,2,9,0.0516454,1
8738414954,45,0.952542,8182,4,13,0.0516454,1
8738513464,0,0.494898,0,0,0,0.0595694,1
8738513464,1,0.634916,641,0,0,0.0595694,1
8738513464,2,0.615385,486,0,0,0.0595694,1
8738513464,3,0.634916,648,0,1,0.0595694,1
8738513464,4,0.634916,1226,0,1,0.0595694,1
8738513464,5,0.66539,1220,0,2,0.0595694,1
8738513464,6,0.669951,2066,0,2,0.0595694,1
8738513464,7,0.66539,2190,0,2,0.0595694,1
8738513464,8,0.634916,2737,0,2,0.0595694,1
8738513464,9,0.634916,2833,1,1,0.0595694,1
8738513464,10,0.634916,2593,2,2,0.0595694,1
8738513464,11,0.634916,3445,2,2,0.0595694,1
8738513464,12,0.700368,3884,2,4,0.0595694,1
8738513464,13,0.78125,3645,3,6,0.0595694,1
8738513464,14,0.910931,5477,3,6,0.0595694,1
8738513464,15,0.843982,6092,3,4,0.0595694,1
8738513464,16,0.805025,5109,3,5,0.0595694,1
8738513464,17,0.761124,5651,2,5,0.0595694,1
8738513464,18,0.781479,5876,2,6,0.0595694,1
8738513464,19,0.781479,6577,2,6,0.0595694,1
8738513464,20,0.823105,7213,2,6,0.0595694,1
8738513464,21,0.823105,7669,1,8,0.0595694,1
8738513464,22,0.860656,8998,1,8,0.0595694,1
8738513464,23,0.851064,7998,3,8,0.0595694,1
8738513464,24,0.910959,9757,3,8,0.0595694,1
8738513464,25,0.910959,10388,3,8,0.0595694,1
8738513464,26,0.823105,9706,3,8,0.0595694,1
8738513464,27,0.860656,10634,3,9,0.0595694,1
8738513464,28,0.915994,11496,4,9,0.0595694,1
8738513464,29,0.952542,14027,4,8,0.0595694,1
8738513464,30,0.915994,15355,4,6,0.0595694,1
8738513464,31,0.878472,13366,4,5,0.0595694,1
8738513464,32,0.700368,12397,2,5,0.0595694,1
8738513464,33,0.66539,10883,2,6,0.0595694,1
8738513464,34,0.899614,10341,3,9,0.0595694,1
8738513464,35,0.962687,17780,3,9,0.0595694,1
8738675369,0,0.436,0,0,0,-0.3337,1
8738675369,1,0.380325,-356,0,0,-0.3337,1
8738675369,2,0.33162,-530,0,0,-0.3337,1
8738675369,3,0.471988,111,0,0,-0.3337,1
8738675369,4,0.480438,444,0,-1,-0.3337,1
8738675369,5,0.442857,367,0,1,-0.3337,1
8738675369,6,0.436,942,0,1,-0.3337,1
8738675369,7,0.634916,1355,0,0,-0.3337,1
8738675369,8,0.634916,880,0,2,-0.3337,1
8738675369,9,0.781479,1873,1,1,-0.3337,1
8738675369,10,0.66539,2056,1,2,-0.3337,1
8738675369,11,0.700368,2913,1,-1,-0.3337,1
8738675369,12,0.761124,2403,2,-1,-0.3337,1
8738675369,13,0.700368,2826,3,-2,-0.3337,1
8738675369,14,0.805025,3383,4,-1,-0.3337,1
8738675369,15,0.910959,5272,4,1,-0.3337,1
8738675369,16,0.952542,5983,4,1,-0.3337,1
8738675369,17,0.962687,6561,4,4,-0.3337,1
8738675369,18,0.992925,9325,5,5,-0.3337,1
8738675369,19,0.992925,9747,5,6,-0.3337,1
8738675369,20,0.992925,11029,5,8,-0.3337,1
8738675369,21,0.997,13677,6,7,-0.3337,1
8738675369,22,0.997,14098,7,9,-0.3337,1
8738675369,23,0.997,17059,8,11,-0.3337,1
8738675369,24,0.997,20446,9,12,-0.3337,1
8739323005,0,0.494898,0,0,0,0.0758308,1
8739323005,1,0.494898,85,0,-1,0.0758308,1
8739323005,2,0.471988,-460,0,0,0.0758308,1
8739323005,3,0.494898,-21,0,0,0.0758308,1
8739323005,4,0.526917,146,0,1,0.0758308,1
8739323005,5,0.66539,1353,0,2,0.0758308,1
8739323005,6,0.66539,1544,0,2,0.0758308,1
8739323005,7,0.669951,2096,0,2,0.0758308,1
8739323005,8,0.669951,2580,0,2,0.0758308,1
8739323005,9,0.591667,1692,2,2,0.0758308,1
8739323005,10,0.700368,2737,2,5,0.0758308,1
8739323005,11,0.781479,3788,3,5,0.0758308,1
8739323005,12,0.781479,4935,3,3,0.0758308,1
8739323005,13,0.781479,4253,3,5,0.0758308,1
8739323005,14,0.860656,5094,3,7,0.0758308,1
8739323005,15,0.851064,5843,3,6,0.0758308,1
8739323005,16,0.781479,4430,3,9,0.0758308,1
8739323005,17,0.878472,5457,3,8,0.0758308,1
8739323005,18,0.899614,6130,3,10,0.0758308,1
8739323005,19,0.915994,7070,3,12,0.0758308,1
8739323005,20,0.923077,7877,3,12,0.0758308,1
8739323005,21,0.923077,8597,3,13,0.0758308,1
8739323005,22,0.952542,8932,4,13,0.0758308,1
8739323005,23,0.976331,10003,6,17,0.0758308,1
8739323005,24,0.992925,12794,6,17,0.0758308,1
8739323005,25,0.992925,14102,6,19,0.0758308,1
8739323005,26,0.997,14362,7,20,0.0758308,1
8739333139,0,0.489796,0,0,0,0.0967699,1
8739333139,1,0.489796,39,0,0,0.0967699,1
8739333139,2,0.582902,209,0,0,0.0967699,1
8739333139,3,0.494898,134,0,0,0.0967699,1
8739333139,4,0.489796,-13,0,0,0.0967699,1
8739333139,5,0.489796,153,0,0,0.0967699,1
8739333139,6,0.480438,122,0,0,0.0967699,1
8739333139,7,0.494898,322,0,0,0.0967699,1
8739333139,8,0.587828,485,0,2,0.0967699,1
8739333139,9,0.591667,1421,0,1,0.0967699,1
8739333139,10,0.526917,697,0,1,0.0967699,1
8739333139,11,0.634916,1303,0,2,0.0967699,1
8739333139,12,0.66539,2068,-1,2,0.0967699,1
8739333139,13,0.587828,1339,0,3,0.0967699,1
8739333139,14,0.634916,2113,0,5,0.0967699,1
8739333139,15,0.781479,3705,2,5,0.0967699,1
8739333139,16,0.781479,4231,2,7,0.0967699,1
8739333139,17,0.878472,5561,2,7,0.0967699,1
8739333139,18,0.823105,5863,2,6,0.0967699,1
8739333139,19,0.781479,5245,2,6,0.0967699,1
8739333139,20,0.781479,5394,2,6,0.0967699,1
8739333139,21,0.634916,4534,2,6,0.0967699,1
8739333139,22,0.66539,5174,2,6,0.0967699,1
8739333139,23,0.634916,4514,2,6,0.0967699,1
8739333139,24,0.634916,4176,2,6,0.0967699,1
8739333139,25,0.587828,3448,2,7,0.0967699,1
8739333139,26,0.634916,3319,1,8,0.0967699,1
8739333139,27,0.66539,3611,2,10,0.0967699,1
8739333139,28,0.781479,4848,2,10,0.0967699,1
8739333139,29,0.781479,5199,2,10,0.0967699,1
8739333139,30,0.805025,5255,2,11,0.0967699,1
8739333139,31,0.781479,4790,2,12,0.0967699,1
8739333139,32,0.781479,5633,2,12,0.0967699,1
8739333139,33,0.781479,6682,2,12,0.0967699,1
8739333139,34,0.843982,6258,3,15,0.0967699,1
8739333139,35,0.972028,9118,4,17,0.0967699,1
8739333139,36,0.98731,12991,4,18,0.0967699,1
8739333139,37,0.992537,15048,4,18,0.0967699,1
8739333139,38,0.992537,15666,4,18,0.0967699,1
8739333139,39,0.992925,16231,6,21,0.0967699,1
8739333139,40,0.997,21719,7,22,0.0967699,1
8739336354,0,0.471988,100,0,0,-0.122718,1
8739336354,1,0.436,2,0,0,-0.122718,1
8739336354,2,0.495043,387,0,0,-0.122718,1
8739336354,3,0.634916,690,0,0,-0.122718,1
8739336354,4,0.529412,774,0,-3,-0.122718,1
8739336354,5,0.413562,-299,0,-1,-0.122718,1
8739336354,6,0.495043,191,0,2,-0.122718,1
8739336354,7,0.587828,1298,0,1,-0.122718,1
8739336354,8,0.634916,1026,1,1,-0.122718,1
8739336354,9,0.66539,1094,1,0,-0.122718,1
8739336354,10,0.587828,894,1,1,-0.122718,1
8739336354,11,0.582902,1082,2,0,-0.122718,1
8739336354,12,0.634916,1425,2,0,-0.122718,1
8739336354,13,0.634916,1643,2,-2,-0.122718,1
8739336354,14,0.549098,503,2,1,-0.122718,1
8739336354,15,0.669951,2477,2,3,-0.122718,1
8739336354,16,0.781479,4311,3,4,-0.122718,1
8739336354,17,0.703448,4053,3,3,-0.122718,1
8739336354,18,0.781479,4040,3,4,-0.122718,1
8739336354,19,0.781479,4357,3,5,-0.122718,1
8739336354,20,0.810811,4966,3,8,-0.122718,1
8739336354,21,0.878472,5919,3,9,-0.122718,1
8739336354,22,0.923077,6788,4,10,-0.122718,1
8739336354,23,0.952542,7000,4,12,-0.122718,1
8739336354,24,0.952542,8089,4,11,-0.122718,1
8739336354,25,0.910931,7177,4,11,-0.122718,1
8739336354,26,0.915994,7233,4,14,-0.122718,1
8739336354,27,0.952542,9856,4,15,-0.122718,1
8739336354,28,0.972028,10375,6,19,-0.122718,1
8739336354,29,0.997,14547,7,18,-0.122718,1
8739336354,30,0.992925,14635,6,17,-0.122718,1
8739336354,31,0.972028,14203,6,15,-0.122718,1
8739336354,32,0.910931,11833,6,14,-0.122718,1
8739336354,33,0.781479,10452,6,13,-0.122718,1
8739336354,34,0.781479,7129,6,14,-0.122718,1
8739336354,35,0.952542,8316,7,14,-0.122718,1
8739336354,36,0.972028,10755,7,16,-0.122718,1
8739336354,37,0.992925,13735,8,17,-0.122718,1
8739336354,38,0.997,15042,9,19,-0.122718,1
8739341590,0,0.526917,0,0,0,0.183696,1
8739341590,1,0.549098,-15,0,0,0.183696,1
8739341590,2,0.554795,23,0,0,0.183696,1
8739341590,3,0.634916,326,0,0,0.183696,1
8739341590,4,0.554795,135,0,0,0.183696,1
8739341590,5,0.634916,313,0,-1,0.183696,1
8739341590,6,0.526917,-163,0,-2,0.183696,1
8739341590,7,0.412844,-1270,0,-2,0.183696,1
8739341590,8,0.436,-1210,-1,-4,0.183696,1
8739341590,9,0.310479,-2581,-2,-3,0.183696,1
8739341590,10,0.378426,-2146,-2,-4,0.183696,1
8739341590,11,0.307323,-2846,-3,-4,0.183696,1
8739341590,12,0.310479,-3234,-3,-4,0.183696,1
8739341590,13,0.310479,-3836,-3,-5,0.183696,1
8739341590,14,0.296875,-3970,-3,-6,0.183696,1
8739341590,15,0.272171,-4157,-3,-7,0.183696,1
8739341590,16,0.201036,-5433,-3,-7,0.183696,1
8739341590,17,0.252525,-4838,-3,-6,0.183696,1
8739341590,18,0.380325,-3727,-3,-6,0.183696,1
8739341590,19,0.413562,-3556,-3,-6,0.183696,1
8739341590,20,0.436,-3234,-3,-6,0.183696,1
8739341590,21,0.378426,-3492,-3,-9,0.183696,1
8739341590,22,0.201036,-5362,-5,-11,0.183696,1
8739341590,23,0.090909,-7475,-4,-12,0.183696,1
8739341590,24,0.094293,-7373,-4,-14,0.183696,1
8739341590,25,0.045752,-9309,-4,-15,0.183696,1
8739341590,26,0.020992,-10727,-5,-15,0.183696,1
8739341590,27,0.062718,-11863,-5,-15,0.183696,1
8739341590,28,0.020992,-12840,-5,-17,0.183696,1
8739341590,29,0.017442,-13604,-6,-17,0.183696,1
8739341590,30,0.020992,-14469,-6,-17,0.183696,1
8739341590,31,0.020992,-14806,-6,-17,0.183696,1
8739341590,32,0.020992,-15596,-7,-17,0.183696,1
8739341590,33,0.020992,-16317,-7,-17,0.183696,1
8739341590,34,0.025641,-17866,-8,-17,0.183696,1
8739341590,35,0.020992,-19296,-8,-17,0.183696,1
8739341590,36,0.045752,-16582,-8,-17,0.183696,1
8739341590,37,0.062718,-16064,-8,-17,0.183696,1
8739341590,38,0.062718,-15043,-8,-17,0.183696,1
8739341590,39,0.062718,-15293,-8,-17,0.183696,1
8739341590,40,0.031056,-18200,-8,-17,0.183696,1
8739341590,41,0.031056,-18826,-8,-17,0.183696,1
8739341590,42,0.031056,-19338,-8,-17,0.183696,1
8739341590,43,0.020992,-20800,-9,-16,0.183696,1
8739341590,44,0.062718,-17976,-8,-15,0.183696,1
8739341590,45,0.062718,-15985,-9,-15,0.183696,1
8739341590,46,0.094293,-17041,-9,-15,0.183696,1
8739341590,47,0.132867,-15718,-9,-15,0.183696,1
8739341590,48,0.062718,-17124,-9,-15,0.183696,1
8739341590,49,0.062718,-18031,-9,-15,0.183696,1
8739341590,50,0.020992,-20090,-9,-15,0.183696,1
8739341590,51,0.020992,-19619,-9,-14,0.183696,1
8739341590,52,0.042254,-19307,-9,-14,0.183696,1
8739341590,53,0.042254,-19638,-9,-14,0.183696,1
8739341590,54,0.042254,-23293,-9,-13,0.183696,1
8739341590,55,0.062718,-20442,-8,-13,0.183696,1
8739341590,56,0.062718,-19770,-8,-13,0.183696,1
8739341590,57,0.062718,-19199,-8,-12,0.183696,1
8739341590,58,0.094293,-17862,-8,-12,0.183696,1
8739341590,59,0.062718,-17272,-8,-12,0.183696,1
8739341590,60,0.062718,-16048,-8,-12,0.183696,1
8739341590,61,0.094293,-18020,-8,-12,0.183696,1
8739341590,62,0.020992,-16929,-8,-17,0.183696,1
8739348819,0,0.495043,-392,0,-2,0.145976,1
8739348819,1,0.495043,-383,0,-2,0.145976,1
8739348819,2,0.489796,-329,0,-3,0.145976,1
8739348819,3,0.634916,74,0,-3,0.145976,1
8739348819,4,0.634916,-62,0,-4,0.145976,1
8739348819,5,0.634916,49,0,-2,0.145976,1
8739348819,6,0.66539,992,0,-2,0.145976,1
8739348819,7,0.66539,679,0,-1,0.145976,1
8739348819,8,0.700368,1522,0,1,0.145976,1
8739348819,9,0.66539,1630,0,-2,0.145976,1
8739348819,10,0.634916,816,-1,-2,0.145976,1
8739348819,11,0.495043,-210,-1,-4,0.145976,1
8739348819,12,0.436,-1320,-1,-4,0.145976,1
8739348819,13,0.413562,-1012,-2,-5,0.145976,1
8739348819,14,0.378426,-2699,-2,-3,0.145976,1
8739348819,15,0.471988,-942,-2,-3,0.145976,1
8739348819,16,0.480438,-1517,-2,-3,0.145976,1
8739348819,17,0.495043,-1274,-2,-2,0.145976,1
8739348819,18,0.634916,125,-2,-2,0.145976,1
8739348819,19,0.634916,-72,-1,-1,0.145976,1
8739348819,20,0.554795,922,-1,-5,0.145976,1
8739348819,21,0.378426,-3837,-2,-6,0.145976,1
8739348819,22,0.21131,-5315,-3,-7,0.145976,1
8739348819,23,0.262069,-5841,-2,-5,0.145976,1
8739348819,24,0.296875,-4806,-2,-5,0.145976,1
8739348819,25,0.412844,-5333,-2,-4,0.145976,1
8739348819,26,0.436,-5020,-1,-3,0.145976,1
8739348819,27,0.471988,-5241,-1,-3,0.145976,1
8739348819,28,0.413562,-5209,-1,-3,0.145976,1
8739348819,29,0.413562,-5482,-1,-3,0.145976,1
8739348819,30,0.413562,-5672,0,-2,0.145976,1
8739348819,31,0.480438,-4981,0,1,0.145976,1
8739348819,32,0.495043,-3659,0,2,0.145976,1
8739348819,33,0.878472,-1185,1,4,0.145976,1
8739348819,34,0.810811,3404,2,4,0.145976,1
8739348819,35,0.910931,3543,2,8,0.145976,1
8739348819,36,0.915994,6667,2,8,0.145976,1
8739477937,0,0.66539,0,0,0,0.369852,1
8739477937,1,0.634916,-90,0,-1,0.369852,1
8739477937,2,0.471988,-585,0,-2,0.369852,1
8739477937,3,0.436,-924,0,-2,0.369852,1
8739477937,4,0.412844,-1252,0,-4,0.369852,1
8739477937,5,0.33162,-2238,0,-4,0.369852,1
8739477937,6,0.378426,-2139,0,-6,0.369852,1
8739477937,7,0.307323,-3341,0,-7,0.369852,1
8739477937,8,0.208333,-4184,0,-9,0.369852,1
8739477937,9,0.201036,-4950,0,-10,0.369852,1
8739477937,10,0.094293,-6487,-1,-10,0.369852,1
8739477937,11,0.090909,-7853,-2,-12,0.369852,1
8739477937,12,0.090909,-9553,-3,-11,0.369852,1
8739477937,13,0.111628,-9927,-3,-11,0.369852,1
8739477937,14,0.094293,-11147,-3,-12,0.369852,1
8739477937,15,0.045752,-12089,-4,-14,0.369852,1
8739477937,16,0.031056,-14627,-5,-17,0.369852,1
8739477937,17,0.017442,-17403,-6,-17,0.369852,1
8739477937,18,0.017442,-19244,-7,-18,0.369852,1
8739477937,19,0.003,-21064,-9,-18,0.369852,1
8739477937,20,0.003,-25728,-9,-20,0.369852,1
8739477937,21,0.003,-25176,-11,-20,0.369852,1
8739479703,0,0.494898,0,0,0,0.0491456,1
8739479703,1,0.587828,295,0,1,0.0491456,1
8739479703,2,0.634916,661,0,1,0.0491456,1
8739479703,3,0.634916,347,0,2,0.0491456,1
8739479703,4,0.634916,642,0,3,0.0491456,1
8739479703,5,0.634916,1049,0,3,0.0491456,1
8739479703,6,0.634916,1195,0,4,0.0491456,1
8739479703,7,0.634916,856,0,5,0.0491456,1
8739479703,8,0.634916,1227,0,4,0.0491456,1
8739479703,9,0.495043,447,-1,4,0.0491456,1
8739479703,10,0.489796,618,-2,3,0.0491456,1
8739479703,11,0.471988,-89,-1,2,0.0491456,1
8739479703,12,0.413562,119,-1,-2,0.0491456,1
8739479703,13,0.410072,-906,-2,-3,0.0491456,1
8739479703,14,0.310479,-2084,-2,-3,0.0491456,1
8739479703,15,0.378426,-1620,-2,-2,0.0491456,1
8739479703,16,0.413562,-1098,-2,0,0.0491456,1
8739479703,17,0.526917,1234,-1,-1,0.0491456,1
8739479703,18,0.634916,1817,-1,-1,0.0491456,1
8739479703,19,0.66539,3017,-1,-1,0.0491456,1
8739479703,20,0.634916,3545,-1,-1,0.0491456,1
8739479703,21,0.587828,3546,-1,-1,0.0491456,1
8739479703,22,0.762712,4144,1,2,0.0491456,1
8739479703,23,0.830357,6715,1,2,0.0491456,1
8739479703,24,0.805025,7209,0,2,0.0491456,1
8739479703,25,0.843982,6891,1,2,0.0491456,1
8739479703,26,0.952542,8161,3,4,0.0491456,1
8739479703,27,0.962687,9840,4,5,0.0491456,1
8739479703,28,0.972028,11069,4,5,0.0491456,1
8739479703,29,0.972028,12887,4,4,0.0491456,1
8739479703,30,0.952542,11488,4,2,0.0491456,1
8739479703,31,0.878472,9560,4,2,0.0491456,1
8739479703,32,0.899614,9535,4,4,0.0491456,1
8739479703,33,0.972028,12879,5,8,0.0491456,1
8739479703,34,0.992925,17602,5,10,0.0491456,1
8739610662,0,0.582902,0,0,0,0.294308,1
8739610662,1,0.495043,-394,0,0,0.294308,1
8739610662,2,0.634916,136,0,0,0.294308,1
8739610662,3,0.634916,565,0,0,0.294308,1
8739610662,4,0.703448,930,0,0,0.294308,1
8739610662,5,0.781479,1651,0,0,0.294308,1
8739610662,6,0.781479,1825,0,2,0.294308,1
8739610662,7,0.781479,2082,0,3,0.294308,1
8739610662,8,0.805025,2522,1,2,0.294308,1
8739610662,9,0.669951,1634,1,3,0.294308,1
8739610662,10,0.703448,2002,2,3,0.294308,1
8739610662,11,0.781479,3121,2,4,0.294308,1
8739610662,12,0.781479,3529,2,4,0.294308,1
8739610662,13,0.761124,3588,2,3,0.294308,1
8739610662,14,0.781479,3245,3,5,0.294308,1
8739610662,15,0.923077,5379,3,5,0.294308,1
8739610662,16,0.860656,5230,3,4,0.294308,1
8739610662,17,0.805025,4587,3,4,0.294308,1
8739610662,18,0.781479,3143,3,5,0.294308,1
8739610662,19,0.700368,3876,2,5,0.294308,1
8739610662,20,0.718062,2746,2,5,0.294308,1
8739610662,21,0.718062,3230,2,4,0.294308,1
8739610662,22,0.781479,2423,3,6,0.294308,1
8739610662,23,0.843982,4555,3,6,0.294308,1
8739610662,24,0.899614,4281,4,5,0.294308,1
8739610662,25,0.781479,2378,4,7,0.294308,1
8739610662,26,0.915994,3912,4,8,0.294308,1
8739610662,27,0.952542,6053,4,8,0.294308,1
8739610662,28,0.923077,7114,3,9,0.294308,1
8739610662,29,0.952542,8103,3,9,0.294308,1
8739610662,30,0.976331,8906,4,11,0.294308,1
8739610662,31,0.98731,11496,4,12,0.294308,1
8739610662,32,0.98731,11888,5,12,0.294308,1
8739610662,33,0.992925,12960,6,15,0.294308,1
8739610662,34,0.992925,15409,6,16,0.294308,1
8739615625,0,0.489796,0,0,0,0.0917875,1
8739615625,1,0.489796,-15,0,-1,0.0917875,1
8739615625,2,0.495043,65,0,-2,0.0917875,1
8739615625,3,0.495043,85,0,-1,0.0917875,1
8739615625,4,0.582902,587,0,-1,0.0917875,1
8739615625,5,0.495043,303,0,-1,0.0917875,1
8739615625,6,0.634916,764,0,2,0.0917875,1
8739615625,7,0.762712,1783,0,2,0.0917875,1
8739615625,8,0.66539,1295,0,1,0.0917875,1
8739615625,9,0.587828,426,0,1,0.0917875,1
8739615625,10,0.526917,446,0,0,0.0917875,1
8739615625,11,0.495043,-26,1,2,0.0917875,1
8739615625,12,0.587828,1252,1,2,0.0917875,1
8739615625,13,0.634916,1658,2,2,0.0917875,1
8739615625,14,0.634916,1652,2,5,0.0917875,1
8739615625,15,0.66539,2724,3,5,0.0917875,1
8739615625,16,0.781479,3591,4,6,0.0917875,1
8739615625,17,0.66539,4406,3,4,0.0917875,1
8739615625,18,0.634916,2661,3,5,0.0917875,1
8739615625,19,0.634916,3215,3,5,0.0917875,1
8739615625,20,0.634916,2633,3,7,0.0917875,1
8739615625,21,0.526917,4099,2,3,0.0917875,1
8739615625,22,0.412844,-579,2,3,0.0917875,1
8739615625,23,0.413562,-65,2,3,0.0917875,1
8739615625,24,0.33162,-593,2,-1,0.0917875,1
8739615625,25,0.21131,-3230,2,-1,0.0917875,1
8739615625,26,0.21131,-4800,2,-1,0.0917875,1
8739615625,27,0.252525,-4342,2,-1,0.0917875,1
8739615625,28,0.201036,-5384,2,-1,0.0917875,1
8739615625,29,0.262069,-5069,2,-4,0.0917875,1
8739615625,30,0.19398,-7684,1,-4,0.0917875,1
8739615625,31,0.201036,-7273,2,-4,0.0917875,1
8739615625,32,0.201036,-7260,1,-4,0.0917875,1
8739615625,33,0.201036,-7472,1,-4,0.0917875,1
8739615625,34,0.262069,-7408,1,-5,0.0917875,1
8739615625,35,0.21131,-7747,1,-6,0.0917875,1
8739615625,36,0.201036,-9442,0,-6,0.0917875,1
8739615625,37,0.19398,-9017,0,-7,0.0917875,1
8739615625,38,0.045752,-10446,-1,-9,0.0917875,1
8739615625,39,0.003,-16224,-4,-12,0.0917875,1
8739631582,0,0.549098,393,0,1,0.104878,1
8739631582,1,0.634916,795,0,1,0.104878,1
8739631582,2,0.634916,703,0,1,0.104878,1
8739631582,3,0.634916,870,0,2,0.104878,1
8739631582,4,0.634916,883,0,2,0.104878,1
8739631582,5,0.66539,1247,0,3,0.104878,1
8739631582,6,0.634916,910,0,5,0.104878,1
8739631582,7,0.773481,2309,0,4,0.104878,1
8739631582,8,0.66539,1942,0,4,0.104878,1
8739631582,9,0.634916,1463,1,5,0.104878,1
8739631582,10,0.634916,1627,1,5,0.104878,1
8739631582,11,0.582902,1725,1,6,0.104878,1
8739631582,12,0.549098,2150,1,5,0.104878,1
8739631582,13,0.587828,1187,1,7,0.104878,1
8739631582,14,0.634916,2472,3,7,0.104878,1
8739631582,15,0.66539,3705,3,8,0.104878,1
8739631582,16,0.66539,3963,3,8,0.104878,1
8739631582,17,0.910959,5135,4,10,0.104878,1
8739631582,18,0.923077,6130,5,11,0.104878,1
8739631582,19,0.899614,6613,5,10,0.104878,1
8739631582,20,0.805025,5483,5,12,0.104878,1
8739631582,21,0.830357,5971,5,12,0.104878,1
8739631582,22,0.781479,6588,5,11,0.104878,1
8739631582,23,0.66539,5891,5,8,0.104878,1
8739631582,24,0.634916,2657,6,11,0.104878,1
8739631582,25,0.718062,7024,6,10,0.104878,1
8739631582,26,0.781479,7401,6,12,0.104878,1
8739631582,27,0.878472,8394,7,12,0.104878,1
8739631582,28,0.952542,9744,7,12,0.104878,1
8739631582,29,0.915994,9638,7,12,0.104878,1
8739631582,30,0.972028,9705,8,15,0.104878,1
8739631582,31,0.997,13956,8,16,0.104878,1
8739631582,32,0.997,18190,8,20,0.104878,1
8739653602,0,0.471988,0,0,-1,-0.078848,1
8739653602,1,0.413562,-252,0,-1,-0.078848,1
8739653602,2,0.436,-268,0,-2,-0.078848,1
8739653602,3,0.413562,-515,0,-2,-0.078848,1
8739653602,4,0.412844,-803,0,-2,-0.078848,1
8739653602,5,0.413562,-643,0,-3,-0.078848,1
8739653602,6,0.413562,-728,0,-1,-0.078848,1
8739653602,7,0.413562,-524,0,-2,-0.078848,1
8739653602,8,0.412844,-867,-1,0,-0.078848,1
8739653602,9,0.436,-599,0,3,-0.078848,1
8739653602,10,0.549098,375,0,3,-0.078848,1
8739653602,11,0.582902,800,1,3,-0.078848,1
8739653602,12,0.634916,1367,1,5,-0.078848,1
8739653602,13,0.66539,1332,2,6,-0.078848,1
8739653602,14,0.634916,2708,2,6,-0.078848,1
8739653602,15,0.634916,1731,2,6,-0.078848,1
8739653602,16,0.781479,1557,3,11,-0.078848,1
8739653602,17,0.910959,4733,3,13,-0.078848,1
8739653602,18,0.952542,6144,3,14,-0.078848,1
8739653602,19,0.962687,6704,4,15,-0.078848,1
8739653602,20,0.98731,8496,4,15,-0.078848,1
8739653602,21,0.972028,8586,4,18,-0.078848,1
8739653602,22,0.992925,11156,5,19,-0.078848,1
8739653602,23,0.997,14040,6,20,-0.078848,1
8739653602,24,0.997,15752,6,22,-0.078848,1
8739725793,0,0.554795,100,0,0,0.195512,1
8739725793,1,0.495043,-251,0,1,0.195512,1
8739725793,2,0.634916,270,0,1,0.195512,1
8739725793,3,0.587828,-180,0,2,0.195512,1
8739725793,4,0.549098,75,0,1,0.195512,1
8739725793,5,0.587828,174,0,0,0.195512,1
8739725793,6,0.495043,-240,0,0,0.195512,1
8739725793,7,0.471988,-440,-1,-2,0.195512,1
8739725793,8,0.413562,-1472,0,-2,0.195512,1
8739725793,9,0.413562,-1663,0,-1,0.195512,1
8739725793,10,0.471988,-639,0,-2,0.195512,1
8739725793,11,0.494898,-967,1,-2,0.195512,1
8739725793,12,0.489796,-1213,1,-3,0.195512,1
8739725793,13,0.526917,-485,1,-4,0.195512,1
8739725793,14,0.489796,-435,0,-4,0.195512,1
8739725793,15,0.489796,-1142,0,-5,0.195512,1
8739725793,16,0.436,-1652,-1,-6,0.195512,1
8739725793,17,0.380325,-3207,-1,-6,0.195512,1
8739725793,18,0.471988,-3069,-1,-3,0.195512,1
8739725793,19,0.582902,-748,-1,-3,0.195512,1
8739725793,20,0.591667,135,-1,-3,0.195512,1
8739725793,21,0.587828,-778,-1,-2,0.195512,1
8739725793,22,0.634916,-88,-1,-2,0.195512,1
8739725793,23,0.634916,2381,0,-2,0.195512,1
8739725793,24,0.634916,2942,0,-2,0.195512,1
8739725793,25,0.634916,3931,0,-2,0.195512,1
8739725793,26,0.634916,4016,0,-3,0.195512,1
8739725793,27,0.634916,4249,0,-4,0.195512,1
8739725793,28,0.549098,3136,0,-4,0.195512,1
8739725793,29,0.587828,4055,0,-3,0.195512,1
8739725793,30,0.669951,5064,1,-3,0.195512,1
8739725793,31,0.781479,5853,1,-2,0.195512,1
8739725793,32,0.860656,8218,2,-2,0.195512,1
8739725793,33,0.878472,8053,2,-1,0.195512,1
8739725793,34,0.878472,8464,2,0,0.195512,1
8739725793,35,0.923077,9628,3,2,0.195512,1
8739725793,36,0.976331,12546,4,3,0.195512,1
8739725793,37,0.992925,17818,5,3,0.195512,1
8739725793,38,0.992925,20812,6,1,0.195512,1
8739725793,39,0.985507,18827,6,0,0.195512,1
8739725793,40,0.952542,17426,6,0,0.195512,1
8739725793,41,0.952542,17191,6,0,0.195512,1
8739725793,42,0.972028,16687,6,3,0.195512,1
8739725793,43,0.997,18357,8,6,0.195512,1
8739777219,0,0.634916,0,0,0,0.413547,1
8739777219,1,0.66539,153,0,0,0.413547,1
8739777219,2,0.634916,34,0,0,0.413547,1
8739777219,3,0.634916,-238,0,0,0.413547,1
8739777219,4,0.554795,-320,0,-2,0.413547,1
8739777219,5,0.489796,-436,0,-3,0.413547,1
8739777219,6,0.480438,-662,0,-4,0.413547,1
8739777219,7,0.413562,-1250,0,-4,0.413547,1
8739777219,8,0.413562,-1285,-1,-6,0.413547,1
8739777219,9,0.380325,-2118,-1,-5,0.413547,1
8739777219,10,0.412844,-1528,-2,-6,0.413547,1
8739777219,11,0.413562,-1993,-1,-7,0.413547,1
8739777219,12,0.380325,-2930,-1,-7,0.413547,1
8739777219,13,0.378426,-3256,-1,-8,0.413547,1
8739777219,14,0.33162,-3902,-1,-9,0.413547,1
8739777219,15,0.307323,-4494,-2,-8,0.413547,1
8739777219,16,0.310479,-4526,-2,-7,0.413547,1
8739777219,17,0.413562,-3053,-1,-6,0.413547,1
8739777219,18,0.471988,-2091,-1,-6,0.413547,1
8739777219,19,0.471988,-1600,-1,-7,0.413547,1
8739777219,20,0.471988,-2863,-1,-4,0.413547,1
8739777219,21,0.471988,-2298,-1,-5,0.413547,1
8739777219,22,0.554795,-1219,-1,-5,0.413547,1
8739777219,23,0.495043,-2089,-1,-5,0.413547,1
8739777219,24,0.489796,-2178,-1,-6,0.413547,1
8739777219,25,0.310479,-2957,-1,-10,0.413547,1
8739777219,26,0.201036,-5138,-2,-10,0.413547,1
8739777219,27,0.132867,-6432,-2,-10,0.413547,1
8739777219,28,0.130542,-6643,-2,-13,0.413547,1
8739777219,29,0.111628,-9018,-2,-13,0.413547,1
8739777219,30,0.175,-9176,-3,-13,0.413547,1
8739777219,31,0.201036,-8432,-3,-14,0.413547,1
8739777219,32,0.130542,-8823,-3,-16,0.413547,1
8739777219,33,0.111628,-12497,-4,-15,0.413547,1
8739777219,34,0.19398,-13078,-4,-15,0.413547,1
8739777219,35,0.130542,-12737,-4,-16,0.413547,1
8739777219,36,0.094293,-14768,-5,-18,0.413547,1
8739777219,37,0.045752,-16527,-7,-18,0.413547,1
8739777219,38,0.031056,-21873,-7,-18,0.413547,1
8739777219,39,0.031056,-22672,-7,-18,0.413547,1
8739777219,40,0.031056,-24278,-7,-18,0.413547,1
8739777219,41,0.042254,-26011,-7,-19,0.413547,1
8739777219,42,0.020992,-27214,-8,-21,0.413547,1
8739785340,0,0.471988,-500,0,-1,0.0967698,1
8739785340,1,0.471988,-251,0,-2,0.0967698,1
8739785340,2,0.436,-617,0,-1,0.0967698,1
8739785340,3,0.489796,-179,0,-1,0.0967698,1
8739785340,4,0.495043,-248,0,0,0.0967698,1
8739785340,5,0.554795,258,0,0,0.0967698,1
8739785340,6,0.634916,488,0,0,0.0967698,1
8739785340,7,0.495043,311,0,-3,0.0967698,1
8739785340,8,0.436,-1004,0,-4,0.0967698,1
8739785340,9,0.413562,-1422,0,-4,0.0967698,1
8739785340,10,0.413562,-1498,-1,-3,0.0967698,1
8739785340,11,0.380325,-1606,-2,-3,0.0967698,1
8739785340,12,0.33162,-2415,-2,-5,0.0967698,1
8739785340,13,0.307323,-3232,-2,-5,0.0967698,1
8739785340,14,0.307323,-3499,-2,-8,0.0967698,1
8739785340,15,0.201036,-5353,-2,-8,0.0967698,1
8739785340,16,0.132867,-5382,-3,-8,0.0967698,1
8739785340,17,0.201036,-5356,-3,-8,0.0967698,1
8739785340,18,0.208333,-5202,-3,-8,0.0967698,1
8739785340,19,0.21131,-5513,-4,-8,0.0967698,1
8739785340,20,0.208333,-5899,-4,-8,0.0967698,1
8739785340,21,0.277228,-6185,-3,-7,0.0967698,1
8739785340,22,0.307323,-6268,-2,-7,0.0967698,1
8739785340,23,0.33162,-5656,-2,-7,0.0967698,1
8739785340,24,0.380325,-4980,-2,-8,0.0967698,1
8739785340,25,0.252525,-5241,-3,-10,0.0967698,1
8739785340,26,0.062718,-8919,-3,-11,0.0967698,1
8739785340,27,0.017442,-8791,-4,-15,0.0967698,1
8739785340,28,0.003,-13694,-5,-16,0.0967698,1
8739785340,29,0.003,-15624,-6,-19,0.0967698,1
8739785340,30,0.003,-19286,-6,-19,0.0967698,1
8739785340,31,0.003,-16666,-6,-20,0.0967698,1
8739785340,32,0.003,-18331,-7,-23,0.0967698,1
8739863882,0,0.549098,0,0,0,0.0888347,1
8739863882,1,0.489796,-527,0,0,0.0888347,1
8739863882,2,0.526917,-381,0,1,0.0888347,1
8739863882,3,0.634916,-21,0,1,0.0888347,1
8739863882,4,0.489796,-502,0,0,0.0888347,1
8739863882,5,0.471988,-859,0,0,0.0888347,1
8739863882,6,0.413562,-1313,0,1,0.0888347,1
8739863882,7,0.471988,-411,0,-1,0.0888347,1
8739863882,8,0.436,-1033,0,-2,0.0888347,1
8739863882,9,0.436,-1501,0,-1,0.0888347,1
8739863882,10,0.471988,-1160,0,-1,0.0888347,1
8739863882,11,0.412844,-2187,0,-1,0.0888347,1
8739863882,12,0.413562,-2070,0,-1,0.0888347,1
8739863882,13,0.471988,-1268,0,-1,0.0888347,1
8739863882,14,0.495043,-828,-1,2,0.0888347,1
8739863882,15,0.471988,-1265,0,2,0.0888347,1
8739863882,16,0.526917,-595,1,2,0.0888347,1
8739863882,17,0.634916,-643,2,2,0.0888347,1
8739863882,18,0.634916,-547,1,2,0.0888347,1
8739863882,19,0.587828,-1242,1,2,0.0888347,1
8739863882,20,0.634916,239,1,3,0.0888347,1
8739863882,21,0.669951,1037,1,3,0.0888347,1
8739863882,22,0.634916,744,1,2,0.0888347,1
8739863882,23,0.66539,344,1,2,0.0888347,1
8739863882,24,0.587828,4,1,1,0.0888347,1
8739863882,25,0.471988,-1260,1,1,0.0888347,1
8739863882,26,0.378426,-1822,1,-3,0.0888347,1
8739863882,27,0.344828,-3959,0,-3,0.0888347,1
8739863882,28,0.201036,-6190,-1,-3,0.0888347,1
8739863882,29,0.277228,-7103,-1,-1,0.0888347,1
8739863882,30,0.344828,-5103,-1,-1,0.0888347,1
8739863882,31,0.412844,-6250,-1,0,0.0888347,1
8739863882,32,0.471988,-4779,-1,0,0.0888347,1
8739863882,33,0.471988,-5082,-1,0,0.0888347,1
8739863882,34,0.471988,-4492,-1,0,0.0888347,1
8739863882,35,0.480438,-4577,0,0,0.0888347,1
8739863882,36,0.413562,-5205,0,0,0.0888347,1
8739863882,37,0.413562,-4779,0,0,0.0888347,1
8739863882,38,0.380325,-4947,0,-1,0.0888347,1
8739863882,39,0.310479,-7098,0,-1,0.0888347,1
8739863882,40,0.208333,-8878,-1,-3,0.0888347,1
8739863882,41,0.062718,-13433,-3,-3,0.0888347,1
8739863882,42,0.020992,-18091,-4,-5,0.0888347,1
8739863882,43,0.017442,-23229,-4,-5,0.0888347,1
8739863882,44,0.020992,-22572,-4,-4,0.0888347,1
8739863882,45,0.020992,-20826,-4,-6,0.0888347,1
8739863882,46,0.003,-23039,-4,-10,0.0888347,1
8739942292,0,0.380325,-417,0,-3,-0.204373,1
8739942292,1,0.471988,-126,0,-1,-0.204373,1
8739942292,2,0.471988,509,0,-2,-0.204373,1
8739942292,3,0.413562,100,0,-2,-0.204373,1
8739942292,4,0.480438,420,0,-1,-0.204373,1
8739942292,5,0.413562,258,0,-3,-0.204373,1
8739942292,6,0.413562,-233,0,-2,-0.204373,1
8739942292,7,0.413562,398,0,-3,-0.204373,1
8739942292,8,0.413562,-343,0,-2,-0.204373,1
8739942292,9,0.413562,-39,0,-2,-0.204373,1
8739942292,10,0.436,-184,-1,-1,-0.204373,1
8739942292,11,0.413562,-301,-1,0,-0.204373,1
8739942292,12,0.471988,96,0,2,-0.204373,1
8739942292,13,0.582902,1221,0,3,-0.204373,1
8739942292,14,0.471988,295,0,4,-0.204373,1
8739942292,15,0.526917,846,0,6,-0.204373,1
8739942292,16,0.634916,1216,0,8,-0.204373,1
8739942292,17,0.634916,2850,-1,9,-0.204373,1
8739942292,18,0.634916,2860,-1,10,-0.204373,1
8739942292,19,0.549098,2942,-1,8,-0.204373,1
8739942292,20,0.413562,359,0,8,-0.204373,1
8739942292,21,0.412844,481,0,8,-0.204373,1
8739942292,22,0.412844,570,0,10,-0.204373,1
8739942292,23,0.413562,1526,0,10,-0.204373,1
8739942292,24,0.436,1747,0,10,-0.204373,1
8739942292,25,0.436,1325,0,9,-0.204373,1
8739942292,26,0.436,1310,0,10,-0.204373,1
8739942292,27,0.412844,789,-1,10,-0.204373,1
8739942292,28,0.410072,-445,-1,11,-0.204373,1
8739942292,29,0.412844,-755,-1,11,-0.204373,1
8739942292,30,0.436,-951,-1,13,-0.204373,1
8739942292,31,0.495043,2507,0,13,-0.204373,1
8739942292,32,0.669951,2706,0,16,-0.204373,1
8739942292,33,0.761124,5979,1,16,-0.204373,1
8739942292,34,0.781479,7581,1,16,-0.204373,1
8739942292,35,0.634916,5792,1,16,-0.204373,1
8739942292,36,0.471988,3482,1,16,-0.204373,1
8739942292,37,0.413562,2686,1,16,-0.204373,1
8739942292,38,0.495043,2565,0,19,-0.204373,1
8739942292,39,0.634916,5605,1,19,-0.204373,1
8739942292,40,0.489796,6671,-1,17,-0.204373,1
8739942292,41,0.380325,37,-2,18,-0.204373,1
8739942292,42,0.378426,-1961,-2,18,-0.204373,1
8739942292,43,0.21131,-1769,-2,18,-0.204373,1
8739942292,44,0.307323,-251,-2,18,-0.204373,1
8739942292,45,0.310479,-1903,-2,18,-0.204373,1
8739942292,46,0.380325,-1810,-2,20,-0.204373,1
8739942292,47,0.471988,1558,-2,21,-0.204373,1
8739942292,48,0.634916,4597,-2,23,-0.204373,1
8739942292,49,0.634916,8268,-2,23,-0.204373,1
8739942292,50,0.781479,9124,-2,24,-0.204373,1
8739942292,51,0.66539,10874,-2,24,-0.204373,1
8739942292,52,0.66539,12125,-2,26,-0.204373,1
8739942292,53,0.66539,15456,-2,27,-0.204373,1
8739942292,54,0.843982,18612,0,30,-0.204373,1
8740029167,0,0.495043,100,0,1,-0.0376495,1
8740029167,1,0.66539,665,0,1,-0.0376495,1
8740029167,2,0.703448,890,0,1,-0.0376495,1
8740029167,3,0.762712,1044,0,3,-0.0376495,1
8740029167,4,0.761124,1144,0,4,-0.0376495,1
8740029167,5,0.781479,1573,0,4,-0.0376495,1
8740029167,6,0.781479,1655,0,4,-0.0376495,1
8740029167,7,0.703448,1617,0,4,-0.0376495,1
8740029167,8,0.773481,2539,0,3,-0.0376495,1
8740029167,9,0.66539,2659,0,2,-0.0376495,1
8740029167,10,0.66539,2806,0,1,-0.0376495,1
8740029167,11,0.634916,2549,-1,1,-0.0376495,1
8740029167,12,0.634916,2121,-1,3,-0.0376495,1
8740029167,13,0.634916,3574,-1,2,-0.0376495,1
8740029167,14,0.634916,2417,0,2,-0.0376495,1
8740029167,15,0.634916,3700,0,0,-0.0376495,1
8740029167,16,0.634916,2473,-1,0,-0.0376495,1
8740029167,17,0.634916,2641,1,-1,-0.0376495,1
8740029167,18,0.634916,3323,1,-1,-0.0376495,1
8740029167,19,0.634916,3045,1,-1,-0.0376495,1
8740029167,20,0.66539,3601,1,-1,-0.0376495,1
8740029167,21,0.634916,2890,0,-1,-0.0376495,1
8740029167,22,0.761124,4320,0,2,-0.0376495,1
8740029167,23,0.805025,7114,0,2,-0.0376495,1
8740029167,24,0.860656,7345,0,3,-0.0376495,1
8740029167,25,0.923077,7035,1,6,-0.0376495,1
8740029167,26,0.972028,9596,2,6,-0.0376495,1
8740029167,27,0.923077,10977,2,5,-0.0376495,1
8740029167,28,0.923077,11051,2,5,-0.0376495,1
8740029167,29,0.952542,13191,2,6,-0.0376495,1
8740029167,30,0.952542,14267,2,6,-0.0376495,1
8740029167,31,0.992925,14348,5,10,-0.0376495,1
8740029167,32,0.997,20747,5,14,-0.0376495,1
8740099172,0,0.380325,-403,0,0,-0.134795,1
8740099172,1,0.33162,-606,0,0,-0.134795,1
8740099172,2,0.21131,-1118,0,-1,-0.134795,1
8740099172,3,0.21131,-1711,0,0,-0.134795,1
8740099172,4,0.310479,-1222,0,-1,-0.134795,1
8740099172,5,0.208333,-1777,0,-4,-0.134795,1
8740099172,6,0.19398,-2575,0,-8,-0.134795,1
8740099172,7,0.132867,-3793,-1,-8,-0.134795,1
8740099172,8,0.130542,-4492,-1,-6,-0.134795,1
8740099172,9,0.201036,-3404,-2,-5,-0.134795,1
8740099172,10,0.208333,-3586,-2,-4,-0.134795,1
8740099172,11,0.208333,-3755,-3,-3,-0.134795,1
8740099172,12,0.21131,-3977,-3,-5,-0.134795,1
8740099172,13,0.201036,-6083,-3,-3,-0.134795,1
8740099172,14,0.201036,-5388,-3,-3,-0.134795,1
8740099172,15,0.111628,-6255,-3,-6,-0.134795,1
8740099172,16,0.045752,-8397,-3,-7,-0.134795,1
8740099172,17,0.045752,-9552,-3,-9,-0.134795,1
8740099172,18,0.031056,-10137,-3,-9,-0.134795,1
8740099172,19,0.020992,-12008,-4,-9,-0.134795,1
8740099172,20,0.025641,-12951,-4,-10,-0.134795,1
8740099172,21,0.006849,-13843,-5,-13,-0.134795,1
8740099172,22,0.003,-16588,-6,-15,-0.134795,1
8740099172,23,0.003,-19989,-7,-18,-0.134795,1
8740099172,24,0.003,-22584,-8,-22,-0.134795,1
8740099172,25,0.003,-27561,-9,-26,-0.134795,1
8740113631,0,0.549098,0,0,1,0.113421,1
8740113631,1,0.634916,223,0,1,0.113421,1
8740113631,2,0.634916,378,0,1,0.113421,1
8740113631,3,0.66539,646,0,2,0.113421,1
8740113631,4,0.66539,883,0,2,0.113421,1
8740113631,5,0.669951,1835,0,0,0.113421,1
8740113631,6,0.66539,1431,0,3,0.113421,1
8740113631,7,0.781479,2694,1,3,0.113421,1
8740113631,8,0.830357,4196,1,3,0.113421,1
8740113631,9,0.910931,4905,2,3,0.113421,1
8740113631,10,0.915994,5717,2,3,0.113421,1
8740113631,11,0.823105,5182,2,0,0.113421,1
8740113631,12,0.634916,3628,2,-2,0.113421,1
8740113631,13,0.582902,2739,3,-3,0.113421,1
8740113631,14,0.634916,3341,3,-5,0.113421,1
8740113631,15,0.495043,3148,2,-6,0.113421,1
8740113631,16,0.587828,2401,1,-8,0.113421,1
8740113631,17,0.436,445,1,-9,0.113421,1
8740113631,18,0.436,165,1,-10,0.113421,1
8740113631,19,0.413562,379,0,-11,0.113421,1
8740113631,20,0.412844,-393,0,-12,0.113421,1
8740113631,21,0.436,227,0,-12,0.113421,1
8740113631,22,0.480438,1761,0,-14,0.113421,1
8740113631,23,0.413562,605,0,-14,0.113421,1
8740113631,24,0.471988,1232,0,-15,0.113421,1
8740113631,25,0.436,1354,0,-16,0.113421,1
8740113631,26,0.378426,144,0,-18,0.113421,1
8740113631,27,0.310479,-380,0,-20,0.113421,1
8740113631,28,0.21131,-2448,0,-20,0.113421,1
8740113631,29,0.296875,-1709,-2,-20,0.113421,1
8740113631,30,0.277228,-1656,-2,-21,0.113421,1
8740113631,31,0.307323,-3170,-2,-21,0.113421,1
8740113631,32,0.307323,-3222,-2,-24,0.113421,1
8740113631,33,0.21131,-4477,-3,-23,0.113421,1
8740113631,34,0.296875,-2957,-3,-24,0.113421,1
8740113631,35,0.344828,-1479,-3,-24,0.113421,1
8740113631,36,0.307323,-526,-3,-27,0.113421,1
8740113631,37,0.33162,-2981,-4,-28,0.113421,1
8740113631,38,0.062718,-5834,-6,-28,0.113421,1
8740113631,39,0.025641,-9067,-6,-31,0.113421,1
8740113631,40,0.017442,-13147,-8,-32,0.113421,1
8740229893,0,0.471988,0,0,0,-0.118015,1
8740229893,1,0.471988,-37,0,0,-0.118015,1
8740229893,2,0.471988,18,0,1,-0.118015,1
8740229893,3,0.526917,392,0,2,-0.118015,1
8740229893,4,0.549098,735,0,1,-0.118015,1
8740229893,5,0.554795,599,0,1,-0.118015,1
8740229893,6,0.554795,844,0,1,-0.118015,1
8740229893,7,0.582902,925,0,3,-0.118015,1
8740229893,8,0.634916,1781,1,4,-0.118015,1
8740229893,9,0.66539,3389,1,4,-0.118015,1
8740229893,10,0.700368,4140,1,5,-0.118015,1
8740229893,11,0.781479,4469,1,5,-0.118015,1
8740229893,12,0.781479,4848,2,4,-0.118015,1
8740229893,13,0.761124,5506,2,1,-0.118015,1
8740229893,14,0.634916,3602,2,0,-0.118015,1
8740229893,15,0.526917,3672,2,-2,-0.118015,1
8740229893,16,0.526917,3415,2,-2,-0.118015,1
8740229893,17,0.587828,3457,2,-1,-0.118015,1
8740229893,18,0.634916,4537,2,-2,-0.118015,1
8740229893,19,0.634916,3919,2,-3,-0.118015,1
8740229893,20,0.634916,3596,2,-5,-0.118015,1
8740229893,21,0.471988,2629,2,-8,-0.118015,1
8740229893,22,0.378426,-45,1,-10,-0.118015,1
8740229893,23,0.310479,-1547,1,-10,-0.118015,1
8740229893,24,0.307323,-2114,0,-10,-0.118015,1
8740229893,25,0.380325,-1188,0,-10,-0.118015,1
8740229893,26,0.471988,-877,0,-5,-0.118015,1
8740229893,27,0.669951,1983,2,-6,-0.118015,1
8740229893,28,0.915994,3323,3,-4,-0.118015,1
8740229893,29,0.899614,6927,3,-7,-0.118015,1
8740229893,30,0.781479,5548,2,-9,-0.118015,1
8740229893,31,0.413562,1158,1,-9,-0.118015,1
8740229893,32,0.582902,1754,1,-8,-0.118015,1
8740229893,33,0.634916,2742,1,-6,-0.118015,1
8740229893,34,0.781479,4203,1,-5,-0.118015,1
8740229893,35,0.843982,5311,1,-6,-0.118015,1
8740229893,36,0.634916,4241,1,-10,-0.118015,1
8740229893,37,0.201036,-694,-2,-11,-0.118015,1
8740229893,38,0.020992,-7440,-4,-14,-0.118015,1
8740349068,0,0.634916,0,0,1,0.444475,1
8740349068,1,0.762712,515,0,1,0.444475,1
8740349068,2,0.773481,545,0,1,0.444475,1
8740349068,3,0.761124,780,0,0,0.444475,1
8740349068,4,0.700368,524,0,1,0.444475,1
8740349068,5,0.703448,907,0,3,0.444475,1
8740349068,6,0.762712,1536,0,3,0.444475,1
8740349068,7,0.66539,1293,0,2,0.444475,1
8740349068,8,0.700368,1383,0,3,0.444475,1
8740349068,9,0.761124,2141,0,2,0.444475,1
8740349068,10,0.700368,2669,0,2,0.444475,1
8740349068,11,0.66539,2245,-1,2,0.444475,1
8740349068,12,0.669951,1514,0,2,0.444475,1
8740349068,13,0.700368,2785,0,1,0.444475,1
8740349068,14,0.700368,2350,1,0,0.444475,1
8740349068,15,0.703448,2957,1,0,0.444475,1
8740349068,16,0.700368,3286,1,1,0.444475,1
8740349068,17,0.761124,3725,1,1,0.444475,1
8740349068,18,0.700368,2895,1,-1,0.444475,1
8740349068,19,0.669951,2117,1,1,0.444475,1
8740349068,20,0.761124,3552,1,1,0.444475,1
8740349068,21,0.761124,3692,1,1,0.444475,1
8740349068,22,0.700368,3835,1,1,0.444475,1
8740349068,23,0.66539,3087,0,1,0.444475,1
8740349068,24,0.634916,1607,0,1,0.444475,1
8740349068,25,0.495043,887,0,-1,0.444475,1
8740349068,26,0.526917,-944,0,1,0.444475,1
8740349068,27,0.634916,814,0,3,0.444475,1
8740349068,28,0.669951,4008,0,2,0.444475,1
8740349068,29,0.634916,2418,0,1,0.444475,1
8740349068,30,0.634916,1431,-1,1,0.444475,1
8740349068,31,0.634916,140,-1,3,0.444475,1
8740349068,32,0.634916,1913,-1,3,0.444475,1
8740349068,33,0.66539,1429,-1,6,0.444475,1
8740349068,34,0.843982,4110,0,7,0.444475,1
8740349068,35,0.952542,7186,1,10,0.444475,1
8740349068,36,0.952542,9640,2,8,0.444475,1
8740349068,37,0.915994,6755,2,8,0.444475,1
8740349068,38,0.915994,4776,2,12,0.444475,1
8740349068,39,0.952542,8642,3,12,0.444475,1
8740404132,0,0.549098,0,0,0,0.0896277,1
8740404132,1,0.634916,432,0,-1,0.0896277,1
8740404132,2,0.582902,132,0,-1,0.0896277,1
8740404132,3,0.634916,281,0,-1,0.0896277,1
8740404132,4,0.634916,804,0,-1,0.0896277,1
8740404132,5,0.634916,734,0,0,0.0896277,1
8740404132,6,0.669951,1323,0,1,0.0896277,1
8740404132,7,0.761124,1821,0,2,0.0896277,1
8740404132,8,0.781479,2320,1,2,0.0896277,1
8740404132,9,0.805025,3139,1,2,0.0896277,1
8740404132,10,0.805025,2902,1,5,0.0896277,1
8740404132,11,0.915994,4399,3,5,0.0896277,1
8740404132,12,0.878472,4696,3,3,0.0896277,1
8740404132,13,0.781479,3453,3,3,0.0896277,1
8740404132,14,0.781479,4027,3,2,0.0896277,1
8740404132,15,0.66539,3819,2,2,0.0896277,1
8740404132,16,0.66539,3401,1,2,0.0896277,1
8740404132,17,0.66539,3149,1,2,0.0896277,1
8740404132,18,0.781479,4677,1,5,0.0896277,1
8740404132,19,0.915994,6726,1,6,0.0896277,1
8740404132,20,0.923077,7192,1,7,0.0896277,1
8740404132,21,0.952542,7981,1,7,0.0896277,1
8740404132,22,0.851064,6843,1,4,0.0896277,1
8740404132,23,0.66539,4986,1,4,0.0896277,1
8740404132,24,0.703448,5599,1,4,0.0896277,1
8740404132,25,0.718062,6037,1,5,0.0896277,1
8740404132,26,0.899614,7634,1,10,0.0896277,1
8740404132,27,0.98731,11368,3,10,0.0896277,1
8740404132,28,0.992925,15714,5,8,0.0896277,1
8740404132,29,0.992925,14468,5,10,0.0896277,1
8740404132,30,0.992925,15546,5,9,0.0896277,1
8740404132,31,0.972028,15148,5,11,0.0896277,1
8740404132,32,0.992925,15902,7,12,0.0896277,1
8740406106,0,0.582902,403,0,1,0.0595695,1
8740406106,1,0.634916,740,0,1,0.0595695,1
8740406106,2,0.634916,721,0,1,0.0595695,1
8740406106,3,0.634916,824,0,2,0.0595695,1
8740406106,4,0.634916,1058,0,3,0.0595695,1
8740406106,5,0.634916,932,0,2,0.0595695,1
8740406106,6,0.634916,597,0,2,0.0595695,1
8740406106,7,0.587828,802,0,1,0.0595695,1
8740406106,8,0.471988,167,0,1,0.0595695,1
8740406106,9,0.480438,172,1,0,0.0595695,1
8740406106,10,0.480438,-234,1,0,0.0595695,1
8740406106,11,0.480438,-577,1,2,0.0595695,1
8740406106,12,0.582902,794,2,2,0.0595695,1
8740406106,13,0.634916,1388,2,2,0.0595695,1
8740406106,14,0.66539,1195,3,4,0.0595695,1
8740406106,15,0.669951,2707,3,4,0.0595695,1
8740406106,16,0.66539,3460,3,4,0.0595695,1
8740406106,17,0.66539,2948,2,4,0.0595695,1
8740406106,18,0.66539,2996,2,5,0.0595695,1
8740406106,19,0.634916,3668,2,5,0.0595695,1
8740406106,20,0.634916,3103,3,5,0.0595695,1
8740406106,21,0.843982,5334,4,8,0.0595695,1
8740406106,22,0.952542,9091,4,8,0.0595695,1
8740406106,23,0.952542,9690,4,8,0.0595695,1
8740406106,24,0.952542,9979,4,8,0.0595695,1
8740406106,25,0.952542,10596,4,8,0.0595695,1
8740406106,26,0.923077,9740,4,10,0.0595695,1
8740406106,27,0.910931,9982,4,10,0.0595695,1
8740406106,28,0.923077,11594,4,10,0.0595695,1
8740406106,29,0.952542,12026,4,11,0.0595695,1
8740406106,30,0.952542,12344,5,11,0.0595695,1
8740406106,31,0.972028,13546,5,11,0.0595695,1
8740406106,32,0.952542,13009,5,10,0.0595695,1
8740406106,33,0.923077,13178,5,10,0.0595695,1
8740406106,34,0.899614,13117,4,10,0.0595695,1
8740406106,35,0.718062,11989,3,6,0.0595695,1
8740406106,36,0.634916,7099,3,6,0.0595695,1
8740406106,37,0.634916,6018,3,4,0.0595695,1
8740406106,38,0.380325,2468,2,4,0.0595695,1
8740406106,39,0.262069,1954,1,1,0.0595695,1
8740406106,40,0.378426,-2278,1,3,0.0595695,1
8740406106,41,0.452381,1011,1,2,0.0595695,1
8740406106,42,0.471988,529,0,2,0.0595695,1
8740406106,43,0.272171,175,-2,1,0.0595695,1
8740406106,44,0.062718,-5206,-4,-2,0.0595695,1
8740406106,45,0.031056,-5743,-4,-3,0.0595695,1
8740406106,46,0.020992,-5927,-4,-5,0.0595695,1
8740430953,0,0.495043,0,0,0,0.0221524,1
8740430953,1,0.413562,-322,0,-2,0.0221524,1
8740430953,2,0.380325,-878,0,-2,0.0221524,1
8740430953,3,0.471988,-238,0,-2,0.0221524,1
8740430953,4,0.413562,-679,0,-2,0.0221524,1
8740430953,5,0.380325,-1110,0,-4,0.0221524,1
8740430953,6,0.310479,-2041,0,-4,0.0221524,1
8740430953,7,0.33162,-1875,0,-5,0.0221524,1
8740430953,8,0.310479,-2273,0,-6,0.0221524,1
8740430953,9,0.307323,-2742,0,-6,0.0221524,1
8740430953,10,0.310479,-2988,-1,-5,0.0221524,1
8740430953,11,0.310479,-3538,-1,-6,0.0221524,1
8740430953,12,0.359504,-4235,-1,-5,0.0221524,1
8740430953,13,0.359504,-4305,-1,-5,0.0221524,1
8740430953,14,0.378426,-4221,-1,-6,0.0221524,1
8740430953,15,0.307323,-4470,-1,-6,0.0221524,1
8740430953,16,0.310479,-4921,-1,-6,0.0221524,1
8740430953,17,0.307323,-5295,-1,-6,0.0221524,1
8740430953,18,0.33162,-5617,-1,-5,0.0221524,1
8740430953,19,0.378426,-5212,-1,-4,0.0221524,1
8740430953,20,0.412844,-4763,-1,-4,0.0221524,1
8740430953,21,0.412844,-4818,-1,-2,0.0221524,1
8740430953,22,0.471988,-3505,-1,-2,0.0221524,1
8740430953,23,0.410072,-5106,-2,-2,0.0221524,1
8740430953,24,0.380325,-5448,0,-4,0.0221524,1
8740430953,25,0.413562,-4718,0,-3,0.0221524,1
8740430953,26,0.378426,-4162,0,-6,0.0221524,1
8740430953,27,0.307323,-7523,-1,-4,0.0221524,1
8740430953,28,0.21131,-6343,-1,-6,0.0221524,1
8740430953,29,0.296875,-5685,-1,-6,0.0221524,1
8740430953,30,0.208333,-5823,-1,-6,0.0221524,1
8740430953,31,0.310479,-5816,-2,-6,0.0221524,1
8740430953,32,0.19398,-6273,-2,-9,0.0221524,1
8740430953,33,0.045752,-8134,-2,-13,0.0221524,1
8740532047,0,0.494898,0,0,0,0.0595695,1
8740532047,1,0.494898,-8,0,0,0.0595695,1
8740532047,2,0.495043,111,0,0,0.0595695,1
8740532047,3,0.587828,285,0,0,0.0595695,1
8740532047,4,0.591667,695,0,0,0.0595695,1
8740532047,5,0.587828,677,0,0,0.0595695,1
8740532047,6,0.634916,1255,0,1,0.0595695,1
8740532047,7,0.634916,1640,0,0,0.0595695,1
8740532047,8,0.634916,1117,0,1,0.0595695,1
8740532047,9,0.634916,1790,0,-1,0.0595695,1
8740532047,10,0.634916,653,0,0,0.0595695,1
8740532047,11,0.634916,1458,2,0,0.0595695,1
8740532047,12,0.669951,2473,2,3,0.0595695,1
8740532047,13,0.781479,3568,3,3,0.0595695,1
8740532047,14,0.843982,4528,3,5,0.0595695,1
8740532047,15,0.860656,6149,3,3,0.0595695,1
8740532047,16,0.700368,4202,3,2,0.0595695,1
8740532047,17,0.634916,3026,3,0,0.0595695,1
8740532047,18,0.634916,2533,3,1,0.0595695,1
8740532047,19,0.526917,2636,2,-2,0.0595695,1
8740532047,20,0.413562,-507,2,-3,0.0595695,1
8740532047,21,0.471988,-167,2,-3,0.0595695,1
8740532047,22,0.413562,-1828,1,-2,0.0595695,1
8740532047,23,0.413562,-1493,1,-1,0.0595695,1
8740532047,24,0.554795,-664,1,1,0.0595695,1
8740532047,25,0.8,1511,2,4,0.0595695,1
8740532047,26,0.972028,5629,3,5,0.0595695,1
8740532047,27,0.992925,9275,5,8,0.0595695,1
8740532047,28,0.997,13854,6,7,0.0595695,1
8740532047,29,0.992925,14007,6,7,0.0595695,1
8740532047,30,0.992925,13139,8,5,0.0595695,1
8740532047,31,0.972028,11004,8,5,0.0595695,1
8740532047,32,0.962687,10281,8,9,0.0595695,1
8740605482,0,0.526917,0,0,0,0.179737,1
8740605482,1,0.413562,-417,0,-1,0.179737,1
8740605482,2,0.471988,-636,0,0,0.179737,1
8740605482,3,0.380325,-1112,0,-1,0.179737,1
8740605482,4,0.378426,-1411,0,-2,0.179737,1
8740605482,5,0.380325,-1389,0,-2,0.179737,1
8740605482,6,0.344828,-1773,0,-2,0.179737,1
8740605482,7,0.310479,-2049,0,-1,0.179737,1
8740605482,8,0.412844,-2228,1,0,0.179737,1
8740605482,9,0.526917,-653,1,3,0.179737,1
8740605482,10,0.634916,653,1,3,0.179737,1
8740605482,11,0.634916,112,1,2,0.179737,1
8740605482,12,0.471988,-1241,1,1,0.179737,1
8740605482,13,0.471988,-1568,2,0,0.179737,1
8740605482,14,0.410072,-2109,2,-1,0.179737,1
8740605482,15,0.380325,-2540,2,0,0.179737,1
8740605482,16,0.413562,-2159,2,0,0.179737,1
8740605482,17,0.380325,-3243,2,0,0.179737,1
8740605482,18,0.380325,-3082,2,-3,0.179737,1
8740605482,19,0.277228,-6057,1,-3,0.179737,1
8740605482,20,0.201036,-7480,1,-3,0.179737,1
8740605482,21,0.136364,-8260,1,-6,0.179737,1
8740605482,22,0.130542,-10108,0,-5,0.179737,1
8740605482,23,0.19398,-10380,0,-5,0.179737,1
8740605482,24,0.132867,-10125,-1,-5,0.179737,1
8740605482,25,0.062718,-10589,-2,-8,0.179737,1
8740605482,26,0.130542,-14060,-2,-5,0.179737,1
8740605482,27,0.208333,-10242,-2,-5,0.179737,1
8740605482,28,0.307323,-10031,-2,-2,0.179737,1
8740605482,29,0.413562,-5931,-2,-2,0.179737,1
8740605482,30,0.587828,-4551,-2,-2,0.179737,1
8740605482,31,0.480438,-3811,-2,-3,0.179737,1
8740605482,32,0.471988,-5043,-2,-1,0.179737,1
8740605482,33,0.471988,-2615,-2,-1,0.179737,1
8740605482,34,0.413562,-3788,-2,-1,0.179737,1
8740605482,35,0.471988,-4120,-2,0,0.179737,1
8740605482,36,0.471988,-4707,-2,1,0.179737,1
8740605482,37,0.495043,-3438,-2,1,0.179737,1
8740605482,38,0.413562,-3489,-3,1,0.179737,1
8740605482,39,0.378426,-4109,-4,-1,0.179737,1
8740605482,40,0.094293,-7368,-4,-3,0.179737,1
8740605482,41,0.045752,-12172,-5,-3,0.179737,1
8740605482,42,0.045752,-14381,-5,-3,0.179737,1
8740605482,43,0.045752,-14813,-5,-3,0.179737,1
8740605482,44,0.062718,-15375,-5,-3,0.179737,1
8740605482,45,0.094293,-15474,-5,-5,0.179737,1
8740605482,46,0.020992,-17310,-5,-6,0.179737,1
8740605482,47,0.003,-19734,-8,-9,0.179737,1
8740634671,0,0.471988,0,0,0,-0.377843,1
8740634671,1,0.471988,22,0,0,-0.377843,1
8740634671,2,0.413562,-216,0,1,-0.377843,1
8740634671,3,0.480438,227,0,1,-0.377843,1
8740634671,4,0.495043,449,0,0,-0.377843,1
8740634671,5,0.471988,-147,0,0,-0.377843,1
8740634671,6,0.495043,-130,0,2,-0.377843,1
8740634671,7,0.582902,663,0,2,-0.377843,1
8740634671,8,0.634916,1210,0,3,-0.377843,1
8740634671,9,0.634916,1407,1,3,-0.377843,1
8740634671,10,0.66539,1783,1,3,-0.377843,1
8740634671,11,0.634916,1760,1,3,-0.377843,1
8740634671,12,0.634916,2071,1,3,-0.377843,1
8740634671,13,0.634916,2072,0,4,-0.377843,1
8740634671,14,0.495043,1317,1,3,-0.377843,1
8740634671,15,0.495043,1678,1,3,-0.377843,1
8740634671,16,0.495043,1794,1,4,-0.377843,1
8740634671,17,0.587828,1735,1,6,-0.377843,1
8740634671,18,0.634916,2561,1,6,-0.377843,1
8740634671,19,0.634916,2500,0,6,-0.377843,1
8740634671,20,0.634916,1548,0,7,-0.377843,1
8740634671,21,0.634916,2403,0,8,-0.377843,1
8740634671,22,0.582902,2216,1,8,-0.377843,1
8740634671,23,0.526917,3113,1,7,-0.377843,1
8740634671,24,0.494898,2981,1,7,-0.377843,1
8740634671,25,0.526917,3949,1,7,-0.377843,1
8740634671,26,0.634916,4155,2,8,-0.377843,1
8740634671,27,0.587828,4585,1,5,-0.377843,1
8740634671,28,0.412844,608,0,4,-0.377843,1
8740634671,29,0.378426,-1673,0,4,-0.377843,1
8740634671,30,0.378426,-2685,0,4,-0.377843,1
8740634671,31,0.344828,-3774,0,4,-0.377843,1
8740634671,32,0.471988,-3747,-1,5,-0.377843,1
8740634671,33,0.554795,-4186,-1,8,-0.377843,1
8740634671,34,0.66539,-1720,-1,9,-0.377843,1
8740634671,35,0.700368,-579,0,9,-0.377843,1
8740634671,36,0.700368,678,0,9,-0.377843,1
8740634671,37,0.634916,362,0,8,-0.377843,1
8740634671,38,0.554795,-1361,0,8,-0.377843,1
8740634671,39,0.471988,-2465,0,8,-0.377843,1
8740634671,40,0.549098,-2899,0,9,-0.377843,1
8740634671,41,0.554795,-1658,0,9,-0.377843,1
8740634671,42,0.587828,-888,0,9,-0.377843,1
8740634671,43,0.634916,-871,0,9,-0.377843,1
8740634671,44,0.634916,421,0,9,-0.377843,1
8740634671,45,0.591667,-1264,0,9,-0.377843,1
8740634671,46,0.494898,-1736,1,8,-0.377843,1
8740634671,47,0.495043,400,1,8,-0.377843,1
8740634671,48,0.494898,540,1,8,-0.377843,1
8740634671,49,0.480438,218,0,8,-0.377843,1
8740634671,50,0.480438,374,0,8,-0.377843,1
8740634671,51,0.495043,654,0,8,-0.377843,1
8740634671,52,0.587828,1897,0,9,-0.377843,1
8740634671,53,0.66539,3852,0,10,-0.377843,1
8740634671,54,0.554795,6935,-1,9,-0.377843,1
8740634671,55,0.412844,2185,-3,9,-0.377843,1
8740634671,56,0.413562,-3690,-3,10,-0.377843,1
8740634671,57,0.554795,-2723,-1,12,-0.377843,1
8740634671,58,0.66539,3366,0,14,-0.377843,1
8740648852,0,0.554795,0,0,0,0.19724,1
8740648852,1,0.526917,-151,0,1,0.19724,1
8740648852,2,0.634916,394,0,1,0.19724,1
8740648852,3,0.634916,490,0,1,0.19724,1
8740648852,4,0.634916,555,0,1,0.19724,1
8740648852,5,0.634916,682,0,2,0.19724,1
8740648852,6,0.634916,584,0,2,0.19724,1
8740648852,7,0.634916,649,0,3,0.19724,1
8740648852,8,0.634916,683,0,3,0.19724,1
8740648852,9,0.634916,879,0,3,0.19724,1
8740648852,10,0.582902,376,0,3,0.19724,1
8740648852,11,0.582902,370,0,2,0.19724,1
8740648852,12,0.480438,-364,0,2,0.19724,1
8740648852,13,0.549098,-765,0,4,0.19724,1
8740648852,14,0.549098,-302,2,3,0.19724,1
8740648852,15,0.634916,-115,1,5,0.19724,1
8740648852,16,0.634916,364,1,2,0.19724,1
8740648852,17,0.410072,-2706,2,1,0.19724,1
8740648852,18,0.412844,-2868,1,2,0.19724,1
8740648852,19,0.495043,-1066,1,5,0.19724,1
8740648852,20,0.587828,951,1,6,0.19724,1
8740648852,21,0.761124,1880,1,8,0.19724,1
8740648852,22,0.843982,3001,1,10,0.19724,1
8740648852,23,0.843982,4151,1,10,0.19724,1
8740648852,24,0.700368,3851,1,8,0.19724,1
8740648852,25,0.634916,2299,1,7,0.19724,1
8740648852,26,0.471988,1499,1,3,0.19724,1
8740648852,27,0.296875,-3657,0,2,0.19724,1
8740648852,28,0.130542,-5618,-1,0,0.19724,1
8740648852,29,0.090909,-9087,-1,-2,0.19724,1
8740648852,30,0.062718,-10372,-1,-3,0.19724,1
8740648852,31,0.062718,-11543,-1,-3,0.19724,1
8740648852,32,0.208333,-9223,-1,-1,0.19724,1
8740648852,33,0.380325,-6531,0,0,0.19724,1
8740648852,34,0.634916,-5218,0,4,0.19724,1
8740648852,35,0.78125,-962,0,4,0.19724,1
8740648852,36,0.805025,-88,0,5,0.19724,1
8740648852,37,0.805025,805,0,8,0.19724,1
8740648852,38,0.915994,4264,1,9,0.19724,1
8740648852,39,0.98731,6015,3,12,0.19724,1
8740648852,40,0.992925,14915,3,12,0.19724,1
8740724446,0,0.582902,0,0,0,0.294308,1
8740724446,1,0.582902,8,0,0,0.294308,1
8740724446,2,0.582902,48,0,0,0.294308,1
8740724446,3,0.526917,-290,0,0,0.294308,1
8740724446,4,0.582902,-166,0,0,0.294308,1
8740724446,5,0.634916,122,0,1,0.294308,1
8740724446,6,0.66539,835,0,2,0.294308,1
8740724446,7,0.781479,1765,1,2,0.294308,1
8740724446,8,0.830357,2872,1,3,0.294308,1
8740724446,9,0.781479,2625,1,2,0.294308,1
8740724446,10,0.781479,2842,2,2,0.294308,1
8740724446,11,0.781479,4034,2,2,0.294308,1
8740724446,12,0.843982,4335,3,3,0.294308,1
8740724446,13,0.910931,4544,3,5,0.294308,1
8740724446,14,0.910931,5556,2,5,0.294308,1
8740724446,15,0.805025,4648,1,5,0.294308,1
8740724446,16,0.781479,4082,1,6,0.294308,1
8740724446,17,0.805025,4639,1,7,0.294308,1
8740724446,18,0.805025,5085,1,8,0.294308,1
8740724446,19,0.915994,6264,1,12,0.294308,1
8740724446,20,0.962687,8770,1,12,0.294308,1
8740724446,21,0.972028,9944,1,14,0.294308,1
8740724446,22,0.972028,11385,1,14,0.294308,1
8740724446,23,0.972028,10587,0,16,0.294308,1
8740724446,24,0.952542,9700,0,18,0.294308,1
8740724446,25,0.972028,11026,1,18,0.294308,1
8740724446,26,0.972028,11671,1,20,0.294308,1
8740724446,27,0.992925,12699,2,22,0.294308,1
8740724446,28,0.992537,13360,2,22,0.294308,1
8740724446,29,0.976331,16317,2,22,0.294308,1
8740724446,30,0.962687,14298,2,22,0.294308,1
8740724446,31,0.992925,13853,4,26,0.294308,1
8740724446,32,0.997,18968,6,26,0.294308,1
8740724446,33,0.997,19491,6,29,0.294308,1
8740813326,0,0.526917,-376,0,-1,0.147661,1
8740813326,1,0.471988,-737,0,-1,0.147661,1
8740813326,2,0.413562,-843,0,-2,0.147661,1
8740813326,3,0.380325,-1364,0,-2,0.147661,1
8740813326,4,0.436,-831,0,-2,0.147661,1
8740813326,5,0.471988,-950,0,-2,0.147661,1
8740813326,6,0.549098,-864,0,-1,0.147661,1
8740813326,7,0.489796,-1018,1,-3,0.147661,1
8740813326,8,0.489796,-752,0,-4,0.147661,1
8740813326,9,0.413562,-1988,0,-5,0.147661,1
8740813326,10,0.344828,-3211,0,-6,0.147661,1
8740813326,11,0.344828,-2726,0,-7,0.147661,1
8740813326,12,0.378426,-3337,0,-7,0.147661,1
8740813326,13,0.413562,-2944,1,-7,0.147661,1
8740813326,14,0.436,-1908,2,-8,0.147661,1
8740813326,15,0.436,-2653,2,-8,0.147661,1
8740813326,16,0.495043,-2902,1,-6,0.147661,1
8740813326,17,0.526917,-2125,0,-5,0.147661,1
8740813326,18,0.634916,-1380,1,-7,0.147661,1
8740813326,19,0.587828,-2210,1,-5,0.147661,1
8740813326,20,0.634916,-1384,1,-3,0.147661,1
8740813326,21,0.66539,231,1,-3,0.147661,1
8740813326,22,0.78125,194,1,1,0.147661,1
8740813326,23,0.910959,4043,1,1,0.147661,1
8740813326,24,0.805025,6397,1,-3,0.147661,1
8740813326,25,0.66539,3418,1,-3,0.147661,1
8740813326,26,0.700368,3076,1,-4,0.147661,1
8740813326,27,0.412844,1554,-1,-5,0.147661,1
8740813326,28,0.307323,-619,-2,-5,0.147661,1
8740813326,29,0.277228,-1251,-3,-8,0.147661,1
8740813326,30,0.111628,-6100,-4,-8,0.147661,1
8740813326,31,0.21131,-6530,-4,-6,0.147661,1
8740813326,32,0.380325,-3344,-4,-6,0.147661,1
8740813326,33,0.307323,-1989,-4,-9,0.147661,1
8740813326,34,0.208333,-3640,-4,-12,0.147661,1
8740813326,35,0.111628,-7068,-4,-12,0.147661,1
8740872334,0,0.494898,0,0,0,0.0516453,1
8740872334,1,0.495043,-49,0,0,0.0516453,1
8740872334,2,0.495043,-124,0,1,0.0516453,1
8740872334,3,0.577982,231,0,1,0.0516453,1
8740872334,4,0.582902,211,0,2,0.0516453,1
8740872334,5,0.634916,322,0,4,0.0516453,1
8740872334,6,0.66539,893,0,6,0.0516453,1
8740872334,7,0.66539,1740,0,6,0.0516453,1
8740872334,8,0.781479,2257,0,5,0.0516453,1
8740872334,9,0.761124,1939,1,6,0.0516453,1
8740872334,10,0.781479,2940,2,6,0.0516453,1
8740872334,11,0.634916,3269,2,5,0.0516453,1
8740872334,12,0.634916,3028,3,6,0.0516453,1
8740872334,13,0.66539,2880,3,7,0.0516453,1
8740872334,14,0.634916,3461,3,6,0.0516453,1
8740872334,15,0.634916,2114,3,5,0.0516453,1
8740872334,16,0.66539,1749,3,7,0.0516453,1
8740872334,17,0.669951,2644,3,8,0.0516453,1
8740872334,18,0.634916,2702,3,9,0.0516453,1
8740872334,19,0.591667,2263,3,8,0.0516453,1
8740872334,20,0.489796,1015,2,8,0.0516453,1
8740872334,21,0.471988,-131,2,8,0.0516453,1
8740872334,22,0.413562,-244,2,7,0.0516453,1
8740872334,23,0.413562,-907,1,7,0.0516453,1
8740872334,24,0.436,-1155,1,9,0.0516453,1
8740872334,25,0.582902,314,2,10,0.0516453,1
8740872334,26,0.526917,1092,1,10,0.0516453,1
8740872334,27,0.634916,941,1,12,0.0516453,1
8740872334,28,0.761124,3702,1,12,0.0516453,1
8740872334,29,0.805025,5095,1,14,0.0516453,1
8740872334,30,0.899614,6728,1,16,0.0516453,1
8740872334,31,0.952542,7013,2,17,0.0516453,1
8740872334,32,0.915994,8012,2,17,0.0516453,1
8740872334,33,0.915994,8507,2,17,0.0516453,1
8740872334,34,0.972028,8911,4,18,0.0516453,1
8740872334,35,0.972028,12316,4,18,0.0516453,1
8740872334,36,0.952542,12736,4,18,0.0516453,1
8740872334,37,0.952542,13284,4,18,0.0516453,1
8740872334,38,0.962687,12279,4,19,0.0516453,1
8740872334,39,0.962687,11896,4,20,0.0516453,1
8740872334,40,0.952542,12244,4,21,0.0516453,1
8740872334,41,0.98731,13896,6,22,0.0516453,1
8740872334,42,0.992925,16322,6,22,0.0516453,1
8740872334,43,0.972028,15822,6,20,0.0516453,1
8740872334,44,0.992537,13556,7,25,0.0516453,1
8740951148,0,0.582902,388,0,1,0.0390437,1
8740951148,1,0.587828,464,0,2,0.0390437,1
8740951148,2,0.781479,866,0,5,0.0390437,1
8740951148,3,0.761124,1246,0,6,0.0390437,1
8740951148,4,0.781479,1752,0,6,0.0390437,1
8740951148,5,0.66539,1440,0,6,0.0390437,1
8740951148,6,0.634916,1352,0,7,0.0390437,1
8740951148,7,0.634916,1392,0,7,0.0390437,1
8740951148,8,0.634916,1683,0,8,0.0390437,1
8740951148,9,0.66539,2209,-1,10,0.0390437,1
8740951148,10,0.634916,1893,-2,9,0.0390437,1
8740951148,11,0.66539,2110,-1,9,0.0390437,1
8740951148,12,0.66539,1555,-1,11,0.0390437,1
8740951148,13,0.634916,2903,-1,8,0.0390437,1
8740951148,14,0.471988,822,-1,10,0.0390437,1
8740951148,15,0.495043,1386,-1,11,0.0390437,1
8740951148,16,0.582902,2057,-1,12,0.0390437,1
8740951148,17,0.495043,2344,-1,12,0.0390437,1
8740951148,18,0.634916,1397,-1,14,0.0390437,1
8740951148,19,0.634916,2179,-1,15,0.0390437,1
8740951148,20,0.587828,2997,-1,14,0.0390437,1
8740951148,21,0.413562,640,-1,14,0.0390437,1
8740951148,22,0.489796,811,-2,17,0.0390437,1
8740951148,23,0.587828,3695,-2,17,0.0390437,1
8740951148,24,0.526917,4012,-2,16,0.0390437,1
8740951148,25,0.436,2406,-2,15,0.0390437,1
8740951148,26,0.436,936,-2,16,0.0390437,1
8740951148,27,0.436,681,-2,18,0.0390437,1
8740951148,28,0.471988,1566,-2,19,0.0390437,1
8740951148,29,0.380325,2820,-4,18,0.0390437,1
8740951148,30,0.378426,-2137,-4,20,0.0390437,1
8740951148,31,0.413562,782,-4,20,0.0390437,1
8740951148,32,0.33162,547,-4,19,0.0390437,1
8740951148,33,0.307323,-599,-4,19,0.0390437,1
8740951148,34,0.296875,-1007,-4,18,0.0390437,1
8740951148,35,0.130542,-1326,-4,13,0.0390437,1
8740951148,36,0.020992,-6478,-5,13,0.0390437,1
8740954537,0,0.494898,0,0,-1,0.0595695,1
8740954537,1,0.436,-628,0,-1,0.0595695,1
8740954537,2,0.436,-673,0,0,0.0595695,1
8740954537,3,0.480438,-615,0,0,0.0595695,1
8740954537,4,0.471988,-262,0,-2,0.0595695,1
8740954537,5,0.413562,-650,0,-1,0.0595695,1
8740954537,6,0.436,-91,0,-2,0.0595695,1
8740954537,7,0.413562,-316,0,-2,0.0595695,1
8740954537,8,0.413562,21,0,-5,0.0595695,1
8740954537,9,0.413562,-1057,0,-2,0.0595695,1
8740954537,10,0.412913,-563,0,-2,0.0595695,1
8740954537,11,0.471988,352,1,-1,0.0595695,1
8740954537,12,0.582902,977,3,-1,0.0595695,1
8740954537,13,0.700368,2348,3,-1,0.0595695,1
8740954537,14,0.66539,3032,3,0,0.0595695,1
8740954537,15,0.761124,3617,3,2,0.0595695,1
8740954537,16,0.843982,5055,3,2,0.0595695,1
8740954537,17,0.878472,4843,3,5,0.0595695,1
8740954537,18,0.915994,6255,3,5,0.0595695,1
8740954537,19,0.923077,5759,3,9,0.0595695,1
8740954537,20,0.952542,7721,4,9,0.0595695,1
8740954537,21,0.972028,9185,4,6,0.0595695,1
8740954537,22,0.843982,5990,4,9,0.0595695,1
8740954537,23,0.910931,6620,5,9,0.0595695,1
8740954537,24,0.910959,8719,6,9,0.0595695,1
8740954537,25,0.915994,9717,6,9,0.0595695,1
8740954537,26,0.923077,9680,7,7,0.0595695,1
8740954537,27,0.718062,7069,6,8,0.0595695,1
8740954537,28,0.78125,6499,6,8,0.0595695,1
8740954537,29,0.805025,7496,6,9,0.0595695,1
8740954537,30,0.923077,8760,7,10,0.0595695,1
8740954537,31,0.976331,11525,7,12,0.0595695,1
8740954537,32,0.997,14980,8,14,0.0595695,1
8740954537,33,0.992925,18848,8,11,0.0595695,1
8740954537,34,0.98731,14821,8,11,0.0595695,1
8740954537,35,0.976331,13871,8,11,0.0595695,1
8740954537,36,0.962687,14079,8,11,0.0595695,1
8740954537,37,0.952542,13394,9,13,0.0595695,1
8740954537,38,0.98731,14186,10,14,0.0595695,1
8740958775,0,0.66539,0,0,0,0.35775,1
8740958775,1,0.634916,-143,0,0,0.35775,1
8740958775,2,0.66539,-91,0,0,0.35775,1
8740958775,3,0.587828,-322,0,0,0.35775,1
8740958775,4,0.582902,-255,0,-1,0.35775,1
8740958775,5,0.495043,-353,0,-1,0.35775,1
8740958775,6,0.495043,-357,0,-2,0.35775,1
8740958775,7,0.634916,-142,0,-2,0.35775,1
8740958775,8,0.634916,-447,0,0,0.35775,1
8740958775,9,0.66539,177,1,0,0.35775,1
8740958775,10,0.66539,106,1,1,0.35775,1
8740958775,11,0.761124,909,3,2,0.35775,1
8740958775,12,0.669951,1587,3,2,0.35775,1
8740958775,13,0.703448,1837,3,5,0.35775,1
8740958775,14,0.781479,3121,3,7,0.35775,1
8740958775,15,0.781479,3707,3,5,0.35775,1
8740958775,16,0.703448,2523,2,5,0.35775,1
8740958775,17,0.703448,1544,2,6,0.35775,1
8740958775,18,0.700368,956,2,7,0.35775,1
8740958775,19,0.66539,923,2,8,0.35775,1
8740958775,20,0.669951,1426,2,8,0.35775,1
8740958775,21,0.669951,3078,2,8,0.35775,1
8740958775,22,0.669951,2278,2,7,0.35775,1
8740958775,23,0.634916,821,2,6,0.35775,1
8740958775,24,0.471988,-1295,2,6,0.35775,1
8740958775,25,0.477443,-2097,2,6,0.35775,1
8740958775,26,0.413562,-1720,2,4,0.35775,1
8740958775,27,0.413562,-3390,2,4,0.35775,1
8740958775,28,0.471988,-2889,2,4,0.35775,1
8740958775,29,0.480438,-2692,2,5,0.35775,1
8740958775,30,0.554795,272,2,4,0.35775,1
8740958775,31,0.634916,-1628,2,6,0.35775,1
8740958775,32,0.66539,31,2,6,0.35775,1
8740958775,33,0.66539,336,3,6,0.35775,1
8740958775,34,0.66539,857,3,7,0.35775,1
8740958775,35,0.761124,2847,3,7,0.35775,1
8740958775,36,0.700368,3051,3,6,0.35775,1
8740958775,37,0.634916,198,3,5,0.35775,1
8740958775,38,0.471988,-1757,0,4,0.35775,1
8740958775,39,0.412844,-3809,0,4,0.35775,1
8740958775,40,0.208333,-4709,-1,2,0.35775,1
8740958775,41,0.19398,-7462,-1,2,0.35775,1
8740958775,42,0.272171,-9335,-1,4,0.35775,1
8740958775,43,0.413562,-7118,0,6,0.35775,1
8740958775,44,0.805025,-3507,2,6,0.35775,1
8740958775,45,0.952542,1338,3,11,0.35775,1
8740961422,0,0.526917,-379,0,-1,0.239359,1
8740961422,1,0.489796,-935,0,-1,0.239359,1
8740961422,2,0.471988,-995,0,-1,0.239359,1
8740961422,3,0.495043,-792,0,-1,0.239359,1
8740961422,4,0.526917,-537,0,-1,0.239359,1
8740961422,5,0.452381,-936,0,-2,0.239359,1
8740961422,6,0.380325,-1730,0,-3,0.239359,1
8740961422,7,0.378426,-2329,0,-3,0.239359,1
8740961422,8,0.378426,-2163,0,-3,0.239359,1
8740961422,9,0.33162,-2659,0,-5,0.239359,1
8740961422,10,0.359504,-3791,-1,-4,0.239359,1
8740961422,11,0.310479,-5022,-2,-4,0.239359,1
8740961422,12,0.201036,-6326,-3,-7,0.239359,1
8740961422,13,0.132867,-7667,-3,-7,0.239359,1
8740961422,14,0.201036,-8585,-3,-6,0.239359,1
8740961422,15,0.19398,-8468,-3,-7,0.239359,1
8740961422,16,0.111628,-9473,-4,-8,0.239359,1
8740961422,17,0.19398,-10361,-3,-8,0.239359,1
8740961422,18,0.208333,-11712,-4,-6,0.239359,1
8740961422,19,0.201036,-10487,-4,-7,0.239359,1
8740961422,20,0.201036,-11616,-4,-7,0.239359,1
8740961422,21,0.201036,-11120,-4,-9,0.239359,1
8740961422,22,0.045752,-13135,-5,-9,0.239359,1
8740961422,23,0.006849,-15028,-6,-11,0.239359,1
8740961422,24,0.006849,-18942,-8,-12,0.239359,1
8740961422,25,0.003,-21542,-8,-15,0.239359,1
8740976908,0,0.669951,0,0,0,0.348967,1
8740976908,1,0.700368,275,0,1,0.348967,1
8740976908,2,0.700368,362,0,2,0.348967,1
8740976908,3,0.700368,527,0,2,0.348967,1
8740976908,4,0.781479,859,0,3,0.348967,1
8740976908,5,0.66539,727,0,4,0.348967,1
8740976908,6,0.718062,1459,0,6,0.348967,1
8740976908,7,0.805025,2337,1,6,0.348967,1
8740976908,8,0.805025,2726,1,6,0.348967,1
8740976908,9,0.703448,2183,1,4,0.348967,1
8740976908,10,0.718062,1443,2,6,0.348967,1
8740976908,11,0.761124,2779,2,6,0.348967,1
8740976908,12,0.66539,3341,2,3,0.348967,1
8740976908,13,0.634916,1427,2,3,0.348967,1
8740976908,14,0.66539,1659,2,3,0.348967,1
8740976908,15,0.634916,1607,1,1,0.348967,1
8740976908,16,0.413562,-823,1,-1,0.348967,1
8740976908,17,0.412844,-1263,0,-2,0.348967,1
8740976908,18,0.380325,-2167,0,-2,0.348967,1
8740976908,19,0.359504,-3032,0,-2,0.348967,1
8740976908,20,0.413562,-2335,0,-2,0.348967,1
8740976908,21,0.413562,-2725,1,-3,0.348967,1
8740976908,22,0.471988,-2633,0,-3,0.348967,1
8740976908,23,0.471988,-3219,0,-3,0.348967,1
8740976908,24,0.412844,-3208,0,-6,0.348967,1
8740976908,25,0.359504,-5588,-1,-4,0.348967,1
8740976908,26,0.378426,-5975,-1,-3,0.348967,1
8740976908,27,0.489796,-2391,-1,-4,0.348967,1
8740976908,28,0.436,-3611,-1,-5,0.348967,1
8740976908,29,0.436,-5076,-2,-6,0.348967,1
8740976908,30,0.344828,-6460,-2,-5,0.348967,1
8740976908,31,0.307323,-6442,-2,-5,0.348967,1
8740976908,32,0.252525,-7457,-2,-6,0.348967,1
8740976908,33,0.310479,-8539,-2,-5,0.348967,1
8740976908,34,0.378426,-7955,-2,-5,0.348967,1
8740976908,35,0.380325,-6889,-2,-5,0.348967,1
8740976908,36,0.412844,-7215,-1,-5,0.348967,1
8740976908,37,0.307323,-7958,-1,-8,0.348967,1
8740976908,38,0.201036,-10232,-1,-8,0.348967,1
8740976908,39,0.19398,-11504,-1,-9,0.348967,1
8740976908,40,0.132867,-13374,-2,-9,0.348967,1
8740976908,41,0.19398,-13605,-2,-9,0.348967,1
8740976908,42,0.201036,-14417,-2,-9,0.348967,1
8740976908,43,0.19398,-16298,-2,-9,0.348967,1
8740976908,44,0.272171,-15962,-1,-8,0.348967,1
8740976908,45,0.201036,-13959,-1,-13,0.348967,1
8740976908,46,0.020992,-21413,-4,-13,0.348967,1
8740976908,47,0.017442,-27350,-4,-13,0.348967,1
8740976908,48,0.020992,-26052,-4,-13,0.348967,1
8740976908,49,0.017442,-24598,-4,-15,0.348967,1
8740976908,50,0.006849,-26668,-4,-19,0.348967,1
8740976908,51,0.006849,-30107,-5,-19,0.348967,1
8741100540,0,0.489796,0,0,0,0.0679025,1
8741100540,1,0.489796,-64,0,0,0.0679025,1
8741100540,2,0.471988,-148,0,0,0.0679025,1
8741100540,3,0.413562,-617,0,0,0.0679025,1
8741100540,4,0.412844,-988,0,0,0.0679025,1
8741100540,5,0.413562,-732,0,0,0.0679025,1
8741100540,6,0.413562,-818,0,0,0.0679025,1
8741100540,7,0.412844,-1189,0,1,0.0679025,1
8741100540,8,0.413562,-852,0,0,0.0679025,1
8741100540,9,0.413562,-1134,-1,-1,0.0679025,1
8741100540,10,0.33162,-2352,-1,-1,0.0679025,1
8741100540,11,0.33162,-2583,-1,-1,0.0679025,1
8741100540,12,0.380325,-2360,-1,-2,0.0679025,1
8741100540,13,0.378426,-3020,-1,-5,0.0679025,1
8741100540,14,0.310479,-4207,0,-3,0.0679025,1
8741100540,15,0.412844,-2475,0,-3,0.0679025,1
8741100540,16,0.436,-2145,0,1,0.0679025,1
8741100540,17,0.634916,1336,0,1,0.0679025,1
8741100540,18,0.634916,1616,0,-1,0.0679025,1
8741100540,19,0.526917,483,0,0,0.0679025,1
8741100540,20,0.495043,-21,-1,0,0.0679025,1
8741100540,21,0.480438,338,-1,0,0.0679025,1
8741100540,22,0.436,184,-1,-1,0.0679025,1
8741100540,23,0.471988,-596,-1,1,0.0679025,1
8741100540,24,0.471988,-288,0,0,0.0679025,1
8741100540,25,0.582902,-222,1,2,0.0679025,1
8741100540,26,0.634916,1636,2,2,0.0679025,1
8741100540,27,0.634916,2810,2,1,0.0679025,1
8741100540,28,0.66539,2168,3,4,0.0679025,1
8741100540,29,0.700368,2807,3,4,0.0679025,1
8741100540,30,0.781479,3743,4,6,0.0679025,1
8741100540,31,0.899614,6452,4,6,0.0679025,1
8741100540,32,0.915994,6861,4,6,0.0679025,1
8741100540,33,0.805025,6448,4,6,0.0679025,1
8741100540,34,0.823105,6857,4,6,0.0679025,1
8741100540,35,0.773481,6431,4,6,0.0679025,1
8741100540,36,0.781479,6241,5,6,0.0679025,1
8741100540,37,0.700368,6534,5,4,0.0679025,1
8741100540,38,0.634916,3573,4,4,0.0679025,1
8741100540,39,0.587828,2084,4,4,0.0679025,1
8741100540,40,0.495043,1867,4,3,0.0679025,1
8741100540,41,0.471988,500,4,2,0.0679025,1
8741100540,42,0.634916,-955,4,5,0.0679025,1
8741100540,43,0.718062,2415,5,5,0.0679025,1
8741100540,44,0.781479,4215,5,5,0.0679025,1
8741100540,45,0.899614,5525,5,5,0.0679025,1
8741100540,46,0.899614,5644,5,4,0.0679025,1
8741100540,47,0.762712,5189,4,4,0.0679025,1
8741100540,48,0.700368,3057,4,5,0.0679025,1
8741100540,49,0.781479,5914,4,5,0.0679025,1
8741100540,50,0.805025,5458,4,3,0.0679025,1
8741100540,51,0.489796,1084,2,3,0.0679025,1
8741100540,52,0.252525,-4877,0,-1,0.0679025,1
8741100540,53,0.130542,-13124,0,-2,0.0679025,1
8741115712,0,0.471988,0,0,1,-0.156272,1
8741115712,1,0.471988,56,0,1,-0.156272,1
8741115712,2,0.380325,-344,0,1,-0.156272,1
8741115712,3,0.413562,-185,0,1,-0.156272,1
8741115712,4,0.412844,-437,0,1,-0.156272,1
8741115712,5,0.412844,-319,0,0,-0.156272,1
8741115712,6,0.471988,53,1,1,-0.156272,1
8741115712,7,0.471988,316,1,1,-0.156272,1
8741115712,8,0.495043,887,2,0,-0.156272,1
8741115712,9,0.495043,985,2,0,-0.156272,1
8741115712,10,0.66539,1680,3,3,-0.156272,1
8741115712,11,0.66539,3480,3,1,-0.156272,1
8741115712,12,0.66539,3202,3,3,-0.156272,1
8741115712,13,0.805025,4195,3,4,-0.156272,1
8741115712,14,0.805025,5060,3,2,-0.156272,1
8741115712,15,0.805025,5354,3,2,-0.156272,1
8741115712,16,0.781479,5185,3,2,-0.156272,1
8741115712,17,0.781479,6150,3,1,-0.156272,1
8741115712,18,0.781479,5371,4,2,-0.156272,1
8741115712,19,0.899614,7050,4,2,-0.156272,1
8741115712,20,0.910931,7729,4,1,-0.156272,1
8741115712,21,0.843982,7575,4,1,-0.156272,1
8741115712,22,0.851064,8202,4,1,-0.156272,1
8741115712,23,0.878472,8944,4,2,-0.156272,1
8741115712,24,0.923077,9981,4,3,-0.156272,1
8741115712,25,0.952542,10463,4,3,-0.156272,1
8741115712,26,0.915994,9130,4,3,-0.156272,1
8741115712,27,0.915994,9225,4,3,-0.156272,1
8741115712,28,0.915994,10209,4,5,-0.156272,1
8741115712,29,0.915994,10754,4,7,-0.156272,1
8741115712,30,0.972028,14166,5,9,-0.156272,1
8741115712,31,0.992925,16358,6,11,-0.156272,1
8741115712,32,0.997,21040,7,13,-0.156272,1
8741115712,33,0.997,23701,7,14,-0.156272,1
8741152208,0,0.489796,0,0,0,0.102733,1
8741152208,1,0.495043,34,0,0,0.102733,1
8741152208,2,0.489796,-7,0,0,0.102733,1
8741152208,3,0.495043,117,0,0,0.102733,1
8741152208,4,0.495043,153,0,-2,0.102733,1
8741152208,5,0.471988,-741,0,0,0.102733,1
8741152208,6,0.489796,-10,0,0,0.102733,1
8741152208,7,0.495043,-451,1,2,0.102733,1
8741152208,8,0.582902,693,2,1,0.102733,1
8741152208,9,0.634916,865,2,1,0.102733,1
8741152208,10,0.554795,1030,2,1,0.102733,1
8741152208,11,0.495043,768,3,0,0.102733,1
8741152208,12,0.549098,1128,3,0,0.102733,1
8741152208,13,0.495043,1175,3,0,0.102733,1
8741152208,14,0.495043,1382,3,-1,0.102733,1
8741152208,15,0.495043,769,3,0,0.102733,1
8741152208,16,0.495043,1217,2,-1,0.102733,1
8741152208,17,0.480438,-258,1,-2,0.102733,1
8741152208,18,0.380325,-2897,0,-1,0.102733,1
8741152208,19,0.380325,-2836,0,-2,0.102733,1
8741152208,20,0.380325,-3382,0,-2,0.102733,1
8741152208,21,0.33162,-4748,0,-3,0.102733,1
8741152208,22,0.310479,-4323,-1,-5,0.102733,1
8741152208,23,0.201036,-7073,-1,-6,0.102733,1
8741152208,24,0.19398,-8039,-1,-8,0.102733,1
8741152208,25,0.062718,-10016,-2,-9,0.102733,1
8741152208,26,0.090909,-12026,-2,-7,0.102733,1
8741152208,27,0.19398,-9663,-2,-8,0.102733,1
8741152208,28,0.208333,-10280,-2,-6,0.102733,1
8741152208,29,0.307323,-8502,-3,-7,0.102733,1
8741152208,30,0.201036,-10698,-4,-9,0.102733,1
8741152208,31,0.017442,-13181,-5,-10,0.102733,1
8741152208,32,0.003,-16720,-6,-13,0.102733,1
8741234193,0,0.471988,0,0,1,-0.167532,1
8741234193,1,0.526917,229,0,2,-0.167532,1
8741234193,2,0.587828,672,0,2,-0.167532,1
8741234193,3,0.634916,1257,0,2,-0.167532,1
8741234193,4,0.587828,893,0,2,-0.167532,1
8741234193,5,0.66539,1375,0,4,-0.167532,1
8741234193,6,0.634916,1925,0,4,-0.167532,1
8741234193,7,0.66539,1968,0,5,-0.167532,1
8741234193,8,0.762712,2596,0,8,-0.167532,1
8741234193,9,0.781479,3249,0,8,-0.167532,1
8741234193,10,0.761124,3551,0,10,-0.167532,1
8741234193,11,0.781479,4372,0,10,-0.167532,1
8741234193,12,0.66539,4145,0,8,-0.167532,1
8741234193,13,0.549098,3179,1,8,-0.167532,1
8741234193,14,0.526917,3494,2,7,-0.167532,1
8741234193,15,0.471988,2622,2,7,-0.167532,1
8741234193,16,0.413562,1691,1,7,-0.167532,1
8741234193,17,0.413562,1078,1,7,-0.167532,1
8741234193,18,0.413562,1236,1,9,-0.167532,1
8741234193,19,0.489796,2136,1,10,-0.167532,1
8741234193,20,0.526917,3307,0,10,-0.167532,1
8741234193,21,0.549098,2098,0,11,-0.167532,1
8741234193,22,0.634916,2997,1,12,-0.167532,1
8741234193,23,0.634916,4740,1,12,-0.167532,1
8741234193,24,0.554795,4437,1,13,-0.167532,1
8741234193,25,0.582902,4193,2,12,-0.167532,1
8741234193,26,0.634916,5248,2,12,-0.167532,1
8741234193,27,0.495043,4403,2,13,-0.167532,1
8741234193,28,0.66539,5620,2,13,-0.167532,1
8741234193,29,0.495043,4933,2,12,-0.167532,1
8741234193,30,0.494898,3908,3,13,-0.167532,1
8741234193,31,0.634916,4765,3,13,-0.167532,1
8741234193,32,0.587828,4500,3,15,-0.167532,1
8741234193,33,0.700368,6085,3,16,-0.167532,1
8741234193,34,0.843982,8490,3,16,-0.167532,1
8741234193,35,0.700368,8425,3,14,-0.167532,1
8741234193,36,0.582902,5010,3,14,-0.167532,1
8741234193,37,0.413562,3180,3,13,-0.167532,1
8741234193,38,0.378426,1239,2,13,-0.167532,1
8741234193,39,0.310479,139,1,11,-0.167532,1
8741234193,40,0.130542,-2578,-2,10,-0.167532,1
8741234193,41,0.020992,-9408,-3,7,-0.167532,1
8741234193,42,0.020992,-12972,-3,7,-0.167532,1
8741269915,0,0.494898,0,0,0,0.0516454,1
8741269915,1,0.495043,117,0,0,0.0516454,1
8741269915,2,0.494898,58,0,0,0.0516454,1
8741269915,3,0.471988,-226,0,0,0.0516454,1
8741269915,4,0.471988,96,0,-3,0.0516454,1
8741269915,5,0.413562,-691,0,-3,0.0516454,1
8741269915,6,0.413562,-841,0,-3,0.0516454,1
8741269915,7,0.436,-742,0,-2,0.0516454,1
8741269915,8,0.471988,-529,0,-1,0.0516454,1
8741269915,9,0.495043,115,0,-2,0.0516454,1
8741269915,10,0.526917,-70,0,-1,0.0516454,1
8741269915,11,0.634916,1059,0,-1,0.0516454,1
8741269915,12,0.526917,647,0,-1,0.0516454,1
8741269915,13,0.489796,337,0,-1,0.0516454,1
8741269915,14,0.634916,1400,0,0,0.0516454,1
8741269915,15,0.634916,1800,1,2,0.0516454,1
8741269915,16,0.700368,3963,1,3,0.0516454,1
8741269915,17,0.66539,3125,1,2,0.0516454,1
8741269915,18,0.634916,2532,1,2,0.0516454,1
8741269915,19,0.669951,2735,1,4,0.0516454,1
8741269915,20,0.582902,3638,0,2,0.0516454,1
8741269915,21,0.634916,2921,1,2,0.0516454,1
8741269915,22,0.634916,2895,1,2,0.0516454,1
8741269915,23,0.634916,3045,1,2,0.0516454,1
8741269915,24,0.549098,2397,1,3,0.0516454,1
8741269915,25,0.634916,2798,1,3,0.0516454,1
8741269915,26,0.634916,3612,1,2,0.0516454,1
8741269915,27,0.582902,2184,1,2,0.0516454,1
8741269915,28,0.634916,2710,1,3,0.0516454,1
8741269915,29,0.634916,3987,1,4,0.0516454,1
8741269915,30,0.761124,5626,1,4,0.0516454,1
8741269915,31,0.700368,5810,1,3,0.0516454,1
8741269915,32,0.634916,4467,1,2,0.0516454,1
8741269915,33,0.494898,4021,1,-1,0.0516454,1
8741269915,34,0.380325,484,0,-1,0.0516454,1
8741269915,35,0.380325,-1039,0,-1,0.0516454,1
8741269915,36,0.277228,-1284,-1,-3,0.0516454,1
8741269915,37,0.19398,-3718,-2,-3,0.0516454,1
8741269915,38,0.208333,-6196,-2,-3,0.0516454,1
8741269915,39,0.307323,-5005,-2,-3,0.0516454,1
8741269915,40,0.33162,-4251,-2,-2,0.0516454,1
8741269915,41,0.489796,-2606,-2,-1,0.0516454,1
8741269915,42,0.634916,-2168,0,-1,0.0516454,1
8741269915,43,0.634916,-889,0,-1,0.0516454,1
8741269915,44,0.634916,527,0,-1,0.0516454,1
8741269915,45,0.495043,1875,0,-2,0.0516454,1
8741269915,46,0.413562,2302,0,-2,0.0516454,1
8741269915,47,0.380325,-232,0,-2,0.0516454,1
8741269915,48,0.495043,77,0,-1,0.0516454,1
8741269915,49,0.380325,371,0,-3,0.0516454,1
8741269915,50,0.310479,-2468,-1,-3,0.0516454,1
8741269915,51,0.201036,-3347,-2,-4,0.0516454,1
8741269915,52,0.130542,-6627,-2,-4,0.0516454,1
8741269915,53,0.094293,-8170,-2,-4,0.0516454,1
8741269915,54,0.201036,-8277,-2,-4,0.0516454,1
8741269915,55,0.201036,-9211,-2,-4,0.0516454,1
8741269915,56,0.020992,-9947,-2,-11,0.0516454,1
8741280965,0,0.436,-100,0,0,-0.293604,1
8741280965,1,0.471988,-33,0,0,-0.293604,1
8741280965,2,0.549098,169,0,1,-0.293604,1
8741280965,3,0.634916,838,0,2,-0.293604,1
8741280965,4,0.634916,772,0,3,-0.293604,1
8741280965,5,0.582902,875,0,2,-0.293604,1
8741280965,6,0.634916,473,0,3,-0.293604,1
8741280965,7,0.587828,934,0,4,-0.293604,1
8741280965,8,0.549098,947,0,4,-0.293604,1
8741280965,9,0.480438,563,0,3,-0.293604,1
8741280965,10,0.413562,-203,0,2,-0.293604,1
8741280965,11,0.380325,-545,-1,3,-0.293604,1
8741280965,12,0.412844,-588,-1,6,-0.293604,1
8741280965,13,0.489796,566,-2,7,-0.293604,1
8741280965,14,0.436,571,-3,5,-0.293604,1
8741280965,15,0.307323,-1976,-3,7,-0.293604,1
8741280965,16,0.307323,-1630,-4,8,-0.293604,1
8741280965,17,0.307323,-2090,-3,8,-0.293604,1
8741280965,18,0.310479,-208,-3,6,-0.293604,1
8741280965,19,0.307323,-1517,-2,5,-0.293604,1
8741280965,20,0.378426,-1658,-2,7,-0.293604,1
8741280965,21,0.471988,237,-1,8,-0.293604,1
8741280965,22,0.471988,1935,-1,9,-0.293604,1
8741280965,23,0.494898,891,-1,9,-0.293604,1
8741280965,24,0.582902,404,-1,10,-0.293604,1
8741280965,25,0.634916,1834,-1,10,-0.293604,1
8741280965,26,0.634916,2754,-2,10,-0.293604,1
8741280965,27,0.66539,2890,-2,13,-0.293604,1
8741280965,28,0.700368,5010,-2,13,-0.293604,1
8741280965,29,0.703448,7161,-2,13,-0.293604,1
8741280965,30,0.823105,8647,-2,14,-0.293604,1
8741280965,31,0.860656,9809,-1,15,-0.293604,1
8741280965,32,0.923077,12867,0,17,-0.293604,1
8741280965,33,0.952542,16560,1,17,-0.293604,1
8741280965,34,0.992925,17376,3,20,-0.293604,1
8741280965,35,0.992925,23274,3,21,-0.293604,1
8741280965,36,0.992925,26362,3,21,-0.293604,1
8741280965,37,0.997,27123,3,25,-0.293604,1
8741280965,38,0.997,29092,4,25,-0.293604,1
8741280965,39,0.997,30634,5,26,-0.293604,1
8741280965,40,0.997,30695,6,29,-0.293604,1
8741306929,0,0.494898,0,0,0,0.0469653,1
8741306929,1,0.494898,4,0,0,0.0469653,1
8741306929,2,0.495043,85,0,0,0.0469653,1
8741306929,3,0.587828,300,0,1,0.0469653,1
8741306929,4,0.634916,742,0,2,0.0469653,1
8741306929,5,0.634916,775,0,2,0.0469653,1
8741306929,6,0.634916,1022,0,3,0.0469653,1
8741306929,7,0.669951,1401,0,4,0.0469653,1
8741306929,8,0.66539,1542,0,5,0.0469653,1
8741306929,9,0.773481,2522,1,7,0.0469653,1
8741306929,10,0.761124,3651,1,4,0.0469653,1
8741306929,11,0.634916,2585,1,4,0.0469653,1
8741306929,12,0.634916,3329,1,4,0.0469653,1
8741306929,13,0.634916,3596,2,2,0.0469653,1
8741306929,14,0.587828,3041,1,2,0.0469653,1
8741306929,15,0.615385,2243,1,3,0.0469653,1
8741306929,16,0.634916,2639,1,5,0.0469653,1
8741306929,17,0.669951,4164,1,6,0.0469653,1
8741306929,18,0.781479,5311,1,4,0.0469653,1
8741306929,19,0.634916,3343,0,7,0.0469653,1
8741306929,20,0.634916,3838,0,5,0.0469653,1
8741306929,21,0.494898,2797,0,4,0.0469653,1
8741306929,22,0.634916,2012,2,6,0.0469653,1
8741306929,23,0.843982,6331,2,7,0.0469653,1
8741306929,24,0.915994,7334,4,10,0.0469653,1
8741306929,25,0.997,11420,6,15,0.0469653,1
8741306929,26,0.997,19265,8,17,0.0469653,1
8741335973,0,0.494898,0,0,0,0.0516454,1
8741335973,1,0.494898,27,0,0,0.0516454,1
8741335973,2,0.489796,-45,0,0,0.0516454,1
8741335973,3,0.471988,-234,0,0,0.0516454,1
8741335973,4,0.471988,-289,0,0,0.0516454,1
8741335973,5,0.471988,-296,0,-1,0.0516454,1
8741335973,6,0.413562,-805,0,-1,0.0516454,1
8741335973,7,0.471988,-506,0,-1,0.0516454,1
8741335973,8,0.471988,-686,0,-1,0.0516454,1
8741335973,9,0.495043,-238,0,-2,0.0516454,1
8741335973,10,0.549098,-651,1,0,0.0516454,1
8741335973,11,0.549098,393,0,-1,0.0516454,1
8741335973,12,0.489796,-816,-1,0,0.0516454,1
8741335973,13,0.489796,-470,-1,0,0.0516454,1
8741335973,14,0.634916,-421,0,4,0.0516454,1
8741335973,15,0.634916,2049,0,2,0.0516454,1
8741335973,16,0.634916,1419,0,1,0.0516454,1
8741335973,17,0.489796,-586,-1,1,0.0516454,1
8741335973,18,0.471988,-1802,-1,2,0.0516454,1
8741335973,19,0.471988,-1227,-1,4,0.0516454,1
8741335973,20,0.495043,331,-1,5,0.0516454,1
8741335973,21,0.634916,1954,-1,3,0.0516454,1
8741335973,22,0.495043,-652,-1,3,0.0516454,1
8741335973,23,0.489796,-1505,-1,3,0.0516454,1
8741335973,24,0.436,-672,-1,2,0.0516454,1
8741335973,25,0.412844,-1435,-1,2,0.0516454,1
8741335973,26,0.310479,-2664,-1,-2,0.0516454,1
8741335973,27,0.201036,-4470,-2,-4,0.0516454,1
8741335973,28,0.031056,-7431,-3,-5,0.0516454,1
8741335973,29,0.006849,-11192,-4,-8,0.0516454,1
8741335973,30,0.003,-14376,-5,-9,0.0516454,1
8741335973,31,0.003,-17130,-6,-12,0.0516454,1
8741363284,0,0.494898,0,0,0,0.0595695,1
8741363284,1,0.582902,296,0,0,0.0595695,1
8741363284,2,0.587828,393,0,0,0.0595695,1
8741363284,3,0.526917,198,0,0,0.0595695,1
8741363284,4,0.489796,-130,0,0,0.0595695,1
8741363284,5,0.489796,-156,0,0,0.0595695,1
8741363284,6,0.495043,-26,0,3,0.0595695,1
8741363284,7,0.634916,1333,0,2,0.0595695,1
8741363284,8,0.587828,1254,0,0,0.0595695,1
8741363284,9,0.587828,508,0,3,0.0595695,1
8741363284,10,0.66539,2415,2,2,0.0595695,1
8741363284,11,0.66539,3523,2,3,0.0595695,1
8741363284,12,0.66539,3993,2,3,0.0595695,1
8741363284,13,0.781479,3851,2,4,0.0595695,1
8741363284,14,0.781479,4943,2,4,0.0595695,1
8741363284,15,0.773481,4812,3,2,0.0595695,1
8741363284,16,0.761124,5229,2,2,0.0595695,1
8741363284,17,0.634916,4496,1,-1,0.0595695,1
8741363284,18,0.471988,2271,0,-4,0.0595695,1
8741363284,19,0.413562,-162,0,-4,0.0595695,1
8741363284,20,0.378426,-1258,0,-4,0.0595695,1
8741363284,21,0.33162,-683,0,-8,0.0595695,1
8741363284,22,0.344828,-3916,0,-6,0.0595695,1
8741363284,23,0.413562,-3064,0,-3,0.0595695,1
8741363284,24,0.669951,1429,1,0,0.0595695,1
8741363284,25,0.781479,5147,1,-1,0.0595695,1
8741363284,26,0.843982,4970,1,-2,0.0595695,1
8741363284,27,0.634916,3492,1,-5,0.0595695,1
8741363284,28,0.378426,288,-1,-6,0.0595695,1
8741363284,29,0.310479,-2188,-1,-4,0.0595695,1
8741363284,30,0.634916,776,1,-1,0.0595695,1
8741363284,31,0.843982,5719,2,0,0.0595695,1
8741363284,32,0.952542,8362,3,2,0.0595695,1
8741561838,0,0.549098,0,0,0,0.117995,1
8741561838,1,0.554795,122,0,0,0.117995,1
8741561838,2,0.549098,-56,0,0,0.117995,1
8741561838,3,0.495043,-292,0,0,0.117995,1
8741561838,4,0.413562,-705,0,-1,0.117995,1
8741561838,5,0.489796,-771,0,-1,0.117995,1
8741561838,6,0.436,-838,0,-3,0.117995,1
8741561838,7,0.380325,-1459,0,-3,0.117995,1
8741561838,8,0.413562,-1332,0,-4,0.117995,1
8741561838,9,0.413562,-1813,0,-4,0.117995,1
8741561838,10,0.413562,-1701,-1,-4,0.117995,1
8741561838,11,0.378426,-2567,-1,-5,0.117995,1
8741561838,12,0.378426,-3448,-1,-5,0.117995,1
8741561838,13,0.310479,-4288,-1,-5,0.117995,1
8741561838,14,0.410072,-4247,-1,-4,0.117995,1
8741561838,15,0.410072,-3416,-1,-6,0.117995,1
8741561838,16,0.378426,-4330,-1,-7,0.117995,1
8741561838,17,0.277228,-5447,-1,-8,0.117995,1
8741561838,18,0.310479,-5130,0,-7,0.117995,1
8741561838,19,0.410072,-3601,0,-8,0.117995,1
8741561838,20,0.380325,-4148,0,-8,0.117995,1
8741561838,21,0.310479,-5571,0,-8,0.117995,1
8741561838,22,0.380325,-5217,-1,-8,0.117995,1
8741561838,23,0.277228,-4998,-1,-12,0.117995,1
8741561838,24,0.19398,-7144,-2,-12,0.117995,1
8741561838,25,0.19398,-7621,-2,-13,0.117995,1
8741561838,26,0.132867,-8075,-2,-14,0.117995,1
8741561838,27,0.130542,-8714,-2,-15,0.117995,1
8741561838,28,0.130542,-10244,-2,-15,0.117995,1
8741561838,29,0.111628,-10360,-4,-17,0.117995,1
8741561838,30,0.015873,-13753,-4,-20,0.117995,1
8741561838,31,0.003,-17260,-4,-21,0.117995,1
8741657595,0,0.582902,364,0,1,0.0595695,1
8741657595,1,0.66539,760,0,1,0.0595695,1
8741657595,2,0.634916,632,0,1,0.0595695,1
8741657595,3,0.526917,332,0,-1,0.0595695,1
8741657595,4,0.413562,-669,0,0,0.0595695,1
8741657595,5,0.413562,-481,0,-2,0.0595695,1
8741657595,6,0.310479,-1385,0,-3,0.0595695,1
8741657595,7,0.307323,-1958,0,-3,0.0595695,1
8741657595,8,0.378426,-1822,0,-3,0.0595695,1
8741657595,9,0.310479,-2280,0,-3,0.0595695,1
8741657595,10,0.310479,-2770,0,-3,0.0595695,1
8741657595,11,0.378426,-3095,0,-2,0.0595695,1
8741657595,12,0.412844,-2461,1,-2,0.0595695,1
8741657595,13,0.412844,-2270,1,-3,0.0595695,1
8741657595,14,0.413562,-1762,1,-1,0.0595695,1
8741657595,15,0.471988,-500,1,-1,0.0595695,1
8741657595,16,0.471988,-1102,2,-1,0.0595695,1
8741657595,17,0.471988,-1016,2,-2,0.0595695,1
8741657595,18,0.413562,-1071,1,-5,0.0595695,1
8741657595,19,0.262069,-4399,1,-7,0.0595695,1
8741657595,20,0.208333,-6363,1,-5,0.0595695,1
8741657595,21,0.272171,-5025,0,-6,0.0595695,1
8741657595,22,0.201036,-7476,0,-6,0.0595695,1
8741657595,23,0.262069,-6852,0,-7,0.0595695,1
8741657595,24,0.21131,-5719,0,-11,0.0595695,1
8741657595,25,0.025641,-10692,-3,-12,0.0595695,1
8741657595,26,0.031056,-13578,-3,-12,0.0595695,1
8741657595,27,0.020992,-13245,-4,-12,0.0595695,1
8741657595,28,0.023614,-14608,-4,-12,0.0595695,1
8741657595,29,0.062718,-15708,-4,-12,0.0595695,1
8741657595,30,0.062718,-15687,-4,-12,0.0595695,1
8741657595,31,0.020992,-15617,-5,-15,0.0595695,1
8741657595,32,0.020992,-18423,-5,-16,0.0595695,1
8741657595,33,0.020992,-20604,-5,-16,0.0595695,1
8741657595,34,0.017442,-21518,-5,-19,0.0595695,1
8741657595,35,0.003,-23929,-5,-19,0.0595695,1
8741741757,0,0.489796,0,0,0,-0.145215,1
8741741757,1,0.489796,62,0,-2,-0.145215,1
8741741757,2,0.380325,-628,0,-2,-0.145215,1
8741741757,3,0.413562,-319,0,-3,-0.145215,1
8741741757,4,0.436,-628,0,-3,-0.145215,1
8741741757,5,0.413562,-644,0,-2,-0.145215,1
8741741757,6,0.526917,294,0,-1,-0.145215,1
8741741757,7,0.489796,94,0,0,-0.145215,1
8741741757,8,0.582902,423,0,1,-0.145215,1
8741741757,9,0.480438,-285,0,2,-0.145215,1
8741741757,10,0.495043,-236,0,3,-0.145215,1
8741741757,11,0.587828,554,0,5,-0.145215,1
8741741757,12,0.634916,1028,0,6,-0.145215,1
8741741757,13,0.634916,1597,0,6,-0.145215,1
8741741757,14,0.634916,2276,0,6,-0.145215,1
8741741757,15,0.66539,2347,1,7,-0.145215,1
8741741757,16,0.66539,2975,1,8,-0.145215,1
8741741757,17,0.66539,3324,0,10,-0.145215,1
8741741757,18,0.66539,3930,1,10,-0.145215,1
8741741757,19,0.773481,5109,1,8,-0.145215,1
8741741757,20,0.634916,3287,1,8,-0.145215,1
8741741757,21,0.634916,3805,1,6,-0.145215,1
8741741757,22,0.489796,1263,0,7,-0.145215,1
8741741757,23,0.480438,366,0,8,-0.145215,1
8741741757,24,0.634916,2095,0,11,-0.145215,1
8741741757,25,0.805025,4947,1,13,-0.145215,1
8741741757,26,0.843982,5830,1,13,-0.145215,1
8741741757,27,0.910959,6327,1,15,-0.145215,1
8741741757,28,0.952542,6873,3,15,-0.145215,1
8741741757,29,0.972028,7681,3,20,-0.145215,1
8741741757,30,0.98731,10721,4,20,-0.145215,1
8741741757,31,0.997,13134,5,24,-0.145215,1
8741741757,32,0.997,17256,5,27,-0.145215,1
8741749692,0,0.471988,0,0,-1,-0.156272,1
8741749692,1,0.549098,470,0,-1,-0.156272,1
8741749692,2,0.582902,417,0,-1,-0.156272,1
8741749692,3,0.554795,568,0,-1,-0.156272,1
8741749692,4,0.526917,470,0,-2,-0.156272,1
8741749692,5,0.526917,754,0,-2,-0.156272,1
8741749692,6,0.634916,1122,0,-2,-0.156272,1
8741749692,7,0.634916,1125,0,0,-0.156272,1
8741749692,8,0.66539,1941,0,1,-0.156272,1
8741749692,9,0.66539,2373,0,1,-0.156272,1
8741749692,10,0.66539,2689,0,0,-0.156272,1
8741749692,11,0.634916,2178,-1,0,-0.156272,1
8741749692,12,0.634916,2050,-1,2,-0.156272,1
8741749692,13,0.634916,3201,-1,2,-0.156272,1
8741749692,14,0.66539,3649,-2,4,-0.156272,1
8741749692,15,0.66539,3996,-1,3,-0.156272,1
8741749692,16,0.805025,5441,0,4,-0.156272,1
8741749692,17,0.805025,5671,0,6,-0.156272,1
8741749692,18,0.915994,7990,1,8,-0.156272,1
8741749692,19,0.923077,9315,1,10,-0.156272,1
8741749692,20,0.972028,10520,1,11,-0.156272,1
8741749692,21,0.972028,12717,1,12,-0.156272,1
8741749692,22,0.98731,12991,2,14,-0.156272,1
8741749692,23,0.972028,13729,2,14,-0.156272,1
8741749692,24,0.992537,14913,4,14,-0.156272,1
8741749692,25,0.952542,14334,4,14,-0.156272,1
8741749692,26,0.952542,15673,5,13,-0.156272,1
8741749692,27,0.952542,15111,5,16,-0.156272,1
8741749692,28,0.962687,17972,5,15,-0.156272,1
8741749692,29,0.952542,15884,5,16,-0.156272,1
8741749692,30,0.976331,16693,6,18,-0.156272,1
8741749692,31,0.992925,18488,7,22,-0.156272,1
8741879065,0,0.549098,0,0,1,0.223268,1
8741879065,1,0.582902,-35,0,1,0.223268,1
8741879065,2,0.495043,-67,0,0,0.223268,1
8741879065,3,0.495043,-238,0,1,0.223268,1
8741879065,4,0.587828,389,0,0,0.223268,1
8741879065,5,0.489796,-80,0,0,0.223268,1
8741879065,6,0.526917,-387,0,2,0.223268,1
8741879065,7,0.582902,253,-1,1,0.223268,1
8741879065,8,0.495043,-846,-1,1,0.223268,1
8741879065,9,0.489796,-993,-1,0,0.223268,1
8741879065,10,0.413562,-1706,-1,-4,0.223268,1
8741879065,11,0.33162,-2973,-1,-3,0.223268,1
8741879065,12,0.310479,-2849,-2,-2,0.223268,1
8741879065,13,0.359504,-3393,-1,-3,0.223268,1
8741879065,14,0.310479,-3727,-1,-3,0.223268,1
8741879065,15,0.378426,-3568,-1,-5,0.223268,1
8741879065,16,0.344828,-4161,-1,-5,0.223268,1
8741879065,17,0.307323,-4487,-1,-5,0.223268,1
8741879065,18,0.33162,-4367,0,-5,0.223268,1
8741879065,19,0.413562,-2941,0,-5,0.223268,1
8741879065,20,0.413562,-3962,0,-5,0.223268,1
8741879065,21,0.413562,-3054,0,-4,0.223268,1
8741879065,22,0.471988,-2023,0,-5,0.223268,1
8741879065,23,0.436,-2971,0,-5,0.223268,1
8741879065,24,0.378426,-3665,-1,-6,0.223268,1
8741879065,25,0.344828,-5396,-1,-5,0.223268,1
8741879065,26,0.307323,-5346,-1,-6,0.223268,1
8741879065,27,0.19398,-6081,-2,-9,0.223268,1
8741879065,28,0.201036,-8664,-2,-7,0.223268,1
8741879065,29,0.296875,-6431,-1,-7,0.223268,1
8741879065,30,0.307323,-5467,-1,-7,0.223268,1
8741879065,31,0.208333,-6069,-2,-8,0.223268,1
8741879065,32,0.252525,-8069,-3,-9,0.223268,1
8741879065,33,0.130542,-11270,-3,-9,0.223268,1
8741879065,34,0.132867,-11676,-3,-8,0.223268,1
8741879065,35,0.21131,-9350,-3,-8,0.223268,1
8741879065,36,0.062718,-8667,-2,-13,0.223268,1
8741879065,37,0.017442,-12966,-3,-14,0.223268,1
8741879065,38,0.006849,-16255,-3,-14,0.223268,1
8741879065,39,0.003,-17162,-3,-14,0.223268,1
8741879065,40,0.003,-17627,-4,-14,0.223268,1
8741879065,41,0.003,-18574,-6,-17,0.223268,1
8741887833,0,0.452381,0,0,0,-0.172198,1
8741887833,1,0.413562,-176,0,0,-0.172198,1
8741887833,2,0.380325,-342,0,0,-0.172198,1
8741887833,3,0.380325,-443,0,0,-0.172198,1
8741887833,4,0.380325,-518,0,-1,-0.172198,1
8741887833,5,0.412844,-357,0,-3,-0.172198,1
8741887833,6,0.307323,-1249,0,-2,-0.172198,1
8741887833,7,0.380325,-852,0,-2,-0.172198,1
8741887833,8,0.380325,-1187,0,-3,-0.172198,1
8741887833,9,0.272171,-1913,0,-4,-0.172198,1
8741887833,10,0.310479,-1920,0,-3,-0.172198,1
8741887833,11,0.378426,-1790,0,-3,-0.172198,1
8741887833,12,0.359504,-1962,0,-3,-0.172198,1
8741887833,13,0.378426,-1716,0,-2,-0.172198,1
8741887833,14,0.378426,-2423,0,-2,-0.172198,1
8741887833,15,0.359504,-2370,-1,-5,-0.172198,1
8741887833,16,0.208333,-4932,-1,-5,-0.172198,1
8741887833,17,0.208333,-4598,-2,-5,-0.172198,1
8741887833,18,0.201036,-5524,-2,-5,-0.172198,1
8741887833,19,0.201036,-5010,-2,-5,-0.172198,1
8741887833,20,0.21131,-5833,-2,-5,-0.172198,1
8741887833,21,0.19398,-6675,-2,-7,-0.172198,1
8741887833,22,0.175,-7392,-2,-6,-0.172198,1
8741887833,23,0.201036,-6822,-2,-7,-0.172198,1
8741887833,24,0.19398,-6684,-2,-8,-0.172198,1
8741887833,25,0.19398,-6181,-3,-8,-0.172198,1
8741887833,26,0.094293,-6590,-3,-12,-0.172198,1
8741887833,27,0.020992,-9014,-5,-15,-0.172198,1
8741887833,28,0.006849,-13592,-5,-15,-0.172198,1
8741887833,29,0.017442,-14030,-4,-15,-0.172198,1
8741887833,30,0.017442,-13409,-3,-16,-0.172198,1
8741887833,31,0.020992,-14027,-4,-17,-0.172198,1
8741887833,32,0.045752,-14478,-4,-15,-0.172198,1
8741887833,33,0.19398,-10942,-3,-14,-0.172198,1
8741887833,34,0.296875,-6285,-3,-14,-0.172198,1
8741887833,35,0.33162,-5050,-3,-14,-0.172198,1
8741887833,36,0.359504,-4713,-3,-14,-0.172198,1
8741887833,37,0.33162,-3542,-3,-15,-0.172198,1
8741887833,38,0.272171,-4212,-3,-13,-0.172198,1
8741887833,39,0.413562,-2535,-1,-12,-0.172198,1
8741887833,40,0.634916,52,-1,-10,-0.172198,1
8741887833,41,0.781479,3271,0,-10,-0.172198,1
8741887833,42,0.843982,7848,0,-10,-0.172198,1
8741887833,43,0.805025,8435,1,-10,-0.172198,1
8741887833,44,0.781479,8116,1,-10,-0.172198,1
8741887833,45,0.66539,8097,1,-10,-0.172198,1
8741887833,46,0.634916,8800,2,-11,-0.172198,1
8741887833,47,0.781479,9195,2,-9,-0.172198,1
8741887833,48,0.952542,10089,4,-7,-0.172198,1
8742254205,0,0.489796,0,0,-1,0.0970345,1
8742254205,1,0.409344,-1046,0,-1,0.0970345,1
8742254205,2,0.344828,-1101,0,-2,0.0970345,1
8742254205,3,0.359504,-1546,0,-1,0.0970345,1
8742254205,4,0.410072,-976,0,-2,0.0970345,1
8742254205,5,0.359504,-1371,0,-3,0.0970345,1
8742254205,6,0.307323,-1950,0,-3,0.0970345,1
8742254205,7,0.412844,-1609,0,-1,0.0970345,1
8742254205,8,0.413562,-1189,1,-1,0.0970345,1
8742254205,9,0.480438,-325,1,-1,0.0970345,1
8742254205,10,0.471988,-358,2,-2,0.0970345,1
8742254205,11,0.495043,-242,2,0,0.0970345,1
8742254205,12,0.495043,142,3,0,0.0970345,1
8742254205,13,0.495043,330,3,1,0.0970345,1
8742254205,14,0.489796,555,3,1,0.0970345,1
8742254205,15,0.495043,-164,3,1,0.0970345,1
8742254205,16,0.471988,-398,3,2,0.0970345,1
8742254205,17,0.471988,87,2,1,0.0970345,1
8742254205,18,0.436,-537,2,1,0.0970345,1
8742254205,19,0.413562,-1040,2,1,0.0970345,1
8742254205,20,0.413562,-1293,2,2,0.0970345,1
8742254205,21,0.436,-1830,2,2,0.0970345,1
8742254205,22,0.582902,-1598,3,2,0.0970345,1
8742254205,23,0.587828,213,3,2,0.0970345,1
8742254205,24,0.582902,594,3,2,0.0970345,1
8742254205,25,0.436,462,3,-1,0.0970345,1
8742254205,26,0.378426,-2075,2,-3,0.0970345,1
8742254205,27,0.272171,-5423,1,-3,0.0970345,1
8742254205,28,0.19398,-6656,1,-6,0.0970345,1
8742254205,29,0.094293,-9251,1,-7,0.0970345,1
8742254205,30,0.062718,-11750,0,-8,0.0970345,1
8742254205,31,0.017442,-13098,-2,-9,0.0970345,1
8742254205,32,0.006849,-16656,-2,-11,0.0970345,1
8742254205,33,0.006849,-17700,-3,-13,0.0970345,1
8742254205,34,0.003,-20995,-5,-16,0.0970345,1
8742254205,35,0.003,-27205,-5,-17,0.0970345,1
8742318115,0,0.494898,0,0,1,0.0595695,1
8742318115,1,0.634916,557,0,1,0.0595695,1
8742318115,2,0.66539,752,0,4,0.0595695,1
8742318115,3,0.66539,1015,0,3,0.0595695,1
8742318115,4,0.587828,481,0,4,0.0595695,1
8742318115,5,0.587828,791,0,4,0.0595695,1
8742318115,6,0.549098,1212,0,4,0.0595695,1
8742318115,7,0.495043,1083,0,4,0.0595695,1
8742318115,8,0.582902,1549,0,6,0.0595695,1
8742318115,9,0.489796,1775,0,5,0.0595695,1
8742318115,10,0.526917,1856,0,7,0.0595695,1
8742318115,11,0.66539,3070,1,7,0.0595695,1
8742318115,12,0.700368,3147,1,8,0.0595695,1
8742318115,13,0.634916,3630,1,6,0.0595695,1
8742318115,14,0.634916,2730,3,7,0.0595695,1
8742318115,15,0.66539,4118,3,7,0.0595695,1
8742318115,16,0.634916,3668,3,8,0.0595695,1
8742318115,17,0.526917,3378,3,8,0.0595695,1
8742318115,18,0.489796,3895,2,5,0.0595695,1
8742318115,19,0.412844,979,2,5,0.0595695,1
8742318115,20,0.380325,243,2,4,0.0595695,1
8742318115,21,0.378426,377,2,3,0.0595695,1
8742318115,22,0.359504,-83,1,3,0.0595695,1
8742318115,23,0.378426,-112,1,3,0.0595695,1
8742318115,24,0.378426,418,1,4,0.0595695,1
8742318115,25,0.380325,879,1,5,0.0595695,1
8742318115,26,0.471988,1453,1,8,0.0595695,1
8742318115,27,0.66539,4844,2,8,0.0595695,1
8742318115,28,0.669951,5335,2,8,0.0595695,1
8742318115,29,0.634916,3729,3,9,0.0595695,1
8742318115,30,0.781479,4604,4,9,0.0595695,1
8742318115,31,0.761124,4714,4,10,0.0595695,1
8742318115,32,0.823105,7568,4,11,0.0595695,1
8742318115,33,0.823105,7470,4,11,0.0595695,1
8742318115,34,0.781479,8406,4,10,0.0595695,1
8742318115,35,0.703448,7485,4,10,0.0595695,1
8742318115,36,0.634916,6526,4,11,0.0595695,1
8742318115,37,0.66539,7630,4,11,0.0595695,1
8742318115,38,0.669951,9279,4,10,0.0595695,1
8742318115,39,0.910931,8491,5,14,0.0595695,1
8742318115,40,0.952542,13051,5,14,0.0595695,1
8742339646,0,0.494898,0,0,0,0.0595694,1
8742339646,1,0.471988,-344,0,1,0.0595694,1
8742339646,2,0.634916,291,0,1,0.0595694,1
8742339646,3,0.66539,416,0,2,0.0595694,1
8742339646,4,0.634916,432,0,2,0.0595694,1
8742339646,5,0.549098,308,0,1,0.0595694,1
8742339646,6,0.471988,-349,0,0,0.0595694,1
8742339646,7,0.471988,-636,0,2,0.0595694,1
8742339646,8,0.494898,508,0,1,0.0595694,1
8742339646,9,0.436,-336,0,1,0.0595694,1
8742339646,10,0.495043,278,0,3,0.0595694,1
8742339646,11,0.634916,872,0,3,0.0595694,1
8742339646,12,0.587828,886,-1,4,0.0595694,1
8742339646,13,0.634916,975,0,3,0.0595694,1
8742339646,14,0.634916,1357,0,3,0.0595694,1
8742339646,15,0.489796,368,1,1,0.0595694,1
8742339646,16,0.489796,680,0,2,0.0595694,1
8742339646,17,0.554795,1428,0,2,0.0595694,1
8742339646,18,0.495043,1072,0,2,0.0595694,1
8742339646,19,0.582902,1835,0,2,0.0595694,1
8742339646,20,0.781479,1999,1,7,0.0595694,1
8742339646,21,0.878472,6379,1,7,0.0595694,1
8742339646,22,0.823105,6841,1,5,0.0595694,1
8742339646,23,0.805025,5468,1,5,0.0595694,1
8742339646,24,0.781479,4619,1,5,0.0595694,1
8742339646,25,0.66539,4054,1,7,0.0595694,1
8742339646,26,0.781479,5834,1,7,0.0595694,1
8742339646,27,0.718062,6794,0,6,0.0595694,1
8742339646,28,0.582902,4513,-1,5,0.0595694,1
8742339646,29,0.66539,3690,-1,8,0.0595694,1
8742339646,30,0.761124,5437,0,9,0.0595694,1
8742339646,31,0.952542,8080,1,13,0.0595694,1
8742339646,32,0.992925,12167,4,14,0.0595694,1
8742339646,33,0.997,16156,4,19,0.0595694,1
8742422808,0,0.413562,0,0,1,-0.260179,1
8742422808,1,0.489796,364,0,1,-0.260179,1
8742422808,2,0.436,316,0,2,-0.260179,1
8742422808,3,0.471988,711,0,2,-0.260179,1
8742422808,4,0.554795,752,0,4,-0.260179,1
8742422808,5,0.495043,1170,0,3,-0.260179,1
8742422808,6,0.634916,1030,0,6,-0.260179,1
8742422808,7,0.700368,2517,0,8,-0.260179,1
8742422808,8,0.781479,3110,1,8,-0.260179,1
8742422808,9,0.781479,3914,2,8,-0.260179,1
8742422808,10,0.843982,4477,3,10,-0.260179,1
8742422808,11,0.899614,6426,3,9,-0.260179,1
8742422808,12,0.851064,6291,3,9,-0.260179,1
8742422808,13,0.910931,6850,3,10,-0.260179,1
8742422808,14,0.915994,7340,3,10,-0.260179,1
8742422808,15,0.915994,7723,3,12,-0.260179,1
8742422808,16,0.962687,8562,4,14,-0.260179,1
8742422808,17,0.976331,11061,5,14,-0.260179,1
8742422808,18,0.976331,12211,5,15,-0.260179,1
8742422808,19,0.992537,13840,5,15,-0.260179,1
8742422808,20,0.98731,14038,6,15,-0.260179,1
8742422808,21,0.976331,15168,6,14,-0.260179,1
8742422808,22,0.972028,15064,6,15,-0.260179,1
8742422808,23,0.992925,16509,7,17,-0.260179,1
8742422808,24,0.997,19750,7,21,-0.260179,1
8742422808,25,0.997,21942,8,21,-0.260179,1
8742422808,26,0.997,24134,8,25,-0.260179,1
8742491783,0,0.582902,0,0,-1,0.294308,1
8742491783,1,0.495043,-427,0,-1,0.294308,1
8742491783,2,0.634916,-10,0,-1,0.294308,1
8742491783,3,0.495043,-159,0,-2,0.294308,1
8742491783,4,0.489796,-334,0,-2,0.294308,1
8742491783,5,0.494898,15,0,-2,0.294308,1
8742491783,6,0.582902,512,0,-2,0.294308,1
8742491783,7,0.634916,778,0,-4,0.294308,1
8742491783,8,0.489796,-70,0,-5,0.294308,1
8742491783,9,0.489796,46,0,-4,0.294308,1
8742491783,10,0.495043,405,0,-3,0.294308,1
8742491783,11,0.495043,692,0,-3,0.294308,1
8742491783,12,0.634916,1081,1,-3,0.294308,1
8742491783,13,0.66539,1647,1,-3,0.294308,1
8742491783,14,0.781479,2088,2,-1,0.294308,1
8742491783,15,0.781479,3418,2,0,0.294308,1
8742491783,16,0.805025,4111,2,0,0.294308,1
8742491783,17,0.781479,3073,3,-1,0.294308,1
8742491783,18,0.810811,4181,3,1,0.294308,1
8742491783,19,0.899614,6064,3,1,0.294308,1
8742491783,20,0.878472,6166,3,2,0.294308,1
8742491783,21,0.915994,7253,3,2,0.294308,1
8742491783,22,0.915994,7782,3,2,0.294308,1
8742491783,23,0.823105,7997,3,0,0.294308,1
8742491783,24,0.781479,6344,2,1,0.294308,1
8742491783,25,0.703448,6208,2,1,0.294308,1
8742491783,26,0.718062,6125,2,1,0.294308,1
8742491783,27,0.718062,6375,2,1,0.294308,1
8742491783,28,0.781479,5572,2,0,0.294308,1
8742491783,29,0.66539,4611,2,0,0.294308,1
8742491783,30,0.634916,4826,1,0,0.294308,1
8742491783,31,0.495043,4036,0,0,0.294308,1
8742491783,32,0.66539,5047,0,1,0.294308,1
8742491783,33,0.669951,5760,0,1,0.294308,1
8742491783,34,0.669951,5824,0,1,0.294308,1
8742491783,35,0.718062,5528,2,1,0.294308,1
8742491783,36,0.781479,6630,2,1,0.294308,1
8742491783,37,0.634916,5852,2,0,0.294308,1
8742491783,38,0.634916,5340,2,-1,0.294308,1
8742491783,39,0.413562,3290,0,-1,0.294308,1
8742491783,40,0.480438,1321,0,-1,0.294308,1
8742491783,41,0.412844,335,0,-2,0.294308,1
8742491783,42,0.412844,-653,1,-4,0.294308,1
8742491783,43,0.378426,-2109,1,-4,0.294308,1
8742491783,44,0.21131,-5244,0,-4,0.294308,1
8742491783,45,0.19398,-7501,0,-4,0.294308,1
8742491783,46,0.208333,-8779,0,-4,0.294308,1
8742491783,47,0.471988,-5454,0,-4,0.294308,1
8742491783,48,0.380325,-7104,-1,-4,0.294308,1
8742491783,49,0.307323,-9137,-2,-4,0.294308,1
8742491783,50,0.21131,-10422,-2,-4,0.294308,1
8742491783,51,0.132867,-11101,-2,-5,0.294308,1
8742491783,52,0.111628,-13744,-2,-5,0.294308,1
8742491783,53,0.111628,-11160,-3,-6,0.294308,1
8742491783,54,0.130542,-12377,-3,-5,0.294308,1
8742491783,55,0.132867,-11063,-3,-5,0.294308,1
8742491783,56,0.19398,-10855,-3,-6,0.294308,1
8742491783,57,0.130542,-10727,-4,-6,0.294308,1
8742491783,58,0.19398,-12092,-4,-6,0.294308,1
8742491783,59,0.094293,-14306,-4,-6,0.294308,1
8742491783,60,0.062718,-16693,-4,-6,0.294308,1
8742491783,61,0.132867,-19510,-4,-6,0.294308,1
8742491783,62,0.020992,-19705,-5,-11,0.294308,1
8742497814,0,0.66539,398,0,1,0.405256,1
8742497814,1,0.761124,639,0,1,0.405256,1
8742497814,2,0.781479,800,0,1,0.405256,1
8742497814,3,0.773481,988,0,0,0.405256,1
8742497814,4,0.761124,750,0,1,0.405256,1
8742497814,5,0.703448,797,0,0,0.405256,1
8742497814,6,0.761124,1230,0,0,0.405256,1
8742497814,7,0.718062,1218,0,0,0.405256,1
8742497814,8,0.700368,977,0,-2,0.405256,1
8742497814,9,0.634916,778,0,-2,0.405256,1
8742497814,10,0.66539,500,0,1,0.405256,1
8742497814,11,0.66539,1145,0,1,0.405256,1
8742497814,12,0.634916,1277,-1,1,0.405256,1
8742497814,13,0.436,420,-1,2,0.405256,1
8742497814,14,0.554795,1113,-1,3,0.405256,1
8742497814,15,0.471988,522,-1,6,0.405256,1
8742497814,16,0.700368,2176,-1,7,0.405256,1
8742497814,17,0.669951,2339,-1,7,0.405256,1
8742497814,18,0.703448,2384,0,9,0.405256,1
8742497814,19,0.781479,4374,1,9,0.405256,1
8742497814,20,0.781479,5249,1,9,0.405256,1
8742497814,21,0.781479,5101,1,11,0.405256,1
8742497814,22,0.781479,6002,1,10,0.405256,1
8742497814,23,0.781479,5777,1,12,0.405256,1
8742497814,24,0.773481,5539,1,12,0.405256,1
8742497814,25,0.781479,5323,1,14,0.405256,1
8742497814,26,0.899614,7342,1,15,0.405256,1
8742497814,27,0.899614,7729,1,15,0.405256,1
8742497814,28,0.915994,9740,2,15,0.405256,1
8742497814,29,0.915994,10619,2,15,0.405256,1
8742497814,30,0.98731,10622,4,20,0.405256,1
8742497814,31,0.992925,16801,5,20,0.405256,1
8742812448,0,0.554795,0,0,0,0.118932,1
8742812448,1,0.587828,31,0,0,0.118932,1
8742812448,2,0.634916,144,0,0,0.118932,1
8742812448,3,0.634916,533,0,0,0.118932,1
8742812448,4,0.634916,614,0,0,0.118932,1
8742812448,5,0.66539,1008,0,1,0.118932,1
8742812448,6,0.700368,1700,0,1,0.118932,1
8742812448,7,0.703448,1723,1,3,0.118932,1
8742812448,8,0.843982,3377,1,4,0.118932,1
8742812448,9,0.843982,3984,1,3,0.118932,1
8742812448,10,0.805025,3401,1,4,0.118932,1
8742812448,11,0.830357,4207,1,4,0.118932,1
8742812448,12,0.805025,4286,1,4,0.118932,1
8742812448,13,0.805025,4338,2,5,0.118932,1
8742812448,14,0.805025,4638,2,5,0.118932,1
8742812448,15,0.805025,4693,2,5,0.118932,1
8742812448,16,0.700368,3897,1,5,0.118932,1
8742812448,17,0.66539,3853,1,3,0.118932,1
8742812448,18,0.66539,2597,2,6,0.118932,1
8742812448,19,0.761124,4415,2,6,0.118932,1
8742812448,20,0.781479,4278,2,9,0.118932,1
8742812448,21,0.878472,5863,2,9,0.118932,1
8742812448,22,0.805025,4282,2,10,0.118932,1
8742812448,23,0.761124,5106,1,8,0.118932,1
8742812448,24,0.549098,2007,1,7,0.118932,1
8742812448,25,0.380325,717,0,3,0.118932,1
8742812448,26,0.208333,-2939,-1,4,0.118932,1
8742812448,27,0.094293,-4211,-2,3,0.118932,1
8742812448,28,0.062718,-4683,-3,2,0.118932,1
8742812448,29,0.031056,-6106,-6,0,0.118932,1
8742812448,30,0.017442,-11931,-7,-3,0.118932,1
8742931925,0,0.495043,0,0,0,0.0129557,1
8742931925,1,0.471988,-1,0,-1,0.0129557,1
8742931925,2,0.436,-305,0,-1,0.0129557,1
8742931925,3,0.480438,-171,0,-1,0.0129557,1
8742931925,4,0.489796,80,0,-1,0.0129557,1
8742931925,5,0.471988,-438,0,-1,0.0129557,1
8742931925,6,0.526917,-313,0,0,0.0129557,1
8742931925,7,0.495043,164,0,0,0.0129557,1
8742931925,8,0.471988,-169,0,0,0.0129557,1
8742931925,9,0.442857,92,0,-3,0.0129557,1
8742931925,10,0.412844,-836,-1,-3,0.0129557,1
8742931925,11,0.359504,-1461,-1,-3,0.0129557,1
8742931925,12,0.380325,-1253,-1,-2,0.0129557,1
8742931925,13,0.380325,-1305,-1,-2,0.0129557,1
8742931925,14,0.436,-768,-1,-2,0.0129557,1
8742931925,15,0.471988,-639,-1,1,0.0129557,1
8742931925,16,0.494898,732,-1,1,0.0129557,1
8742931925,17,0.480438,726,-1,-2,0.0129557,1
8742931925,18,0.412844,-1408,-1,-2,0.0129557,1
8742931925,19,0.380325,-1859,-1,-2,0.0129557,1
8742931925,20,0.412844,-1136,-1,-1,0.0129557,1
8742931925,21,0.413562,-83,-1,-1,0.0129557,1
8742931925,22,0.489796,722,-1,0,0.0129557,1
8742931925,23,0.495043,1044,-1,0,0.0129557,1
8742931925,24,0.549098,846,-1,0,0.0129557,1
8742931925,25,0.495043,26,-2,0,0.0129557,1
8742931925,26,0.495043,-435,-2,1,0.0129557,1
8742931925,27,0.495043,281,-2,0,0.0129557,1
8742931925,28,0.471988,-1317,-2,2,0.0129557,1
8742931925,29,0.587828,724,-1,2,0.0129557,1
8742931925,30,0.634916,1242,-1,3,0.0129557,1
8742931925,31,0.634916,2301,-1,3,0.0129557,1
8742931925,32,0.66539,2339,0,5,0.0129557,1
8742931925,33,0.703448,4020,0,6,0.0129557,1
8742931925,34,0.823105,6241,1,6,0.0129557,1
8742931925,35,0.915994,7432,1,9,0.0129557,1
8742931925,36,0.952542,10364,3,9,0.0129557,1
8742931925,37,0.98731,14547,3,14,0.0129557,1
8742931925,38,0.997,19282,5,14,0.0129557,1
8743016533,0,0.495043,0,0,0,-0.444275,1
8743016533,1,0.495043,-125,0,0,-0.444275,1
8743016533,2,0.549098,-48,0,0,-0.444275,1
8743016533,3,0.554795,13,0,0,-0.444275,1
8743016533,4,0.554795,49,0,0,-0.444275,1
8743016533,5,0.554795,35,0,1,-0.444275,1
8743016533,6,0.634916,912,0,1,-0.444275,1
8743016533,7,0.634916,569,0,1,-0.444275,1
8743016533,8,0.634916,815,0,-1,-0.444275,1
8743016533,9,0.495043,111,1,-1,-0.444275,1
8743016533,10,0.549098,479,1,-2,-0.444275,1
8743016533,11,0.489796,222,1,-1,-0.444275,1
8743016533,12,0.495043,239,2,-2,-0.444275,1
8743016533,13,0.549098,762,2,-2,-0.444275,1
8743016533,14,0.577982,1015,2,-3,-0.444275,1
8743016533,15,0.526917,705,2,-3,-0.444275,1
8743016533,16,0.549098,1101,2,-2,-0.444275,1
8743016533,17,0.582902,804,3,-2,-0.444275,1
8743016533,18,0.634916,2260,3,-2,-0.444275,1
8743016533,19,0.634916,2279,2,-2,-0.444275,1
8743016533,20,0.634916,1537,2,-2,-0.444275,1
8743016533,21,0.634916,912,3,-2,-0.444275,1
8743016533,22,0.634916,1991,3,-2,-0.444275,1
8743016533,23,0.549098,1576,2,-3,-0.444275,1
8743016533,24,0.471988,24,2,-3,-0.444275,1
8743016533,25,0.436,-894,2,-3,-0.444275,1
8743016533,26,0.413562,-1695,1,-3,-0.444275,1
8743016533,27,0.413562,-2384,1,-3,-0.444275,1
8743016533,28,0.495043,-2747,1,-3,-0.444275,1
8743016533,29,0.413562,-2393,1,-4,-0.444275,1
8743016533,30,0.549098,-2754,2,-3,-0.444275,1
8743016533,31,0.471988,-730,2,-4,-0.444275,1
8743016533,32,0.471988,-2229,2,-4,-0.444275,1
8743016533,33,0.471988,-1618,2,-4,-0.444275,1
8743016533,34,0.634916,-1766,2,-4,-0.444275,1
8743016533,35,0.436,-1855,1,-4,-0.444275,1
8743016533,36,0.413562,-2359,1,-5,-0.444275,1
8743016533,37,0.471988,-2839,1,-5,-0.444275,1
8743016533,38,0.413562,-2741,1,-5,-0.444275,1
8743016533,39,0.634916,-2183,1,-4,-0.444275,1
8743016533,40,0.489796,-787,1,-6,-0.444275,1
8743016533,41,0.436,-2833,0,-6,-0.444275,1
8743016533,42,0.307323,-4638,-2,-6,-0.444275,1
8743016533,43,0.208333,-6278,-2,-7,-0.444275,1
8743016533,44,0.19398,-7279,-2,-7,-0.444275,1
8743016533,45,0.21131,-8732,-2,-7,-0.444275,1
8743016533,46,0.130542,-9854,-3,-8,-0.444275,1
8743016533,47,0.017442,-13383,-4,-12,-0.444275,1
8743016533,48,0.017442,-18845,-4,-12,-0.444275,1
8743063058,0,0.471988,0,0,0,-0.164031,1
8743063058,1,0.413562,-191,0,-1,-0.164031,1
8743063058,2,0.378426,-486,0,0,-0.164031,1
8743063058,3,0.436,-106,0,-1,-0.164031,1
8743063058,4,0.413562,-161,0,-4,-0.164031,1
8743063058,5,0.307323,-1265,0,-5,-0.164031,1
8743063058,6,0.21131,-2166,0,-6,-0.164031,1
8743063058,7,0.208333,-2378,0,-7,-0.164031,1
8743063058,8,0.201036,-3397,-1,-6,-0.164031,1
8743063058,9,0.272171,-3687,-1,-3,-0.164031,1
8743063058,10,0.310479,-2907,-1,0,-0.164031,1
8743063058,11,0.412844,-1501,-1,0,-0.164031,1
8743063058,12,0.380325,-2341,-1,-1,-0.164031,1
8743063058,13,0.380325,-2646,-1,-1,-0.164031,1
8743063058,14,0.378426,-2869,0,-1,-0.164031,1
8743063058,15,0.378426,-2256,0,-1,-0.164031,1
8743063058,16,0.359504,-2605,-1,-1,-0.164031,1
8743063058,17,0.359504,-2692,-1,-3,-0.164031,1
8743063058,18,0.296875,-3506,-2,-2,-0.164031,1
8743063058,19,0.272171,-4060,-2,-5,-0.164031,1
8743063058,20,0.19398,-6038,-2,-4,-0.164031,1
8743063058,21,0.252525,-5089,-2,-3,-0.164031,1
8743063058,22,0.307323,-4441,-2,-3,-0.164031,1
8743063058,23,0.310479,-4288,-2,-1,-0.164031,1
8743063058,24,0.413562,-2267,-2,-1,-0.164031,1
8743063058,25,0.380325,-1363,-3,-3,-0.164031,1
8743063058,26,0.310479,-3149,-4,-2,-0.164031,1
8743063058,27,0.410072,-2818,-3,-1,-0.164031,1
8743063058,28,0.413562,-1178,-3,0,-0.164031,1
8743063058,29,0.296875,-224,-3,-3,-0.164031,1
8743063058,30,0.21131,-3397,-2,-4,-0.164031,1
8743063058,31,0.130542,-4926,-2,-6,-0.164031,1
8743063058,32,0.045752,-6168,-3,-7,-0.164031,1
8743063058,33,0.031056,-7883,-3,-8,-0.164031,1
8743063058,34,0.062718,-8586,-3,-8,-0.164031,1
8743063058,35,0.017442,-9600,-3,-13,-0.164031,1
8743114112,0,0.549098,0,0,0,0.223268,1
8743114112,1,0.582902,8,0,0,0.223268,1
8743114112,2,0.489796,54,0,-1,0.223268,1
8743114112,3,0.413562,-776,0,-1,0.223268,1
8743114112,4,0.413562,-816,0,-2,0.223268,1
8743114112,5,0.471988,-957,0,1,0.223268,1
8743114112,6,0.587828,613,0,1,0.223268,1
8743114112,7,0.634916,614,0,2,0.223268,1
8743114112,8,0.634916,575,0,2,0.223268,1
8743114112,9,0.549098,-39,0,1,0.223268,1
8743114112,10,0.471988,-447,0,1,0.223268,1
8743114112,11,0.471988,-314,0,4,0.223268,1
8743114112,12,0.526917,904,0,4,0.223268,1
8743114112,13,0.582902,1036,0,5,0.223268,1
8743114112,14,0.587828,1313,0,4,0.223268,1
8743114112,15,0.494898,78,0,6,0.223268,1
8743114112,16,0.471988,810,0,6,0.223268,1
8743114112,17,0.471988,98,0,6,0.223268,1
8743114112,18,0.471988,-168,0,6,0.223268,1
8743114112,19,0.489796,-621,1,5,0.223268,1
8743114112,20,0.471988,130,1,4,0.223268,1
8743114112,21,0.413562,-1073,0,3,0.223268,1
8743114112,22,0.413562,-2270,-1,6,0.223268,1
8743114112,23,0.480438,18,-1,6,0.223268,1
8743114112,24,0.471988,-158,0,5,0.223268,1
8743114112,25,0.489796,-1148,0,8,0.223268,1
8743114112,26,0.805025,2732,2,9,0.223268,1
8743114112,27,0.976331,5193,4,12,0.223268,1
8743114112,28,0.997,12197,4,16,0.223268,1
8743150168,0,0.413562,0,0,-1,-0.0882499,1
8743150168,1,0.380325,-404,0,-1,-0.0882499,1
8743150168,2,0.413562,-304,0,-2,-0.0882499,1
8743150168,3,0.412844,-340,0,-2,-0.0882499,1
8743150168,4,0.412844,-308,0,-1,-0.0882499,1
8743150168,5,0.410072,-495,0,-1,-0.0882499,1
8743150168,6,0.471988,20,0,-2,-0.0882499,1
8743150168,7,0.378426,-1226,-2,0,-0.0882499,1
8743150168,8,0.33162,-1486,-2,1,-0.0882499,1
8743150168,9,0.380325,-969,-2,3,-0.0882499,1
8743150168,10,0.380325,-1037,-1,4,-0.0882499,1
8743150168,11,0.634916,660,-1,5,-0.0882499,1
8743150168,12,0.489796,512,-1,4,-0.0882499,1
8743150168,13,0.471988,163,-1,4,-0.0882499,1
8743150168,14,0.413562,-13,-1,5,-0.0882499,1
8743150168,15,0.489796,1168,0,6,-0.0882499,1
8743150168,16,0.495043,1664,0,8,-0.0882499,1
8743150168,17,0.66539,3229,0,11,-0.0882499,1
8743150168,18,0.781479,4951,1,11,-0.0882499,1
8743150168,19,0.910931,5941,2,11,-0.0882499,1
8743150168,20,0.843982,5978,2,11,-0.0882499,1
8743150168,21,0.910931,5793,4,12,-0.0882499,1
8743150168,22,0.923077,8142,5,13,-0.0882499,1
8743150168,23,0.952542,9496,5,13,-0.0882499,1
8743150168,24,0.923077,8263,5,14,-0.0882499,1
8743150168,25,0.952542,9131,5,15,-0.0882499,1
8743150168,26,0.976331,10333,5,17,-0.0882499,1
8743150168,27,0.976331,10997,4,18,-0.0882499,1
8743150168,28,0.972028,10854,4,18,-0.0882499,1
8743150168,29,0.972028,12254,4,18,-0.0882499,1
8743150168,30,0.98731,14086,5,18,-0.0882499,1
8743150168,31,0.992925,14945,6,18,-0.0882499,1
8743150168,32,0.992537,17914,6,19,-0.0882499,1
8743489142,0,0.577982,0,0,0,0.315914,1
8743489142,1,0.495043,68,0,-1,0.315914,1
8743489142,2,0.471988,-359,0,-1,0.315914,1
8743489142,3,0.554795,128,0,0,0.315914,1
8743489142,4,0.634916,388,0,1,0.315914,1
8743489142,5,0.634916,709,0,-1,0.315914,1
8743489142,6,0.494898,56,0,-2,0.315914,1
8743489142,7,0.489796,-357,0,-2,0.315914,1
8743489142,8,0.489796,-1025,0,0,0.315914,1
8743489142,9,0.549098,245,0,1,0.315914,1
8743489142,10,0.591667,604,0,2,0.315914,1
8743489142,11,0.66539,725,0,4,0.315914,1
8743489142,12,0.781479,1229,0,6,0.315914,1
8743489142,13,0.781479,2376,-1,6,0.315914,1
8743489142,14,0.634916,1571,0,4,0.315914,1
8743489142,15,0.526917,777,0,3,0.315914,1
8743489142,16,0.495043,639,0,3,0.315914,1
8743489142,17,0.495043,1204,0,3,0.315914,1
8743489142,18,0.495043,2041,-1,2,0.315914,1
8743489142,19,0.471988,-221,-1,3,0.315914,1
8743489142,20,0.480438,-1012,0,4,0.315914,1
8743489142,21,0.549098,669,0,5,0.315914,1
8743489142,22,0.634916,858,0,7,0.315914,1
8743489142,23,0.66539,3665,0,5,0.315914,1
8743489142,24,0.634916,3318,0,4,0.315914,1
8743489142,25,0.582902,2418,0,5,0.315914,1
8743489142,26,0.634916,3596,0,7,0.315914,1
8743489142,27,0.761124,5891,1,6,0.315914,1
8743489142,28,0.805025,6730,1,8,0.315914,1
8743489142,29,0.899614,8600,2,6,0.315914,1
8743489142,30,0.781479,7414,1,5,0.315914,1
8743489142,31,0.412844,3482,-1,4,0.315914,1
8743489142,32,0.310479,-535,-2,4,0.315914,1
8743489142,33,0.201036,-4326,-2,4,0.315914,1
8743489142,34,0.378426,-3612,-2,5,0.315914,1
8743489142,35,0.378426,-1349,-2,3,0.315914,1
8743489142,36,0.21131,-2751,-4,1,0.315914,1
8743489142,37,0.094293,-6734,-3,-1,0.315914,1
8743545122,0,0.471988,0,0,0,-0.119503,1
8743545122,1,0.471988,57,0,0,-0.119503,1
8743545122,2,0.489796,137,0,0,-0.119503,1
8743545122,3,0.471988,-52,0,0,-0.119503,1
8743545122,4,0.412844,-360,0,0,-0.119503,1
8743545122,5,0.471988,-235,0,0,-0.119503,1
8743545122,6,0.413562,-293,0,-1,-0.119503,1
8743545122,7,0.412844,-684,0,-3,-0.119503,1
8743545122,8,0.413562,-548,0,-2,-0.119503,1
8743545122,9,0.436,83,0,-2,-0.119503,1
8743545122,10,0.471988,-37,0,0,-0.119503,1
8743545122,11,0.587828,1101,1,-1,-0.119503,1
8743545122,12,0.526917,1074,1,-1,-0.119503,1
8743545122,13,0.554795,923,1,-1,-0.119503,1
8743545122,14,0.634916,1510,1,-1,-0.119503,1
8743545122,15,0.634916,2484,0,-3,-0.119503,1
8743545122,16,0.587828,1456,1,-2,-0.119503,1
8743545122,17,0.634916,2073,2,-2,-0.119503,1
8743545122,18,0.634916,3961,1,-3,-0.119503,1
8743545122,19,0.634916,2895,1,0,-0.119503,1
8743545122,20,0.66539,4581,1,0,-0.119503,1
8743545122,21,0.781479,5531,1,3,-0.119503,1
8743545122,22,0.910931,8305,1,5,-0.119503,1
8743545122,23,0.952542,9200,1,6,-0.119503,1
8743545122,24,0.962687,10005,3,7,-0.119503,1
8743545122,25,0.985507,12224,3,8,-0.119503,1
8743545122,26,0.952542,12448,4,8,-0.119503,1
8743545122,27,0.952542,12957,4,8,-0.119503,1
8743545122,28,0.952542,12661,4,8,-0.119503,1
8743545122,29,0.910931,11891,4,8,-0.119503,1
8743545122,30,0.923077,12900,4,8,-0.119503,1
8743545122,31,0.910931,13097,4,9,-0.119503,1
8743545122,32,0.923077,14774,4,10,-0.119503,1
8743545122,33,0.952542,14733,4,10,-0.119503,1
8743545122,34,0.952542,15340,4,9,-0.119503,1
8743545122,35,0.915994,15404,4,9,-0.119503,1
8743545122,36,0.923077,15095,3,13,-0.119503,1
8743545122,37,0.992925,17922,6,14,-0.119503,1
8743545122,38,0.997,24487,6,20,-0.119503,1
8743615657,0,0.480438,0,0,0,-0.095653,1
8743615657,1,0.489796,94,0,-1,-0.095653,1
8743615657,2,0.554795,251,0,-1,-0.095653,1
8743615657,3,0.489796,154,0,-2,-0.095653,1
8743615657,4,0.436,42,0,-3,-0.095653,1
8743615657,5,0.413562,-272,0,-4,-0.095653,1
8743615657,6,0.412844,-938,0,-6,-0.095653,1
8743615657,7,0.310479,-1505,0,-8,-0.095653,1
8743615657,8,0.310479,-1690,0,-8,-0.095653,1
8743615657,9,0.310479,-1408,0,-11,-0.095653,1
8743615657,10,0.21131,-2930,0,-10,-0.095653,1
8743615657,11,0.310479,-2489,0,-8,-0.095653,1
8743615657,12,0.413562,-509,-1,-10,-0.095653,1
8743615657,13,0.396758,-1562,0,-9,-0.095653,1
8743615657,14,0.495043,176,0,-8,-0.095653,1
8743615657,15,0.413562,1048,0,-11,-0.095653,1
8743615657,16,0.412844,-134,0,-12,-0.095653,1
8743615657,17,0.378426,-837,0,-12,-0.095653,1
8743615657,18,0.412844,-786,0,-10,-0.095653,1
8743615657,19,0.471988,1733,1,-11,-0.095653,1
8743615657,20,0.413562,2500,-1,-15,-0.095653,1
8743615657,21,0.272041,-2107,-1,-17,-0.095653,1
8743615657,22,0.359504,-292,-1,-17,-0.095653,1
8743615657,23,0.252525,770,-1,-21,-0.095653,1
8743615657,24,0.201036,-597,-1,-24,-0.095653,1
8743615657,25,0.031056,-3476,-2,-25,-0.095653,1
8743615657,26,0.017442,-6095,-2,-26,-0.095653,1
8743615657,27,0.020992,-6197,-2,-27,-0.095653,1
8743615657,28,0.020992,-5927,-4,-27,-0.095653,1
8743615657,29,0.045752,-7590,-4,-29,-0.095653,1
8743783694,0,0.494898,0,0,1,0.0516454,1
8743783694,1,0.480438,32,0,0,0.0516454,1
8743783694,2,0.480438,9,0,0,0.0516454,1
8743783694,3,0.582902,259,0,0,0.0516454,1
8743783694,4,0.495043,-130,0,2,0.0516454,1
8743783694,5,0.634916,539,0,3,0.0516454,1
8743783694,6,0.587828,865,0,1,0.0516454,1
8743783694,7,0.489796,411,0,-1,0.0516454,1
8743783694,8,0.489796,315,0,-1,0.0516454,1
8743783694,9,0.495043,348,0,-1,0.0516454,1
8743783694,10,0.471988,790,0,-2,0.0516454,1
8743783694,11,0.471988,776,0,-2,0.0516454,1
8743783694,12,0.526917,1224,0,-2,0.0516454,1
8743783694,13,0.471988,1051,1,-2,0.0516454,1
8743783694,14,0.471988,1517,1,-5,0.0516454,1
8743783694,15,0.413562,-199,0,-4,0.0516454,1
8743783694,16,0.413562,265,0,-4,0.0516454,1
8743783694,17,0.413562,-142,0,-5,0.0516454,1
8743783694,18,0.412844,-1069,0,-2,0.0516454,1
8743783694,19,0.471988,602,0,-2,0.0516454,1
8743783694,20,0.471988,142,0,0,0.0516454,1
8743783694,21,0.471988,426,0,0,0.0516454,1
8743783694,22,0.634916,325,0,1,0.0516454,1
8743783694,23,0.634916,709,0,4,0.0516454,1
8743783694,24,0.587828,1718,1,3,0.0516454,1
8743783694,25,0.489796,3057,1,1,0.0516454,1
8743783694,26,0.412844,366,0,1,0.0516454,1
8743783694,27,0.436,1180,1,2,0.0516454,1
8743783694,28,0.413562,2738,1,3,0.0516454,1
8743783694,29,0.410072,2145,1,-1,0.0516454,1
8743783694,30,0.307323,-1653,1,-3,0.0516454,1
8743783694,31,0.21131,-3593,1,-3,0.0516454,1
8743783694,32,0.208333,-3998,1,-3,0.0516454,1
8743783694,33,0.201036,-3411,1,-3,0.0516454,1
8743783694,34,0.307323,-3569,1,-2,0.0516454,1
8743783694,35,0.494898,-2940,3,1,0.0516454,1
8743783694,36,0.899614,1227,2,5,0.0516454,1
8743783694,37,0.962687,5842,3,7,0.0516454,1
8743945405,0,0.489796,0,0,0,-0.514036,1
8743945405,1,0.480438,-47,0,0,-0.514036,1
8743945405,2,0.471988,-101,0,-1,-0.514036,1
8743945405,3,0.380325,-615,0,-1,-0.514036,1
8743945405,4,0.413562,-647,0,0,-0.514036,1
8743945405,5,0.489796,-133,0,0,-0.514036,1
8743945405,6,0.471988,-307,0,1,-0.514036,1
8743945405,7,0.471988,-354,0,1,-0.514036,1
8743945405,8,0.495043,-188,0,2,-0.514036,1
8743945405,9,0.471988,-76,0,0,-0.514036,1
8743945405,10,0.378426,-1008,0,2,-0.514036,1
8743945405,11,0.413562,17,0,2,-0.514036,1
8743945405,12,0.412844,-542,0,1,-0.514036,1
8743945405,13,0.380325,-818,0,1,-0.514036,1
8743945405,14,0.380325,-1188,0,3,-0.514036,1
8743945405,15,0.412844,-625,-1,3,-0.514036,1
8743945405,16,0.378426,-1400,-1,5,-0.514036,1
8743945405,17,0.471988,101,0,5,-0.514036,1
8743945405,18,0.471988,444,-1,6,-0.514036,1
8743945405,19,0.471988,-7,-2,7,-0.514036,1
8743945405,20,0.480438,-132,-1,8,-0.514036,1
8743945405,21,0.489796,268,-1,9,-0.514036,1
8743945405,22,0.634916,1954,-1,9,-0.514036,1
8743945405,23,0.471988,1276,-1,6,-0.514036,1
8743945405,24,0.307323,-1418,-2,5,-0.514036,1
8743945405,25,0.062718,-3461,-4,2,-0.514036,1
8743945405,26,0.031056,-8057,-4,2,-0.514036,1
8743945405,27,0.020992,-8491,-4,-1,-0.514036,1
8743945405,28,0.017442,-12486,-4,-1,-0.514036,1
8743971559,0,0.413562,0,0,0,-0.231818,1
8743971559,1,0.412844,-133,0,0,-0.231818,1
8743971559,2,0.413562,-131,0,1,-0.231818,1
8743971559,3,0.480438,280,0,1,-0.231818,1
8743971559,4,0.436,110,0,1,-0.231818,1
8743971559,5,0.413562,327,0,0,-0.231818,1
8743971559,6,0.412844,-153,0,-2,-0.231818,1
8743971559,7,0.380325,-431,0,-2,-0.231818,1
8743971559,8,0.410072,-418,0,-1,-0.231818,1
8743971559,9,0.380325,-321,0,-1,-0.231818,1
8743971559,10,0.380325,-701,0,-2,-0.231818,1
8743971559,11,0.410072,-910,0,-1,-0.231818,1
8743971559,12,0.410072,-504,0,-2,-0.231818,1
8743971559,13,0.378426,-1740,0,-2,-0.231818,1
8743971559,14,0.436,-878,1,-1,-0.231818,1
8743971559,15,0.495043,927,1,-1,-0.231818,1
8743971559,16,0.480438,1112,0,-2,-0.231818,1
8743971559,17,0.413562,-461,0,-1,-0.231818,1
8743971559,18,0.489796,112,0,0,-0.231818,1
8743971559,19,0.554795,1653,0,1,-0.231818,1
8743971559,20,0.66539,2746,0,4,-0.231818,1
8743971559,21,0.781479,6232,0,3,-0.231818,1
8743971559,22,0.669951,7114,0,0,-0.231818,1
8743971559,23,0.436,3306,-1,0,-0.231818,1
8743971559,24,0.412844,1710,-1,-1,-0.231818,1
8743971559,25,0.310479,916,-2,-3,-0.231818,1
8743971559,26,0.296875,-1438,-1,0,-0.231818,1
8743971559,27,0.412844,1865,-1,-1,-0.231818,1
8743971559,28,0.413562,954,-2,2,-0.231818,1
8743971559,29,0.634916,3114,-2,3,-0.231818,1
8743971559,30,0.703448,6230,-2,1,-0.231818,1
8743971559,31,0.413562,5640,-3,1,-0.231818,1
8743971559,32,0.310479,2569,-3,0,-0.231818,1
8743971559,33,0.252525,1211,-3,-2,-0.231818,1
8743971559,34,0.031056,-469,-7,-5,-0.231818,1
8743971559,35,0.006849,-10124,-7,-5,-0.231818,1
8744200545,0,0.494898,0,0,1,0.0496098,1
8744200545,1,0.634916,363,0,2,0.0496098,1
8744200545,2,0.634916,637,0,1,0.0496098,1
8744200545,3,0.582902,440,0,2,0.0496098,1
8744200545,4,0.634916,756,0,3,0.0496098,1
8744200545,5,0.634916,918,0,3,0.0496098,1
8744200545,6,0.587828,1289,0,3,0.0496098,1
8744200545,7,0.582902,1334,0,2,0.0496098,1
8744200545,8,0.634916,1193,0,4,0.0496098,1
8744200545,9,0.634916,1507,0,5,0.0496098,1
8744200545,10,0.66539,2576,0,5,0.0496098,1
8744200545,11,0.700368,3026,1,5,0.0496098,1
8744200545,12,0.781479,3201,1,8,0.0496098,1
8744200545,13,0.718062,3762,1,9,0.0496098,1
8744200545,14,0.781479,4485,2,10,0.0496098,1
8744200545,15,0.830357,5445,2,10,0.0496098,1
8744200545,16,0.823105,5502,2,9,0.0496098,1
8744200545,17,0.700368,5575,2,6,0.0496098,1
8744200545,18,0.526917,3139,1,5,0.0496098,1
8744200545,19,0.471988,1582,1,5,0.0496098,1
8744200545,20,0.494898,1966,1,6,0.0496098,1
8744200545,21,0.549098,3128,1,6,0.0496098,1
8744200545,22,0.634916,3773,2,8,0.0496098,1
8744200545,23,0.823105,5666,2,9,0.0496098,1
8744200545,24,0.843982,6253,2,11,0.0496098,1
8744200545,25,0.878472,7615,2,11,0.0496098,1
8744200545,26,0.805025,6747,2,9,0.0496098,1
8744200545,27,0.843982,6004,2,12,0.0496098,1
8744200545,28,0.843982,8186,2,12,0.0496098,1
8744200545,29,0.843982,8400,3,13,0.0496098,1
8744200545,30,0.899614,8784,3,14,0.0496098,1
8744200545,31,0.952542,10465,2,16,0.0496098,1
8744200545,32,0.952542,10829,3,16,0.0496098,1
8744200545,33,0.952542,14625,2,15,0.0496098,1
8744200545,34,0.878472,12832,2,14,0.0496098,1
8744200545,35,0.781479,9699,2,14,0.0496098,1
8744200545,36,0.843982,10311,2,17,0.0496098,1
8744200545,37,0.923077,12807,2,19,0.0496098,1
8744200545,38,0.972028,14037,3,21,0.0496098,1
8744200545,39,0.992925,17670,4,21,0.0496098,1
8744200545,40,0.992925,19599,4,18,0.0496098,1
8744200545,41,0.952542,16907,4,18,0.0496098,1
8744200545,42,0.805025,15056,3,17,0.0496098,1
8744200545,43,0.781479,12147,3,17,0.0496098,1
8744200545,44,0.781479,12245,3,17,0.0496098,1
8744200545,45,0.860656,12513,4,17,0.0496098,1
8744200545,46,0.843982,12866,4,17,0.0496098,1
8744200545,47,0.899614,12364,4,17,0.0496098,1
8744200545,48,0.899614,11969,4,17,0.0496098,1
8744200545,49,0.952542,12305,5,18,0.0496098,1
8744200545,50,0.952542,14364,4,18,0.0496098,1
8744200545,51,0.952542,11706,4,18,0.0496098,1
8744200545,52,0.952542,12550,6,18,0.0496098,1
8744200545,53,0.923077,10907,5,17,0.0496098,1
8744200545,54,0.700368,4206,4,16,0.0496098,1
8744200545,55,0.66539,-401,4,16,0.0496098,1
8744200545,56,0.66539,-497,4,17,0.0496098,1
8744212261,0,0.549098,0,0,0,0.134396,1
8744212261,1,0.587828,61,0,0,0.134396,1
8744212261,2,0.582902,-18,0,0,0.134396,1
8744212261,3,0.634916,284,0,0,0.134396,1
8744212261,4,0.634916,548,0,0,0.134396,1
8744212261,5,0.66539,873,0,-1,0.134396,1
8744212261,6,0.634916,832,0,0,0.134396,1
8744212261,7,0.66539,1308,1,1,0.134396,1
8744212261,8,0.762712,2939,1,0,0.134396,1
8744212261,9,0.781479,2942,1,3,0.134396,1
8744212261,10,0.915994,3965,2,5,0.134396,1
8744212261,11,0.952542,5935,2,5,0.134396,1
8744212261,12,0.923077,6969,2,4,0.134396,1
8744212261,13,0.952542,5462,3,6,0.134396,1
8744212261,14,0.952542,7507,3,5,0.134396,1
8744212261,15,0.899614,7384,3,4,0.134396,1
8744212261,16,0.843982,6752,3,4,0.134396,1
8744212261,17,0.843982,7882,3,0,0.134396,1
8744212261,18,0.761124,6087,3,0,0.134396,1
8744212261,19,0.773481,6055,3,1,0.134396,1
8744212261,20,0.805025,7207,3,1,0.134396,1
8744212261,21,0.805025,7676,3,0,0.134396,1
8744212261,22,0.805025,7071,3,-1,0.134396,1
8744212261,23,0.781479,6505,2,0,0.134396,1
8744212261,24,0.669951,6078,2,-1,0.134396,1
8744212261,25,0.66539,6355,2,-2,0.134396,1
8744212261,26,0.669951,5583,2,-2,0.134396,1
8744212261,27,0.669951,5444,2,-4,0.134396,1
8744212261,28,0.66539,5194,2,-3,0.134396,1
8744212261,29,0.700368,6574,3,-3,0.134396,1
8744212261,30,0.830357,9208,3,-2,0.134396,1
8744212261,31,0.952542,10527,5,2,0.134396,1
8744212261,32,0.992925,17292,5,3,0.134396,1
8744212261,33,0.992925,19237,5,3,0.134396,1
8744212261,34,0.997,19160,5,7,0.134396,1
8744212261,35,0.997,22263,7,9,0.134396,1
8744215322,0,0.494898,100,0,0,0.0635838,1
8744215322,1,0.634916,532,0,-1,0.0635838,1
8744215322,2,0.549098,273,0,-1,0.0635838,1
8744215322,3,0.526917,252,0,-2,0.0635838,1
8744215322,4,0.634916,414,0,-2,0.0635838,1
8744215322,5,0.526917,371,0,0,0.0635838,1
8744215322,6,0.634916,525,-1,2,0.0635838,1
8744215322,7,0.634916,949,-1,1,0.0635838,1
8744215322,8,0.582902,365,-1,1,0.0635838,1
8744215322,9,0.495043,-193,0,0,0.0635838,1
8744215322,10,0.549098,1251,0,0,0.0635838,1
8744215322,11,0.436,144,0,-2,0.0635838,1
8744215322,12,0.413562,-353,0,-2,0.0635838,1
8744215322,13,0.471988,-8,1,-1,0.0635838,1
8744215322,14,0.495043,842,1,0,0.0635838,1
8744215322,15,0.526917,1335,1,1,0.0635838,1
8744215322,16,0.634916,1693,1,1,0.0635838,1
8744215322,17,0.634916,1642,1,1,0.0635838,1
8744215322,18,0.549098,1067,1,1,0.0635838,1
8744215322,19,0.489796,861,1,-1,0.0635838,1
8744215322,20,0.442857,-104,1,-4,0.0635838,1
8744215322,21,0.378426,-2115,1,-7,0.0635838,1
8744215322,22,0.201036,-6581,0,-5,0.0635838,1
8744215322,23,0.252525,-4933,0,-4,0.0635838,1
8744215322,24,0.412844,-3755,0,-1,0.0635838,1
8744215322,25,0.634916,-536,1,-1,0.0635838,1
8744215322,26,0.878472,1382,2,3,0.0635838,1
8744215322,27,0.972028,5254,3,8,0.0635838,1
8744215322,28,0.992925,11153,3,9,0.0635838,1
8744242631,0,0.549098,0,0,0,0.0888348,1
8744242631,1,0.526917,-160,0,1,0.0888348,1
8744242631,2,0.634916,165,0,1,0.0888348,1
8744242631,3,0.582902,-60,0,1,0.0888348,1
8744242631,4,0.480438,-488,0,1,0.0888348,1
8744242631,5,0.549098,-452,0,1,0.0888348,1
8744242631,6,0.471988,-760,0,0,0.0888348,1
8744242631,7,0.471988,-1127,0,0,0.0888348,1
8744242631,8,0.480438,-806,0,-2,0.0888348,1
8744242631,9,0.436,-1255,0,-3,0.0888348,1
8744242631,10,0.413562,-1829,0,-4,0.0888348,1
8744242631,11,0.471988,-1936,2,-2,0.0888348,1
8744242631,12,0.582902,569,2,-4,0.0888348,1
8744242631,13,0.529412,451,2,-6,0.0888348,1
8744242631,14,0.495043,-438,0,-3,0.0888348,1
8744242631,15,0.526917,-716,0,-4,0.0888348,1
8744242631,16,0.471988,-991,-1,-6,0.0888348,1
8744242631,17,0.412844,-2971,-1,-5,0.0888348,1
8744242631,18,0.471988,-1675,-1,-6,0.0888348,1
8744242631,19,0.344828,-3123,-2,-7,0.0888348,1
8744242631,20,0.21131,-5295,-2,-10,0.0888348,1
8744242631,21,0.201036,-7291,-2,-8,0.0888348,1
8744242631,22,0.310479,-5013,-1,-8,0.0888348,1
8744242631,23,0.33162,-5081,-1,-8,0.0888348,1
8744242631,24,0.252525,-5745,-1,-11,0.0888348,1
8744242631,25,0.277228,-7571,-1,-11,0.0888348,1
8744242631,26,0.201036,-8842,-2,-11,0.0888348,1
8744242631,27,0.208333,-9192,-2,-10,0.0888348,1
8744242631,28,0.201036,-9604,-2,-12,0.0888348,1
8744242631,29,0.201036,-10739,-2,-13,0.0888348,1
8744242631,30,0.031056,-12325,-2,-17,0.0888348,1
8744242631,31,0.006849,-16455,-4,-18,0.0888348,1
8744296485,0,0.495043,0,0,-1,0.208798,1
8744296485,1,0.480438,-265,0,-1,0.208798,1
8744296485,2,0.495043,-30,0,0,0.208798,1
8744296485,3,0.634916,455,0,0,0.208798,1
8744296485,4,0.669951,842,0,-1,0.208798,1
8744296485,5,0.66539,163,0,1,0.208798,1
8744296485,6,0.669951,1046,0,-1,0.208798,1
8744296485,7,0.66539,647,0,0,0.208798,1
8744296485,8,0.66539,979,1,0,0.208798,1
8744296485,9,0.78125,1980,1,2,0.208798,1
8744296485,10,0.781479,2935,1,3,0.208798,1
8744296485,11,0.823105,3544,2,3,0.208798,1
8744296485,12,0.805025,4315,2,-1,0.208798,1
8744296485,13,0.66539,2091,1,-1,0.208798,1
8744296485,14,0.66539,2773,1,-1,0.208798,1
8744296485,15,0.634916,1772,2,-4,0.208798,1
8744296485,16,0.495043,830,2,-4,0.208798,1
8744296485,17,0.587828,592,2,-2,0.208798,1
8744296485,18,0.582902,1765,2,-7,0.208798,1
8744296485,19,0.380325,-1692,1,-8,0.208798,1
8744296485,20,0.412844,-2687,1,-9,0.208798,1
8744296485,21,0.33162,-4392,1,-9,0.208798,1
8744296485,22,0.380325,-4244,1,-7,0.208798,1
8744296485,23,0.495043,-3297,1,-5,0.208798,1
8744296485,24,0.700368,-182,1,-3,0.208798,1
8744296485,25,0.805025,1322,1,-3,0.208798,1
8744296485,26,0.910959,3991,1,-1,0.208798,1
8744296485,27,0.915994,5144,2,0,0.208798,1
8744296485,28,0.910931,8303,2,-3,0.208798,1
8744296485,29,0.718062,5354,2,-4,0.208798,1
8744296485,30,0.66539,3964,1,-4,0.208798,1
8744296485,31,0.582902,2552,1,-4,0.208798,1
8744296485,32,0.495043,2730,1,-4,0.208798,1
8744296485,33,0.66539,3349,1,-3,0.208798,1
8744296485,34,0.805025,5543,2,-1,0.208798,1
8744296485,35,0.899614,8867,3,-1,0.208798,1
8744296485,36,0.952542,10865,3,0,0.208798,1
8744296485,37,0.899614,12075,2,-2,0.208798,1
8744296485,38,0.830357,7973,2,-2,0.208798,1
8744296485,39,0.634916,9506,2,-6,0.208798,1
8744296485,40,0.436,4608,0,-6,0.208798,1
8744296485,41,0.307323,1289,-1,-5,0.208798,1
8744296485,42,0.380325,1662,-1,-6,0.208798,1
8744296485,43,0.344828,1199,-1,-7,0.208798,1
8744296485,44,0.66539,-330,-1,-4,0.208798,1
8744296485,45,0.703448,4825,0,-5,0.208798,1
8744296485,46,0.910959,8592,0,-1,0.208798,1
8744296485,47,0.952542,13419,2,0,0.208798,1
8744386591,0,0.494898,0,0,0,0.0726429,1
8744386591,1,0.495043,-38,0,1,0.0726429,1
8744386591,2,0.582902,300,0,1,0.0726429,1
8744386591,3,0.582902,371,0,1,0.0726429,1
8744386591,4,0.495043,231,0,1,0.0726429,1
8744386591,5,0.587828,630,0,0,0.0726429,1
8744386591,6,0.480438,-378,0,1,0.0726429,1
8744386591,7,0.526917,385,0,2,0.0726429,1
8744386591,8,0.634916,1341,0,3,0.0726429,1
8744386591,9,0.634916,1080,1,4,0.0726429,1
8744386591,10,0.762712,2832,1,4,0.0726429,1
8744386591,11,0.66539,3037,2,0,0.0726429,1
8744386591,12,0.526917,984,2,0,0.0726429,1
8744386591,13,0.494898,1032,2,-1,0.0726429,1
8744386591,14,0.452381,816,2,-2,0.0726429,1
8744386591,15,0.471988,831,2,-3,0.0726429,1
8744386591,16,0.495043,1057,2,-2,0.0726429,1
8744386591,17,0.529412,1731,1,-2,0.0726429,1
8744386591,18,0.634916,1913,1,1,0.0726429,1
8744386591,19,0.703448,3489,2,2,0.0726429,1
8744386591,20,0.843982,5919,2,2,0.0726429,1
8744386591,21,0.878472,6133,3,2,0.0726429,1
8744386591,22,0.923077,7478,4,2,0.0726429,1
8744386591,23,0.878472,8314,4,1,0.0726429,1
8744386591,24,0.843982,8321,4,1,0.0726429,1
8744386591,25,0.910931,8622,4,3,0.0726429,1
8744386591,26,0.915994,10576,5,3,0.0726429,1
8744386591,27,0.952542,11855,5,3,0.0726429,1
8744386591,28,0.952542,11797,6,2,0.0726429,1
8744386591,29,0.952542,13122,5,2,0.0726429,1
8744386591,30,0.805025,10527,5,2,0.0726429,1
8744386591,31,0.805025,9658,5,2,0.0726429,1
8744386591,32,0.915994,9840,5,5,0.0726429,1
8744386591,33,0.972028,12658,6,5,0.0726429,1
8744386591,34,0.992925,14750,6,7,0.0726429,1
8744386591,35,0.997,16944,7,7,0.0726429,1
8744395141,0,0.489796,0,0,0,-0.0558306,1
8744395141,1,0.489796,-16,0,0,-0.0558306,1
8744395141,2,0.480438,-120,0,0,-0.0558306,1
8744395141,3,0.412844,-276,0,0,-0.0558306,1
8744395141,4,0.471988,-225,0,0,-0.0558306,1
8744395141,5,0.413562,-345,0,0,-0.0558306,1
8744395141,6,0.471988,95,0,-2,-0.0558306,1
8744395141,7,0.412844,-966,0,-2,-0.0558306,1
8744395141,8,0.412844,-918,0,0,-0.0558306,1
8744395141,9,0.480438,-199,0,0,-0.0558306,1
8744395141,10,0.489796,230,0,2,-0.0558306,1
8744395141,11,0.634916,1086,0,2,-0.0558306,1
8744395141,12,0.634916,922,0,2,-0.0558306,1
8744395141,13,0.634916,1367,0,1,-0.0558306,1
8744395141,14,0.634916,1453,0,3,-0.0558306,1
8744395141,15,0.634916,1830,0,3,-0.0558306,1
8744395141,16,0.66539,1647,2,7,-0.0558306,1
8744395141,17,0.805025,4489,2,7,-0.0558306,1
8744395141,18,0.915994,5353,2,7,-0.0558306,1
8744395141,19,0.878472,5653,2,8,-0.0558306,1
8744395141,20,0.915994,5391,2,11,-0.0558306,1
8744395141,21,0.899614,6637,2,12,-0.0558306,1
8744395141,22,0.952542,7435,2,15,-0.0558306,1
8744395141,23,0.98731,11241,2,17,-0.0558306,1
8744395141,24,0.98731,12084,2,18,-0.0558306,1
8744395141,25,0.98731,14108,2,19,-0.0558306,1
8744395141,26,0.972028,14446,2,17,-0.0558306,1
8744395141,27,0.915994,12091,2,16,-0.0558306,1
8744395141,28,0.952542,11429,3,19,-0.0558306,1
8744395141,29,0.952542,13911,3,19,-0.0558306,1
8744395141,30,0.952542,14316,3,19,-0.0558306,1
8744395141,31,0.910931,11605,2,19,-0.0558306,1
8744395141,32,0.899614,10225,2,19,-0.0558306,1
8744395141,33,0.830357,12575,2,18,-0.0558306,1
8744395141,34,0.781479,11416,1,18,-0.0558306,1
8744395141,35,0.878472,10966,2,22,-0.0558306,1
8744395141,36,0.952542,15697,3,22,-0.0558306,1
8744395141,37,0.972028,18678,3,22,-0.0558306,1
8744395141,38,0.985507,18142,3,22,-0.0558306,1
8744395141,39,0.992537,18127,4,23,-0.0558306,1
8744395141,40,0.992537,20614,5,24,-0.0558306,1
8744395141,41,0.992925,24316,5,25,-0.0558306,1
8744395141,42,0.992925,27100,5,25,-0.0558306,1
8744395141,43,0.997,28786,6,28,-0.0558306,1
8744395141,44,0.997,31043,6,28,-0.0558306,1
8744395141,45,0.997,31465,6,30,-0.0558306,1
8744395141,46,0.997,33769,6,32,-0.0558306,1
8744444353,0,0.495043,0,0,0,0.00705653,1
8744444353,1,0.413562,-591,0,0,0.00705653,1
8744444353,2,0.413562,-550,0,0,0.00705653,1
8744444353,3,0.471988,-281,0,0,0.00705653,1
8744444353,4,0.471988,-535,0,0,0.00705653,1
8744444353,5,0.471988,-39,0,-1,0.00705653,1
8744444353,6,0.436,-549,0,-3,0.00705653,1
8744444353,7,0.378426,-1469,0,-4,0.00705653,1
8744444353,8,0.310479,-2070,0,-4,0.00705653,1
8744444353,9,0.307323,-2222,0,-7,0.00705653,1
8744444353,10,0.307323,-2542,0,-7,0.00705653,1
8744444353,11,0.307323,-3246,0,-7,0.00705653,1
8744444353,12,0.33162,-2757,-1,-7,0.00705653,1
8744444353,13,0.378426,-2702,-1,-7,0.00705653,1
8744444353,14,0.378426,-2915,-1,-9,0.00705653,1
8744444353,15,0.33162,-3458,-1,-10,0.00705653,1
8744444353,16,0.380325,-3985,-2,-7,0.00705653,1
8744444353,17,0.436,-2788,-1,-6,0.00705653,1
8744444353,18,0.480438,-2116,0,-6,0.00705653,1
8744444353,19,0.489796,-2153,0,-7,0.00705653,1
8744444353,20,0.471988,-3146,0,-7,0.00705653,1
8744444353,21,0.378426,-4621,0,-8,0.00705653,1
8744444353,22,0.378426,-4752,0,-8,0.00705653,1
8744444353,23,0.33162,-5328,0,-8,0.00705653,1
8744444353,24,0.310479,-5089,0,-10,0.00705653,1
8744444353,25,0.252525,-7512,0,-10,0.00705653,1
8744444353,26,0.252525,-8123,0,-11,0.00705653,1
8744444353,27,0.201036,-10048,0,-11,0.00705653,1
8744444353,28,0.21131,-10161,-1,-10,0.00705653,1
8744444353,29,0.252525,-10104,-1,-11,0.00705653,1
8744444353,30,0.201036,-11880,-1,-12,0.00705653,1
8744444353,31,0.21131,-12928,-1,-13,0.00705653,1
8744444353,32,0.136364,-14886,-2,-14,0.00705653,1
8744444353,33,0.130542,-17105,-2,-15,0.00705653,1
8744444353,34,0.062718,-18870,-4,-17,0.00705653,1
8744444353,35,0.003,-23081,-6,-19,0.00705653,1
8744444353,36,0.003,-31011,-6,-21,0.00705653,1
8744526303,0,0.634916,0,0,0,0.521247,1
8744526303,1,0.634916,-25,0,0,0.521247,1
8744526303,2,0.781479,289,0,0,0.521247,1
8744526303,3,0.781479,388,0,0,0.521247,1
8744526303,4,0.773481,543,0,-1,0.521247,1
8744526303,5,0.700368,424,0,-1,0.521247,1
8744526303,6,0.718062,253,0,1,0.521247,1
8744526303,7,0.761124,789,0,-1,0.521247,1
8744526303,8,0.669951,276,0,0,0.521247,1
8744526303,9,0.781479,990,0,1,0.521247,1
8744526303,10,0.781479,1291,0,1,0.521247,1
8744526303,11,0.805025,2753,0,4,0.521247,1
8744526303,12,0.843982,4408,0,3,0.521247,1
8744526303,13,0.805025,4448,0,2,0.521247,1
8744526303,14,0.781479,4277,0,3,0.521247,1
8744526303,15,0.781479,4769,-1,4,0.521247,1
8744526303,16,0.761124,4007,0,4,0.521247,1
8744526303,17,0.703448,4293,0,4,0.521247,1
8744526303,18,0.805025,4926,0,5,0.521247,1
8744526303,19,0.781479,4987,0,5,0.521247,1
8744526303,20,0.781479,5304,0,5,0.521247,1
8744526303,21,0.805025,4671,0,8,0.521247,1
8744526303,22,0.915994,7236,0,10,0.521247,1
8744526303,23,0.843982,7747,-1,8,0.521247,1
8744526303,24,0.805025,7039,-1,8,0.521247,1
8744526303,25,0.843982,5552,1,7,0.521247,1
8744526303,26,0.781479,6083,1,7,0.521247,1
8744526303,27,0.781479,5549,1,9,0.521247,1
8744526303,28,0.781479,6522,1,6,0.521247,1
8744526303,29,0.66539,3347,0,8,0.521247,1
8744526303,30,0.634916,3628,0,5,0.521247,1
8744526303,31,0.66539,2034,0,9,0.521247,1
8744526303,32,0.805025,5616,1,10,0.521247,1
8744526303,33,0.992537,9666,3,16,0.521247,1
8744526303,34,0.997,18177,4,16,0.521247,1
8744582152,0,0.526917,0,0,0,0.264606,1
8744582152,1,0.526917,60,0,0,0.264606,1
8744582152,2,0.526917,127,0,0,0.264606,1
8744582152,3,0.554795,43,0,0,0.264606,1
8744582152,4,0.471988,-111,0,-1,0.264606,1
8744582152,5,0.413562,-1089,0,-2,0.264606,1
8744582152,6,0.413562,-1142,0,-3,0.264606,1
8744582152,7,0.413562,-1031,0,-3,0.264606,1
8744582152,8,0.410072,-1516,0,-3,0.264606,1
8744582152,9,0.412844,-1735,0,-5,0.264606,1
8744582152,10,0.378426,-2301,0,-5,0.264606,1
8744582152,11,0.412844,-2204,0,-5,0.264606,1
8744582152,12,0.412844,-1841,0,-5,0.264606,1
8744582152,13,0.436,-1225,0,-6,0.264606,1
8744582152,14,0.471988,-1107,-1,-4,0.264606,1
8744582152,15,0.495043,-469,-1,-4,0.264606,1
8744582152,16,0.489796,-1060,-1,-4,0.264606,1
8744582152,17,0.471988,-1654,-1,-3,0.264606,1
8744582152,18,0.495043,-925,0,-5,0.264606,1
8744582152,19,0.489796,-592,1,-5,0.264606,1
8744582152,20,0.582902,252,1,-4,0.264606,1
8744582152,21,0.634916,945,1,-2,0.264606,1
8744582152,22,0.634916,1982,1,-2,0.264606,1
8744582152,23,0.762712,1761,0,1,0.264606,1
8744582152,24,0.781479,3780,2,0,0.264606,1
8744582152,25,0.952542,5171,3,4,0.264606,1
8744582152,26,0.976331,9556,4,4,0.264606,1
8744582152,27,0.972028,9755,4,4,0.264606,1
8744582152,28,0.923077,7967,4,4,0.264606,1
8744582152,29,0.972028,9478,5,6,0.264606,1
8744582152,30,0.952542,11224,5,6,0.264606,1
8744582152,31,0.962687,12311,5,8,0.264606,1
8744582152,32,0.992925,13913,5,10,0.264606,1
8744701904,0,0.495043,0,0,0,-0.00942223,1
8744701904,1,0.494898,-76,0,0,-0.00942223,1
8744701904,2,0.495043,-33,0,0,-0.00942223,1
8744701904,3,0.495043,50,0,0,-0.00942223,1
8744701904,4,0.634916,358,0,0,-0.00942223,1
8744701904,5,0.634916,643,0,-2,-0.00942223,1
8744701904,6,0.471988,-419,0,-2,-0.00942223,1
8744701904,7,0.495043,-217,0,-1,-0.00942223,1
8744701904,8,0.495043,47,0,0,-0.00942223,1
8744701904,9,0.494898,466,0,-1,-0.00942223,1
8744701904,10,0.489796,-278,0,-2,-0.00942223,1
8744701904,11,0.582902,-713,0,0,-0.00942223,1
8744701904,12,0.549098,51,0,1,-0.00942223,1
8744701904,13,0.577982,1171,0,0,-0.00942223,1
8744701904,14,0.495043,809,-1,-2,-0.00942223,1
8744701904,15,0.413562,-1109,-1,-3,-0.00942223,1
8744701904,16,0.436,-1132,0,-3,-0.00942223,1
8744701904,17,0.413562,-1795,0,-3,-0.00942223,1
8744701904,18,0.410072,-2093,0,-5,-0.00942223,1
8744701904,19,0.378426,-3151,-1,-4,-0.00942223,1
8744701904,20,0.436,-3492,0,-2,-0.00942223,1
8744701904,21,0.495043,-1122,0,-2,-0.00942223,1
8744701904,22,0.549098,-1117,0,-1,-0.00942223,1
8744701904,23,0.582902,-129,0,-2,-0.00942223,1
8744701904,24,0.526917,-712,-1,-1,-0.00942223,1
8744701904,25,0.471988,-821,0,-3,-0.00942223,1
8744701904,26,0.380325,-3146,0,-5,-0.00942223,1
8744701904,27,0.208333,-5733,0,-7,-0.00942223,1
8744701904,28,0.062718,-8065,-2,-7,-0.00942223,1
8744701904,29,0.015873,-12008,-2,-10,-0.00942223,1
8744701904,30,0.017442,-14838,-2,-10,-0.00942223,1
8744891169,0,0.549098,0,0,0,0.0888348,1
8744891169,1,0.634916,173,0,-1,0.0888348,1
8744891169,2,0.495043,-224,0,-2,0.0888348,1
8744891169,3,0.436,-641,0,-3,0.0888348,1
8744891169,4,0.413562,-830,0,-2,0.0888348,1
8744891169,5,0.442857,-783,0,-3,0.0888348,1
8744891169,6,0.380325,-1516,0,-3,0.0888348,1
8744891169,7,0.413562,-997,0,-2,0.0888348,1
8744891169,8,0.412844,-1371,0,-2,0.0888348,1
8744891169,9,0.436,-970,0,-3,0.0888348,1
8744891169,10,0.413562,-1288,0,-3,0.0888348,1
8744891169,11,0.413562,-1319,0,-4,0.0888348,1
8744891169,12,0.412844,-1918,0,-4,0.0888348,1
8744891169,13,0.33162,-2140,0,-8,0.0888348,1
8744891169,14,0.21131,-4420,-1,-7,0.0888348,1
8744891169,15,0.272171,-5019,0,-6,0.0888348,1
8744891169,16,0.412844,-4032,0,-3,0.0888348,1
8744891169,17,0.495043,-229,0,-1,0.0888348,1
8744891169,18,0.669951,1691,0,-1,0.0888348,1
8744891169,19,0.700368,1890,0,-1,0.0888348,1
8744891169,20,0.700368,2835,1,0,0.0888348,1
8744891169,21,0.700368,5661,2,-1,0.0888348,1
8744891169,22,0.66539,5817,2,-2,0.0888348,1
8744891169,23,0.634916,4836,2,-1,0.0888348,1
8744891169,24,0.805025,5347,3,4,0.0888348,1
8744891169,25,0.98731,10401,4,7,0.0888348,1
8744891169,26,0.997,13759,4,10,0.0888348,1
8744943305,0,0.526917,0,0,0,0.178736,1
8744943305,1,0.526917,76,0,0,0.178736,1
8744943305,2,0.591667,234,0,0,0.178736,1
8744943305,3,0.634916,602,0,0,0.178736,1
8744943305,4,0.703448,1474,0,2,0.178736,1
8744943305,5,0.843982,2704,0,3,0.178736,1
8744943305,6,0.843982,3392,0,2,0.178736,1
8744943305,7,0.843982,3695,0,4,0.178736,1
8744943305,8,0.952542,5399,0,3,0.178736,1
8744943305,9,0.910931,5698,0,3,0.178736,1
8744943305,10,0.910931,6800,0,3,0.178736,1
8744943305,11,0.878472,7493,0,1,0.178736,1
8744943305,12,0.805025,6841,0,1,0.178736,1
8744943305,13,0.781479,7356,-1,-1,0.178736,1
8744943305,14,0.718062,5274,-1,-2,0.178736,1
8744943305,15,0.761124,5331,0,-4,0.178736,1
8744943305,16,0.66539,5107,0,-4,0.178736,1
8744943305,17,0.718062,6813,1,-7,0.178736,1
8744943305,18,0.634916,5238,1,-7,0.178736,1
8744943305,19,0.634916,5493,0,-8,0.178736,1
8744943305,20,0.634916,5127,0,-7,0.178736,1
8744943305,21,0.634916,4207,0,-6,0.178736,1
8744943305,22,0.634916,5681,0,-9,0.178736,1
8744943305,23,0.526917,3148,0,-9,0.178736,1
8744943305,24,0.634916,4200,0,-10,0.178736,1
8744943305,25,0.495043,2691,0,-10,0.178736,1
8744943305,26,0.554795,2615,1,-7,0.178736,1
8744943305,27,0.915994,7511,2,-4,0.178736,1
8744943305,28,0.992925,10250,4,0,0.178736,1
8744943305,29,0.997,15707,6,2,0.178736,1
8744943305,30,0.997,18815,6,4,0.178736,1
8745047609,0,0.471988,0,0,0,-0.116321,1
8745047609,1,0.495043,166,0,1,-0.116321,1
8745047609,2,0.634916,654,0,1,-0.116321,1
8745047609,3,0.582902,602,0,1,-0.116321,1
8745047609,4,0.495043,685,0,2,-0.116321,1
8745047609,5,0.591667,1229,0,0,-0.116321,1
8745047609,6,0.582902,723,0,-1,-0.116321,1
8745047609,7,0.471988,268,0,-3,-0.116321,1
8745047609,8,0.413562,-699,0,-2,-0.116321,1
8745047609,9,0.436,80,0,-2,-0.116321,1
8745047609,10,0.489796,548,0,-3,-0.116321,1
8745047609,11,0.471988,188,-1,-2,-0.116321,1
8745047609,12,0.413562,68,-2,-5,-0.116321,1
8745047609,13,0.310479,-1656,-2,-6,-0.116321,1
8745047609,14,0.310479,-1842,-2,-6,-0.116321,1
8745047609,15,0.378426,-1328,-2,-6,-0.116321,1
8745047609,16,0.33162,-1755,-1,-9,-0.116321,1
8745047609,17,0.252525,-3540,-2,-9,-0.116321,1
8745047609,18,0.21131,-4451,-2,-9,-0.116321,1
8745047609,19,0.378426,-3294,-1,-9,-0.116321,1
8745047609,20,0.378426,-3153,-1,-8,-0.116321,1
8745047609,21,0.378426,-2444,0,-11,-0.116321,1
8745047609,22,0.208333,-4309,0,-11,-0.116321,1
8745047609,23,0.132867,-5713,-1,-13,-0.116321,1
8745047609,24,0.045752,-7521,-2,-14,-0.116321,1
8745047609,25,0.006849,-8786,-3,-15,-0.116321,1
8745047609,26,0.006849,-12109,-3,-15,-0.116321,1
8745047609,27,0.017442,-11598,-3,-15,-0.116321,1
8745047609,28,0.020992,-11845,-3,-15,-0.116321,1
8745047609,29,0.003,-12688,-4,-18,-0.116321,1
8745047609,30,0.003,-16867,-4,-20,-0.116321,1
8745047609,31,0.003,-19240,-4,-22,-0.116321,1
8745168195,0,0.634916,0,0,0,0.429433,1
8745168195,1,0.495043,-323,0,0,0.429433,1
8745168195,2,0.480438,-589,0,2,0.429433,1
8745168195,3,0.66539,286,0,2,0.429433,1
8745168195,4,0.489796,-428,0,1,0.429433,1
8745168195,5,0.489796,-589,0,1,0.429433,1
8745168195,6,0.471988,-628,0,1,0.429433,1
8745168195,7,0.413562,-725,0,1,0.429433,1
8745168195,8,0.413562,-708,0,1,0.429433,1
8745168195,9,0.471988,-562,0,1,0.429433,1
8745168195,10,0.471988,-132,0,1,0.429433,1
8745168195,11,0.413562,-273,-1,-1,0.429433,1
8745168195,12,0.33162,-1863,-2,-1,0.429433,1
8745168195,13,0.380325,-2166,-1,0,0.429433,1
8745168195,14,0.380325,-1941,-1,0,0.429433,1
8745168195,15,0.378426,-2215,-1,0,0.429433,1
8745168195,16,0.410072,-2001,-1,1,0.429433,1
8745168195,17,0.413562,-1926,-1,1,0.429433,1
8745168195,18,0.436,-1161,-1,1,0.429433,1
8745168195,19,0.413562,-1353,-1,2,0.429433,1
8745168195,20,0.471988,-848,-1,2,0.429433,1
8745168195,21,0.380325,-1368,-1,0,0.429433,1
8745168195,22,0.413562,-1576,0,1,0.429433,1
8745168195,23,0.380325,-1279,-1,0,0.429433,1
8745168195,24,0.380325,-1251,-1,0,0.429433,1
8745168195,25,0.310479,-1866,-1,-1,0.429433,1
8745168195,26,0.380325,-1617,-1,-1,0.429433,1
8745168195,27,0.380325,-1500,-1,-1,0.429433,1
8745168195,28,0.412844,-1363,-1,2,0.429433,1
8745168195,29,0.495043,2236,-1,3,0.429433,1
8745168195,30,0.554795,2155,-1,3,0.429433,1
8745168195,31,0.634916,3634,0,3,0.429433,1
8745168195,32,0.582902,3147,0,3,0.429433,1
8745168195,33,0.413562,3091,0,3,0.429433,1
8745168195,34,0.436,3279,1,4,0.429433,1
8745168195,35,0.413562,3857,1,4,0.429433,1
8745168195,36,0.489796,4800,1,2,0.429433,1
8745168195,37,0.436,3621,1,2,0.429433,1
8745168195,38,0.471988,4553,1,1,0.429433,1
8745168195,39,0.412844,4116,1,0,0.429433,1
8745168195,40,0.412844,3726,1,-1,0.429433,1
8745168195,41,0.344828,1264,0,-2,0.429433,1
8745168195,42,0.201036,-2370,-2,-2,0.429433,1
8745168195,43,0.130542,-5728,-1,-4,0.429433,1
8745168195,44,0.020992,-6707,-4,-6,0.429433,1
8745254772,0,0.526917,0,0,-1,0.268692,1
8745254772,1,0.480438,-402,0,-1,0.268692,1
8745254772,2,0.494898,-256,0,-1,0.268692,1
8745254772,3,0.471988,-175,0,-2,0.268692,1
8745254772,4,0.413562,-871,0,-3,0.268692,1
8745254772,5,0.471988,-1117,0,-1,0.268692,1
8745254772,6,0.471988,-583,0,-1,0.268692,1
8745254772,7,0.436,-541,0,-2,0.268692,1
8745254772,8,0.471988,-939,0,0,0.268692,1
8745254772,9,0.489796,-66,0,0,0.268692,1
8745254772,10,0.436,-351,0,0,0.268692,1
8745254772,11,0.413562,-643,0,-1,0.268692,1
8745254772,12,0.413562,-1040,0,1,0.268692,1
8745254772,13,0.413562,-587,0,1,0.268692,1
8745254772,14,0.471988,198,0,2,0.268692,1
8745254772,15,0.471988,36,-1,2,0.268692,1
8745254772,16,0.471988,-138,-1,1,0.268692,1
8745254772,17,0.412844,-1364,-1,1,0.268692,1
8745254772,18,0.380325,-2231,-2,1,0.268692,1
8745254772,19,0.380325,-2566,-2,3,0.268692,1
8745254772,20,0.413562,-1028,-1,3,0.268692,1
8745254772,21,0.471988,-442,-1,5,0.268692,1
8745254772,22,0.495043,338,-1,5,0.268692,1
8745254772,23,0.494898,779,-1,5,0.268692,1
8745254772,24,0.436,856,-1,5,0.268692,1
8745254772,25,0.436,849,-1,5,0.268692,1
8745254772,26,0.413562,667,-1,5,0.268692,1
8745254772,27,0.413562,22,-1,5,0.268692,1
8745254772,28,0.413562,-342,-1,8,0.268692,1
8745254772,29,0.582902,2377,0,9,0.268692,1
8745254772,30,0.910959,5145,2,11,0.268692,1
8745254772,31,0.976331,8146,4,11,0.268692,1
8745254772,32,0.98731,11439,4,11,0.268692,1
8745254772,33,0.992925,13073,4,15,0.268692,1
8745281465,0,0.549098,0,0,-2,0.145008,1
8745281465,1,0.436,-974,0,-2,0.145008,1
8745281465,2,0.471988,-812,0,-2,0.145008,1
8745281465,3,0.494898,-586,0,-2,0.145008,1
8745281465,4,0.554795,-457,0,-3,0.145008,1
8745281465,5,0.413562,-1077,0,-5,0.145008,1
8745281465,6,0.380325,-2166,0,-3,0.145008,1
8745281465,7,0.471988,-1294,0,-3,0.145008,1
8745281465,8,0.495043,-1351,0,-2,0.145008,1
8745281465,9,0.634916,-298,0,-2,0.145008,1
8745281465,10,0.634916,-913,1,-1,0.145008,1
8745281465,11,0.634916,327,1,-1,0.145008,1
8745281465,12,0.634916,417,1,-3,0.145008,1
8745281465,13,0.489796,-460,2,-4,0.145008,1
8745281465,14,0.471988,-169,3,-6,0.145008,1
8745281465,15,0.471988,-410,2,-5,0.145008,1
8745281465,16,0.436,-863,2,-3,0.145008,1
8745281465,17,0.495043,631,1,-6,0.145008,1
8745281465,18,0.413562,-3057,1,-3,0.145008,1
8745281465,19,0.634916,-661,1,-3,0.145008,1
8745281465,20,0.495043,-316,1,-6,0.145008,1
8745281465,21,0.380325,-2431,1,-7,0.145008,1
8745281465,22,0.378426,-4111,1,-4,0.145008,1
8745281465,23,0.412844,-2207,1,-4,0.145008,1
8745281465,24,0.410072,-1599,1,-4,0.145008,1
8745281465,25,0.471988,-555,1,-3,0.145008,1
8745281465,26,0.587828,-346,2,-2,0.145008,1
8745281465,27,0.587828,-137,2,1,0.145008,1
8745281465,28,0.823105,3349,3,2,0.145008,1
8745281465,29,0.910931,5137,3,3,0.145008,1
8745281465,30,0.910959,6253,3,3,0.145008,1
8745281465,31,0.843982,6703,3,3,0.145008,1
8745281465,32,0.899614,7363,3,6,0.145008,1
8745281465,33,0.805025,9437,3,4,0.145008,1
8745281465,34,0.718062,7039,2,5,0.145008,1
8745281465,35,0.700368,6751,2,5,0.145008,1
8745281465,36,0.634916,6673,2,4,0.145008,1
8745281465,37,0.591667,6835,2,4,0.145008,1
8745281465,38,0.634916,6191,2,5,0.145008,1
8745281465,39,0.700368,6765,2,8,0.145008,1
8745281465,40,0.923077,10918,4,8,0.145008,1
8745281465,41,0.972028,17129,4,8,0.145008,1
8745281465,42,0.985507,15838,4,11,0.145008,1
8745281465,43,0.972028,16105,5,11,0.145008,1
8745281465,44,0.98731,18204,5,14,0.145008,1
8745281465,45,0.992537,19809,5,12,0.145008,1
8745281465,46,0.952542,16075,5,12,0.145008,1
8745281465,47,0.962687,15223,5,17,0.145008,1
8745281465,48,0.992925,22198,5,17,0.145008,1
8745528506,0,0.494898,0,0,0,0.0595695,1
8745528506,1,0.489796,33,0,0,0.0595695,1
8745528506,2,0.554795,200,0,0,0.0595695,1
8745528506,3,0.582902,400,0,0,0.0595695,1
8745528506,4,0.582902,536,0,0,0.0595695,1
8745528506,5,0.582902,706,0,0,0.0595695,1
8745528506,6,0.526917,820,0,0,0.0595695,1
8745528506,7,0.587828,1231,0,1,0.0595695,1
8745528506,8,0.587828,1595,0,1,0.0595695,1
8745528506,9,0.634916,1669,1,2,0.0595695,1
8745528506,10,0.587828,2371,1,1,0.0595695,1
8745528506,11,0.489796,2005,0,1,0.0595695,1
8745528506,12,0.495043,1529,0,1,0.0595695,1
8745528506,13,0.495043,1401,0,1,0.0595695,1
8745528506,14,0.489796,1431,0,2,0.0595695,1
8745528506,15,0.471988,1852,0,2,0.0595695,1
8745528506,16,0.495043,2673,0,2,0.0595695,1
8745528506,17,0.634916,3565,0,3,0.0595695,1
8745528506,18,0.66539,4838,0,3,0.0595695,1
8745528506,19,0.634916,5108,-1,3,0.0595695,1
8745528506,20,0.554795,4900,-1,3,0.0595695,1
8745528506,21,0.634916,4421,0,4,0.0595695,1
8745528506,22,0.66539,5468,1,5,0.0595695,1
8745528506,23,0.700368,6779,1,6,0.0595695,1
8745528506,24,0.805025,8152,1,6,0.0595695,1
8745528506,25,0.805025,9048,1,6,0.0595695,1
8745528506,26,0.823105,8967,1,8,0.0595695,1
8745528506,27,0.923077,10376,1,11,0.0595695,1
8745528506,28,0.972028,14281,3,11,0.0595695,1
8745528506,29,0.992925,18462,4,15,0.0595695,1
8745586194,0,0.577982,0,0,0,0.319546,1
8745586194,1,0.577982,61,0,0,0.319546,1
8745586194,2,0.634916,307,0,0,0.319546,1
8745586194,3,0.582902,-238,0,2,0.319546,1
8745586194,4,0.66539,999,0,2,0.319546,1
8745586194,5,0.700368,1379,0,2,0.319546,1
8745586194,6,0.703448,1747,0,2,0.319546,1
8745586194,7,0.66539,1550,0,2,0.319546,1
8745586194,8,0.700368,2051,0,3,0.319546,1
8745586194,9,0.634916,1726,0,3,0.319546,1
8745586194,10,0.634916,1985,0,0,0.319546,1
8745586194,11,0.495043,634,0,1,0.319546,1
8745586194,12,0.549098,1165,0,1,0.319546,1
8745586194,13,0.526917,1023,0,2,0.319546,1
8745586194,14,0.549098,1182,0,2,0.319546,1
8745586194,15,0.634916,1472,0,4,0.319546,1
8745586194,16,0.781479,2638,1,5,0.319546,1
8745586194,17,0.805025,3789,1,6,0.319546,1
8745586194,18,0.718062,4505,0,4,0.319546,1
8745586194,19,0.554795,1877,0,3,0.319546,1
8745586194,20,0.495043,1375,0,3,0.319546,1
8745586194,21,0.582902,1939,1,1,0.319546,1
8745586194,22,0.495043,1530,1,1,0.319546,1
8745586194,23,0.471988,1153,1,-1,0.319546,1
8745586194,24,0.412844,401,0,-1,0.319546,1
8745586194,25,0.413562,-715,1,-1,0.319546,1
8745586194,26,0.634916,305,1,1,0.319546,1
8745586194,27,0.634916,1266,1,2,0.319546,1
8745586194,28,0.805025,2497,1,5,0.319546,1
8745586194,29,0.878472,4732,1,5,0.319546,1
8745586194,30,0.952542,4947,2,7,0.319546,1
8745586194,31,0.952542,7293,2,7,0.319546,1
8745586194,32,0.923077,7499,1,9,0.319546,1
8745586194,33,0.843982,9577,1,7,0.319546,1
8745586194,34,0.830357,7521,1,7,0.319546,1
8745586194,35,0.805025,6416,1,9,0.319546,1
8745586194,36,0.952542,8570,3,10,0.319546,1
8745586194,37,0.972028,13655,4,12,0.319546,1
8745586194,38,0.992925,15352,4,14,0.319546,1
8745586194,39,0.992925,18286,4,14,0.319546,1
8745586194,40,0.997,17340,6,18,0.319546,1
8745687860,0,0.494898,0,0,0,0.0595695,1
8745687860,1,0.494898,-48,0,0,0.0595695,1
8745687860,2,0.489796,-92,0,0,0.0595695,1
8745687860,3,0.436,-330,0,0,0.0595695,1
8745687860,4,0.471988,-305,0,0,0.0595695,1
8745687860,5,0.413562,-537,0,-1,0.0595695,1
8745687860,6,0.412844,-886,0,0,0.0595695,1
8745687860,7,0.436,-490,0,0,0.0595695,1
8745687860,8,0.410072,-1378,0,2,0.0595695,1
8745687860,9,0.436,-747,-1,2,0.0595695,1
8745687860,10,0.412844,-1582,-1,1,0.0595695,1
8745687860,11,0.380325,-2697,0,3,0.0595695,1
8745687860,12,0.413562,-1537,0,5,0.0595695,1
8745687860,13,0.634916,-269,0,8,0.0595695,1
8745687860,14,0.700368,1330,0,8,0.0595695,1
8745687860,15,0.669951,1318,0,8,0.0595695,1
8745687860,16,0.762712,740,0,11,0.0595695,1
8745687860,17,0.761124,2945,0,11,0.0595695,1
8745687860,18,0.634916,3347,0,11,0.0595695,1
8745687860,19,0.591667,3377,0,8,0.0595695,1
8745687860,20,0.471988,843,0,8,0.0595695,1
8745687860,21,0.495043,1434,0,8,0.0595695,1
8745687860,22,0.471988,1076,0,5,0.0595695,1
8745687860,23,0.378426,-1415,0,5,0.0595695,1
8745687860,24,0.413562,-1065,0,5,0.0595695,1
8745687860,25,0.413562,-907,0,5,0.0595695,1
8745687860,26,0.471988,-1114,0,8,0.0595695,1
8745687860,27,0.66539,1574,1,10,0.0595695,1
8745687860,28,0.952542,5172,3,11,0.0595695,1
8745687860,29,0.98731,8307,3,14,0.0595695,1
8745687860,30,0.992925,9812,5,15,0.0595695,1
8745687860,31,0.997,13092,6,19,0.0595695,1
8745841573,0,0.549098,0,0,2,0.134396,1
8745841573,1,0.634916,478,0,3,0.134396,1
8745841573,2,0.66539,672,0,2,0.134396,1
8745841573,3,0.634916,572,0,2,0.134396,1
8745841573,4,0.591667,291,0,2,0.134396,1
8745841573,5,0.634916,753,0,3,0.134396,1
8745841573,6,0.634916,1034,0,3,0.134396,1
8745841573,7,0.634916,1017,1,2,0.134396,1
8745841573,8,0.634916,1396,1,2,0.134396,1
8745841573,9,0.634916,1512,1,2,0.134396,1
8745841573,10,0.587828,1522,2,3,0.134396,1
8745841573,11,0.634916,2067,3,4,0.134396,1
8745841573,12,0.634916,2550,3,4,0.134396,1
8745841573,13,0.634916,2135,3,5,0.134396,1
8745841573,14,0.66539,3039,3,5,0.134396,1
8745841573,15,0.66539,3386,3,4,0.134396,1
8745841573,16,0.634916,2205,3,5,0.134396,1
8745841573,17,0.66539,2934,3,6,0.134396,1
8745841573,18,0.66539,3429,3,7,0.134396,1
8745841573,19,0.634916,3289,4,7,0.134396,1
8745841573,20,0.634916,2585,3,6,0.134396,1
8745841573,21,0.634916,2302,2,6,0.134396,1
8745841573,22,0.582902,1044,1,6,0.134396,1
8745841573,23,0.554795,693,1,7,0.134396,1
8745841573,24,0.582902,1335,1,7,0.134396,1
8745841573,25,0.587828,1575,2,7,0.134396,1
8745841573,26,0.634916,3142,2,6,0.134396,1
8745841573,27,0.582902,1578,2,6,0.134396,1
8745841573,28,0.634916,1907,2,7,0.134396,1
8745841573,29,0.634916,2995,2,7,0.134396,1
8745841573,30,0.634916,3200,2,7,0.134396,1
8745841573,31,0.587828,2816,2,7,0.134396,1
8745841573,32,0.66539,1856,3,9,0.134396,1
8745841573,33,0.923077,5049,4,10,0.134396,1
8745841573,34,0.952542,9164,4,10,0.134396,1
8745841573,35,0.952542,8413,5,11,0.134396,1
8745841573,36,0.972028,8783,6,12,0.134396,1
8745841573,37,0.952542,10683,6,12,0.134396,1
8745841573,38,0.923077,11405,6,12,0.134396,1
8745841573,39,0.899614,11362,6,11,0.134396,1
8745841573,40,0.843982,10777,6,11,0.134396,1
8745841573,41,0.878472,11727,6,12,0.134396,1
8745841573,42,0.923077,13119,6,13,0.134396,1
8745841573,43,0.910959,12760,6,13,0.134396,1
8745841573,44,0.976331,13808,6,16,0.134396,1
8745841573,45,0.992925,18228,6,19,0.134396,1
8745869043,0,0.413562,0,0,1,-0.0861381,1
8745869043,1,0.587828,565,0,0,-0.0861381,1
8745869043,2,0.554795,819,0,0,-0.0861381,1
8745869043,3,0.582902,861,0,0,-0.0861381,1
8745869043,4,0.526917,781,0,-1,-0.0861381,1
8745869043,5,0.554795,420,0,-2,-0.0861381,1
8745869043,6,0.452381,-78,0,-4,-0.0861381,1
8745869043,7,0.410072,-1201,0,-4,-0.0861381,1
8745869043,8,0.380325,-1378,0,-4,-0.0861381,1
8745869043,9,0.413562,-797,0,-4,-0.0861381,1
8745869043,10,0.412844,-744,-1,-4,-0.0861381,1
8745869043,11,0.310479,-2001,-2,-4,-0.0861381,1
8745869043,12,0.310479,-1762,-2,-6,-0.0861381,1
8745869043,13,0.208333,-3164,-2,-4,-0.0861381,1
8745869043,14,0.33162,-2036,-2,-1,-0.0861381,1
8745869043,15,0.489796,88,-2,2,-0.0861381,1
8745869043,16,0.634916,1696,-1,2,-0.0861381,1
8745869043,17,0.773481,2657,-1,2,-0.0861381,1
8745869043,18,0.66539,1598,-1,3,-0.0861381,1
8745869043,19,0.526917,1046,-1,3,-0.0861381,1
8745869043,20,0.436,92,-1,4,-0.0861381,1
8745869043,21,0.554795,1745,0,6,-0.0861381,1
8745869043,22,0.634916,3199,1,7,-0.0861381,1
8745869043,23,0.703448,4858,1,8,-0.0861381,1
8745869043,24,0.66539,4193,1,7,-0.0861381,1
8745869043,25,0.634916,3142,1,8,-0.0861381,1
8745869043,26,0.495043,2917,1,8,-0.0861381,1
8745869043,27,0.489796,3166,1,6,-0.0861381,1
8745869043,28,0.413562,-268,1,7,-0.0861381,1
8745869043,29,0.761124,-120,3,10,-0.0861381,1
8745869043,30,0.805025,5316,3,10,-0.0861381,1
8745869043,31,0.915994,6727,3,12,-0.0861381,1
8745869043,32,0.972028,8797,4,13,-0.0861381,1
8745878417,0,0.495043,0,0,0,0.211241,1
8745878417,1,0.587828,485,0,-1,0.211241,1
8745878417,2,0.587828,131,0,0,0.211241,1
8745878417,3,0.781479,840,0,2,0.211241,1
8745878417,4,0.781479,1746,0,1,0.211241,1
8745878417,5,0.66539,965,0,0,0.211241,1
8745878417,6,0.66539,808,0,0,0.211241,1
8745878417,7,0.66539,1004,0,-1,0.211241,1
8745878417,8,0.66539,1163,1,1,0.211241,1
8745878417,9,0.700368,2778,2,-1,0.211241,1
8745878417,10,0.781479,3048,2,2,0.211241,1
8745878417,11,0.805025,3479,3,2,0.211241,1
8745878417,12,0.910931,4852,3,4,0.211241,1
8745878417,13,0.915994,5460,3,4,0.211241,1
8745878417,14,0.923077,5706,3,3,0.211241,1
8745878417,15,0.910931,5541,3,5,0.211241,1
8745878417,16,0.952542,6356,3,6,0.211241,1
8745878417,17,0.915994,6296,3,7,0.211241,1
8745878417,18,0.952542,6744,3,8,0.211241,1
8745878417,19,0.952542,6142,4,9,0.211241,1
8745878417,20,0.972028,7787,4,10,0.211241,1
8745878417,21,0.962687,8963,3,10,0.211241,1
8745878417,22,0.952542,8226,3,12,0.211241,1
8745878417,23,0.985507,9819,3,14,0.211241,1
8745878417,24,0.98731,11630,3,16,0.211241,1
8745878417,25,0.992537,12818,4,16,0.211241,1
8745878417,26,0.992537,12976,4,16,0.211241,1
8745878417,27,0.976331,12688,4,14,0.211241,1
8745878417,28,0.952542,10712,4,14,0.211241,1
8745878417,29,0.915994,10097,4,17,0.211241,1
8745878417,30,0.972028,12169,5,18,0.211241,1
8745878417,31,0.992537,15990,6,18,0.211241,1
8745878417,32,0.992537,17072,6,17,0.211241,1
8745878417,33,0.98731,15789,6,16,0.211241,1
8745878417,34,0.952542,15558,6,16,0.211241,1
8745878417,35,0.915994,14752,6,13,0.211241,1
8745878417,36,0.781479,10193,4,13,0.211241,1
8745878417,37,0.823105,8455,4,13,0.211241,1
8745878417,38,0.805025,8252,4,14,0.211241,1
8745878417,39,0.843982,9018,4,15,0.211241,1
8745878417,40,0.923077,10070,4,15,0.211241,1
8745878417,41,0.952542,10220,4,18,0.211241,1
8745878417,42,0.997,12682,7,18,0.211241,1
8745878417,43,0.997,17476,8,18,0.211241,1
8745878417,44,0.992925,18551,8,16,0.211241,1
8745878417,45,0.98731,16609,8,16,0.211241,1
8745878417,46,0.98731,15933,8,18,0.211241,1
8745878417,47,0.98731,17795,8,18,0.211241,1
8745878417,48,0.992925,17252,8,22,0.211241,1
8746035381,0,0.494898,0,0,0,0.0516453,1
8746035381,1,0.494898,7,0,0,0.0516453,1
8746035381,2,0.494898,108,0,-2,0.0516453,1
8746035381,3,0.412844,-831,0,-1,0.0516453,1
8746035381,4,0.412844,-816,0,-1,0.0516453,1
8746035381,5,0.412844,-940,0,-2,0.0516453,1
8746035381,6,0.413562,-1100,0,-1,0.0516453,1
8746035381,7,0.413562,-1250,0,-3,0.0516453,1
8746035381,8,0.359504,-1868,0,-2,0.0516453,1
8746035381,9,0.412844,-1603,0,-2,0.0516453,1
8746035381,10,0.412844,-1752,-1,-2,0.0516453,1
8746035381,11,0.412844,-2243,-1,-2,0.0516453,1
8746035381,12,0.413562,-2503,-1,-3,0.0516453,1
8746035381,13,0.380325,-3156,-1,-3,0.0516453,1
8746035381,14,0.359504,-3905,-1,-3,0.0516453,1
8746035381,15,0.380325,-4244,-1,-1,0.0516453,1
8746035381,16,0.413562,-2633,-1,2,0.0516453,1
8746035381,17,0.480438,-1795,-1,1,0.0516453,1
8746035381,18,0.489796,-1448,-1,2,0.0516453,1
8746035381,19,0.634916,-787,1,4,0.0516453,1
8746035381,20,0.634916,759,1,4,0.0516453,1
8746035381,21,0.66539,295,1,8,0.0516453,1
8746035381,22,0.915994,4205,3,9,0.0516453,1
8746035381,23,0.952542,5576,3,11,0.0516453,1
8746035381,24,0.972028,6995,4,13,0.0516453,1
8746035381,25,0.98731,10006,3,13,0.0516453,1
8746035381,26,0.972028,8751,3,17,0.0516453,1
8746035381,27,0.992925,11383,5,15,0.0516453,1
8746035381,28,0.992537,13215,5,15,0.0516453,1
8746035381,29,0.972028,10015,5,17,0.0516453,1
8746035381,30,0.985507,10283,5,19,0.0516453,1
8746039009,0,0.378426,0,0,0,-0.342823,1
8746039009,1,0.413562,673,0,-1,-0.342823,1
8746039009,2,0.413562,438,0,-1,-0.342823,1
8746039009,3,0.412844,474,0,0,-0.342823,1
8746039009,4,0.413562,695,0,-1,-0.342823,1
8746039009,5,0.380325,230,0,-1,-0.342823,1
8746039009,6,0.378426,189,0,-1,-0.342823,1
8746039009,7,0.380325,213,0,-2,-0.342823,1
8746039009,8,0.378426,53,0,1,-0.342823,1
8746039009,9,0.413562,367,0,1,-0.342823,1
8746039009,10,0.471988,933,0,2,-0.342823,1
8746039009,11,0.480438,725,1,2,-0.342823,1
8746039009,12,0.471988,469,1,3,-0.342823,1
8746039009,13,0.413562,496,1,3,-0.342823,1
8746039009,14,0.378426,-354,1,3,-0.342823,1
8746039009,15,0.380325,-84,1,2,-0.342823,1
8746039009,16,0.344828,-1392,0,3,-0.342823,1
8746039009,17,0.33162,-1590,1,3,-0.342823,1
8746039009,18,0.310479,-2561,0,3,-0.342823,1
8746039009,19,0.262069,-3821,-1,1,-0.342823,1
8746039009,20,0.190476,-6872,-1,0,-0.342823,1
8746039009,21,0.094293,-8188,-1,-1,-0.342823,1
8746039009,22,0.090909,-9283,-1,-1,-0.342823,1
8746039009,23,0.062718,-9435,-1,-2,-0.342823,1
8746039009,24,0.111628,-10031,0,-1,-0.342823,1
8746039009,25,0.130542,-9264,0,-1,-0.342823,1
8746039009,26,0.130542,-10368,0,-1,-0.342823,1
8746039009,27,0.19398,-9458,0,-1,-0.342823,1
8746039009,28,0.201036,-9522,0,-1,-0.342823,1
8746039009,29,0.132867,-10837,0,-1,-0.342823,1
8746039009,30,0.130542,-12023,0,0,-0.342823,1
8746039009,31,0.208333,-11362,0,2,-0.342823,1
8746039009,32,0.310479,-6643,0,4,-0.342823,1
8746039009,33,0.380325,-3102,0,4,-0.342823,1
8746039009,34,0.380325,-3309,0,3,-0.342823,1
8746039009,35,0.378426,-3348,0,3,-0.342823,1
8746039009,36,0.310479,-2990,0,3,-0.342823,1
8746039009,37,0.307323,-3977,0,4,-0.342823,1
8746039009,38,0.310479,-3570,0,5,-0.342823,1
8746039009,39,0.412844,-1979,0,7,-0.342823,1
8746039009,40,0.471988,-427,0,10,-0.342823,1
8746039009,41,0.700368,2505,1,10,-0.342823,1
8746039009,42,0.634916,3514,1,9,-0.342823,1
8746039009,43,0.526917,1256,1,9,-0.342823,1
8746039009,44,0.495043,1019,1,10,-0.342823,1
8746039009,45,0.436,1167,1,10,-0.342823,1
8746039009,46,0.413562,2340,1,10,-0.342823,1
8746039009,47,0.436,2273,1,10,-0.342823,1
8746039009,48,0.452381,2054,1,10,-0.342823,1
8746039009,49,0.634916,1946,1,14,-0.342823,1
8746039009,50,0.962687,8750,4,14,-0.342823,1
8746039009,51,0.972028,15325,4,14,-0.342823,1
8746039009,52,0.962687,14774,4,14,-0.342823,1
8746039009,53,0.969113,15656,4,14,-0.342823,1
8746039009,54,0.823105,13445,4,10,-0.342823,1
8746039009,55,0.634916,5553,3,10,-0.342823,1
8746039009,56,0.66539,5242,3,13,-0.342823,1
8746039009,57,0.805025,10089,5,13,-0.342823,1
8746039009,58,0.843982,14530,5,13,-0.342823,1
8746039009,59,0.962687,15922,5,14,-0.342823,1
8746039009,60,0.972028,15546,5,14,-0.342823,1
8746039009,61,0.952542,17741,5,14,-0.342823,1
8746039009,62,0.952542,19503,5,14,-0.342823,1
8746039009,63,0.952542,20442,5,14,-0.342823,1
8746039009,64,0.952542,20055,6,15,-0.342823,1
8746039009,65,0.992925,23704,7,21,-0.342823,1
8746231075,0,0.549098,0,0,1,0.16364,1
8746231075,1,0.66539,677,0,4,0.16364,1
8746231075,2,0.843982,1544,0,5,0.16364,1
8746231075,3,0.878472,1634,0,8,0.16364,1
8746231075,4,0.915994,2803,0,8,0.16364,1
8746231075,5,0.878472,2574,0,7,0.16364,1
8746231075,6,0.910959,3110,0,10,0.16364,1
8746231075,7,0.878472,3658,1,9,0.16364,1
8746231075,8,0.915994,4358,2,12,0.16364,1
8746231075,9,0.972028,5951,3,13,0.16364,1
8746231075,10,0.976331,6919,3,14,0.16364,1
8746231075,11,0.962687,7945,4,14,0.16364,1
8746231075,12,0.985507,8760,4,17,0.16364,1
8746231075,13,0.98731,10438,4,18,0.16364,1
8746231075,14,0.972028,10223,4,18,0.16364,1
8746231075,15,0.952542,9886,4,17,0.16364,1
8746231075,16,0.962687,9969,4,19,0.16364,1
8746231075,17,0.962687,10380,5,21,0.16364,1
8746231075,18,0.972028,12056,6,22,0.16364,1
8746231075,19,0.972028,13373,6,20,0.16364,1
8746231075,20,0.952542,11093,6,19,0.16364,1
8746231075,21,0.952542,8773,7,22,0.16364,1
8746231075,22,0.923077,11181,7,20,0.16364,1
8746231075,23,0.915994,8285,7,25,0.16364,1
8746231075,24,0.976331,12053,7,25,0.16364,1
8746231075,25,0.992537,14349,7,29,0.16364,1
8746446635,0,0.494898,0,0,0,0.0390437,1
8746446635,1,0.494898,28,0,0,0.0390437,1
8746446635,2,0.554795,151,0,1,0.0390437,1
8746446635,3,0.634916,638,0,0,0.0390437,1
8746446635,4,0.587828,612,0,0,0.0390437,1
8746446635,5,0.634916,1249,0,0,0.0390437,1
8746446635,6,0.634916,1898,0,-1,0.0390437,1
8746446635,7,0.634916,1746,0,-1,0.0390437,1
8746446635,8,0.634916,1733,0,0,0.0390437,1
8746446635,9,0.634916,1960,0,0,0.0390437,1
8746446635,10,0.634916,2162,1,1,0.0390437,1
8746446635,11,0.669951,3231,2,1,0.0390437,1
8746446635,12,0.66539,2964,3,2,0.0390437,1
8746446635,13,0.634916,3521,3,1,0.0390437,1
8746446635,14,0.66539,3384,3,2,0.0390437,1
8746446635,15,0.634916,3848,2,1,0.0390437,1
8746446635,16,0.66539,2811,2,3,0.0390437,1
8746446635,17,0.554795,1467,2,3,0.0390437,1
8746446635,18,0.634916,1349,2,5,0.0390437,1
8746446635,19,0.634916,1443,1,5,0.0390437,1
8746446635,20,0.634916,545,1,7,0.0390437,1
8746446635,21,0.471988,623,1,7,0.0390437,1
8746446635,22,0.471988,919,0,6,0.0390437,1
8746446635,23,0.471988,-142,0,6,0.0390437,1
8746446635,24,0.412844,-636,1,4,0.0390437,1
8746446635,25,0.33162,-3061,1,4,0.0390437,1
8746446635,26,0.307323,-4016,1,4,0.0390437,1
8746446635,27,0.21131,-4999,1,4,0.0390437,1
8746446635,28,0.201036,-5277,1,3,0.0390437,1
8746446635,29,0.201036,-6285,1,3,0.0390437,1
8746446635,30,0.132867,-6695,1,0,0.0390437,1
8746446635,31,0.111628,-10141,1,0,0.0390437,1
8746446635,32,0.130542,-11366,0,0,0.0390437,1
8746446635,33,0.094293,-12449,0,0,0.0390437,1
8746446635,34,0.132867,-12060,0,0,0.0390437,1
8746446635,35,0.132867,-13210,-1,0,0.0390437,1
8746446635,36,0.130542,-14686,-1,0,0.0390437,1
8746446635,37,0.130542,-15766,-1,0,0.0390437,1
8746446635,38,0.132867,-13947,-2,-2,0.0390437,1
8746446635,39,0.062718,-17451,-3,-2,0.0390437,1
8746446635,40,0.062718,-19025,-3,-2,0.0390437,1
8746446635,41,0.017442,-19085,-5,-6,0.0390437,1
8746446635,42,0.003,-26390,-5,-6,0.0390437,1
8746511263,0,0.549098,0,0,2,0.145435,1
8746511263,1,0.66539,810,0,2,0.145435,1
8746511263,2,0.634916,515,0,3,0.145435,1
8746511263,3,0.587828,545,0,3,0.145435,1
8746511263,4,0.587828,655,0,4,0.145435,1
8746511263,5,0.587828,821,0,4,0.145435,1
8746511263,6,0.587828,644,0,5,0.145435,1
8746511263,7,0.587828,903,0,6,0.145435,1
8746511263,8,0.587828,1337,0,5,0.145435,1
8746511263,9,0.549098,1009,0,5,0.145435,1
8746511263,10,0.582902,897,1,5,0.145435,1
8746511263,11,0.634916,2592,1,6,0.145435,1
8746511263,12,0.634916,3048,1,7,0.145435,1
8746511263,13,0.703448,4405,1,8,0.145435,1
8746511263,14,0.805025,4808,2,10,0.145435,1
8746511263,15,0.851064,6657,2,10,0.145435,1
8746511263,16,0.915994,7802,2,11,0.145435,1
8746511263,17,0.923077,8543,2,11,0.145435,1
8746511263,18,0.915994,9765,2,11,0.145435,1
8746511263,19,0.860656,10639,2,10,0.145435,1
8746511263,20,0.899614,11674,1,11,0.145435,1
8746511263,21,0.952542,13312,1,13,0.145435,1
8746511263,22,0.952542,15780,1,14,0.145435,1
8746511263,23,0.972028,16671,1,18,0.145435,1
8746511263,24,0.992925,19059,1,20,0.145435,1
8746511263,25,0.992925,21406,1,20,0.145435,1
8746511263,26,0.992925,22142,1,21,0.145435,1
8746511263,27,0.992925,22729,2,22,0.145435,1
8746511263,28,0.976331,25022,2,22,0.145435,1
8746511263,29,0.972028,26278,2,23,0.145435,1
8746511263,30,0.992537,26452,3,25,0.145435,1
8746511263,31,0.992925,29615,5,25,0.145435,1
8746511263,32,0.997,31052,5,28,0.145435,1
8746511263,33,0.997,33667,6,29,0.145435,1
8746511263,34,0.997,35305,6,30,0.145435,1
8746511263,35,0.997,36445,6,32,0.145435,1
8746511263,36,0.997,35790,6,31,0.145435,1
8746511263,37,0.992925,34685,6,31,0.145435,1
8746511263,38,0.992537,33567,6,31,0.145435,1
8746511263,39,0.992537,34295,7,31,0.145435,1
8746511263,40,0.992925,35331,7,34,0.145435,1
8746708010,0,0.494898,0,0,0,0.0516454,1
8746708010,1,0.582902,197,0,0,0.0516454,1
8746708010,2,0.587828,236,0,0,0.0516454,1
8746708010,3,0.549098,183,0,0,0.0516454,1
8746708010,4,0.495043,124,0,1,0.0516454,1
8746708010,5,0.582902,547,0,1,0.0516454,1
8746708010,6,0.582902,782,0,0,0.0516454,1
8746708010,7,0.495043,563,0,-1,0.0516454,1
8746708010,8,0.471988,-68,0,-1,0.0516454,1
8746708010,9,0.436,28,-1,-3,0.0516454,1
8746708010,10,0.436,-322,-1,-4,0.0516454,1
8746708010,11,0.413562,-932,-2,-3,0.0516454,1
8746708010,12,0.436,-1193,-2,-2,0.0516454,1
8746708010,13,0.471988,-749,-1,-2,0.0516454,1
8746708010,14,0.489796,-678,-1,-3,0.0516454,1
8746708010,15,0.471988,-1107,-2,-5,0.0516454,1
8746708010,16,0.378426,-3282,-2,-5,0.0516454,1
8746708010,17,0.378426,-3647,-2,-4,0.0516454,1
8746708010,18,0.413562,-3474,-1,-2,0.0516454,1
8746708010,19,0.436,-1350,-1,-4,0.0516454,1
8746708010,20,0.436,-2768,-1,-4,0.0516454,1
8746708010,21,0.471988,-3645,-1,-2,0.0516454,1
8746708010,22,0.526917,-1011,0,-2,0.0516454,1
8746708010,23,0.634916,-599,1,-1,0.0516454,1
8746708010,24,0.899614,-160,2,2,0.0516454,1
8746708010,25,0.952542,3746,3,6,0.0516454,1
8746784326,0,0.549098,0,0,0,0.16364,1
8746784326,1,0.526917,-90,0,0,0.16364,1
8746784326,2,0.549098,134,0,0,0.16364,1
8746784326,3,0.634916,264,0,0,0.16364,1
8746784326,4,0.582902,331,0,0,0.16364,1
8746784326,5,0.66539,649,0,4,0.16364,1
8746784326,6,0.761124,1743,0,4,0.16364,1
8746784326,7,0.781479,1732,0,5,0.16364,1
8746784326,8,0.781479,2272,0,6,0.16364,1
8746784326,9,0.805025,3223,0,5,0.16364,1
8746784326,10,0.66539,3019,0,4,0.16364,1
8746784326,11,0.634916,2146,0,5,0.16364,1
8746784326,12,0.634916,2641,1,5,0.16364,1
8746784326,13,0.66539,3605,1,3,0.16364,1
8746784326,14,0.634916,1861,1,3,0.16364,1
8746784326,15,0.634916,1865,1,1,0.16364,1
8746784326,16,0.549098,1783,1,0,0.16364,1
8746784326,17,0.471988,822,1,-1,0.16364,1
8746784326,18,0.480438,372,1,-1,0.16364,1
8746784326,19,0.436,462,1,-3,0.16364,1
8746784326,20,0.412844,-1389,1,-3,0.16364,1
8746784326,21,0.413562,-709,1,-5,0.16364,1
8746784326,22,0.410072,-1958,1,-5,0.16364,1
8746784326,23,0.410072,-1693,0,-4,0.16364,1
8746784326,24,0.471988,-1586,1,-2,0.16364,1
8746784326,25,0.66539,656,2,1,0.16364,1
8746784326,26,0.805025,3080,3,2,0.16364,1
8746784326,27,0.899614,5017,4,5,0.16364,1
8746784326,28,0.952542,9055,4,5,0.16364,1
8746784326,29,0.962687,9372,5,10,0.16364,1
8746964633,0,0.494898,0,0,1,0.0491455,1
8746964633,1,0.494898,-27,0,1,0.0491455,1
8746964633,2,0.494898,18,0,1,0.0491455,1
8746964633,3,0.471988,-212,0,0,0.0491455,1
8746964633,4,0.413562,-718,0,0,0.0491455,1
8746964633,5,0.436,-509,0,-1,0.0491455,1
8746964633,6,0.436,-720,0,-1,0.0491455,1
8746964633,7,0.436,-683,0,-2,0.0491455,1
8746964633,8,0.378426,-1715,0,-4,0.0491455,1
8746964633,9,0.310479,-2494,0,-3,0.0491455,1
8746964633,10,0.413562,-1535,0,-3,0.0491455,1
8746964633,11,0.412844,-1947,0,-3,0.0491455,1
8746964633,12,0.489796,-1156,0,-1,0.0491455,1
8746964633,13,0.587828,-268,0,0,0.0491455,1
8746964633,14,0.700368,622,2,3,0.0491455,1
8746964633,15,0.781479,2894,2,4,0.0491455,1
8746964633,16,0.830357,3123,2,6,0.0491455,1
8746964633,17,0.805025,3344,2,6,0.0491455,1
8746964633,18,0.843982,3481,2,9,0.0491455,1
8746964633,19,0.773481,4102,2,7,0.0491455,1
8746964633,20,0.587828,2977,2,4,0.0491455,1
8746964633,21,0.495043,2262,2,5,0.0491455,1
8746964633,22,0.526917,2196,2,7,0.0491455,1
8746964633,23,0.700368,4837,4,9,0.0491455,1
8746964633,24,0.952542,8636,4,12,0.0491455,1
8746964633,25,0.98731,9878,4,13,0.0491455,1
8746964633,26,0.997,12847,6,16,0.0491455,1
8746964633,27,0.997,15451,6,16,0.0491455,1
8747254451,0,0.582902,0,0,0,0.294308,1
8747254451,1,0.582902,36,0,0,0.294308,1
8747254451,2,0.587828,31,0,2,0.294308,1
8747254451,3,0.761124,1029,0,2,0.294308,1
8747254451,4,0.669951,1009,0,1,0.294308,1
8747254451,5,0.634916,481,0,3,0.294308,1
8747254451,6,0.66539,1163,0,4,0.294308,1
8747254451,7,0.66539,1488,0,4,0.294308,1
8747254451,8,0.634916,1520,0,3,0.294308,1
8747254451,9,0.66539,1021,0,5,0.294308,1
8747254451,10,0.634916,1819,0,5,0.294308,1
8747254451,11,0.66539,1914,1,7,0.294308,1
8747254451,12,0.66539,2706,1,8,0.294308,1
8747254451,13,0.781479,3361,1,9,0.294308,1
8747254451,14,0.805025,3966,2,11,0.294308,1
8747254451,15,0.878472,5082,1,11,0.294308,1
8747254451,16,0.843982,4814,0,14,0.294308,1
8747254451,17,0.915994,5568,0,16,0.294308,1
8747254451,18,0.972028,7833,1,19,0.294308,1
8747254451,19,0.992537,9548,2,22,0.294308,1
8747254451,20,0.992925,13138,2,24,0.294308,1
8747254451,21,0.997,15268,3,24,0.294308,1
8747254451,22,0.992925,16956,3,24,0.294308,1
8747254451,23,0.997,18073,4,26,0.294308,1
8747254451,24,0.997,21409,4,29,0.294308,1
8747254451,25,0.997,22499,5,30,0.294308,1
8747254451,26,0.997,24193,5,33,0.294308,1
8747660830,0,0.494898,0,0,-1,0.0761943,1
8747660830,1,0.413562,-538,0,-1,0.0761943,1
8747660830,2,0.413562,-621,0,-1,0.0761943,1
8747660830,3,0.413562,-580,0,-1,0.0761943,1
8747660830,4,0.471988,-237,0,-2,0.0761943,1
8747660830,5,0.412844,-1007,0,-2,0.0761943,1
8747660830,6,0.413562,-713,0,-2,0.0761943,1
8747660830,7,0.436,-1022,0,-3,0.0761943,1
8747660830,8,0.436,-943,0,-3,0.0761943,1
8747660830,9,0.471988,-642,0,-3,0.0761943,1
8747660830,10,0.489796,-20,0,-3,0.0761943,1
8747660830,11,0.471988,-164,0,-3,0.0761943,1
8747660830,12,0.489796,-731,0,-3,0.0761943,1
8747660830,13,0.526917,-785,1,-2,0.0761943,1
8747660830,14,0.554795,-94,2,-2,0.0761943,1
8747660830,15,0.560976,427,2,-2,0.0761943,1
8747660830,16,0.587828,865,2,-2,0.0761943,1
8747660830,17,0.634916,1678,1,-1,0.0761943,1
8747660830,18,0.591667,1280,1,-1,0.0761943,1
8747660830,19,0.634916,1813,1,0,0.0761943,1
8747660830,20,0.634916,1595,1,0,0.0761943,1
8747660830,21,0.700368,2161,2,1,0.0761943,1
8747660830,22,0.634916,2293,2,1,0.0761943,1
8747660830,23,0.66539,2723,3,1,0.0761943,1
8747660830,24,0.634916,3278,3,-1,0.0761943,1
8747660830,25,0.480438,311,3,-2,0.0761943,1
8747660830,26,0.413562,-983,3,-2,0.0761943,1
8747660830,27,0.436,-185,3,-3,0.0761943,1
8747660830,28,0.413562,-866,3,-3,0.0761943,1
8747660830,29,0.380325,-1271,2,-6,0.0761943,1
8747660830,30,0.307323,-5031,1,-6,0.0761943,1
8747660830,31,0.201036,-6657,1,-7,0.0761943,1
8747660830,32,0.201036,-7883,0,-8,0.0761943,1
8747660830,33,0.136364,-8656,0,-10,0.0761943,1
8747660830,34,0.201036,-9360,0,-11,0.0761943,1
8747660830,35,0.201036,-12186,0,-11,0.0761943,1
8747660830,36,0.201036,-12984,0,-11,0.0761943,1
8747660830,37,0.157895,-12468,0,-15,0.0761943,1
8747660830,38,0.130542,-17660,-1,-15,0.0761943,1
8747660830,39,0.094293,-19566,-1,-15,0.0761943,1
8747660830,40,0.062718,-19194,-2,-17,0.0761943,1
8747660830,41,0.017442,-22450,-3,-16,0.0761943,1
8747660830,42,0.031056,-26377,-3,-16,0.0761943,1
8747660830,43,0.015873,-25398,-3,-22,0.0761943,1
8747660830,44,0.003,-29909,-3,-23,0.0761943,1
8747789593,0,0.549098,0,0,-1,0.255807,1
8747789593,1,0.634916,229,0,-1,0.255807,1
8747789593,2,0.554795,7,0,0,0.255807,1
8747789593,3,0.549098,147,0,-1,0.255807,1
8747789593,4,0.495043,-350,0,-1,0.255807,1
8747789593,5,0.489796,18,0,-2,0.255807,1
8747789593,6,0.471988,-545,0,-2,0.255807,1
8747789593,7,0.471988,-283,0,-3,0.255807,1
8747789593,8,0.471988,-707,1,-4,0.255807,1
8747789593,9,0.413562,-390,1,-7,0.255807,1
8747789593,10,0.413562,-1574,1,-7,0.255807,1
8747789593,11,0.310479,-2607,1,-9,0.255807,1
8747789593,12,0.378426,-2959,1,-7,0.255807,1
8747789593,13,0.471988,-1307,2,-6,0.255807,1
8747789593,14,0.489796,-403,2,-8,0.255807,1
8747789593,15,0.549098,-103,2,-8,0.255807,1
8747789593,16,0.489796,-721,1,-10,0.255807,1
8747789593,17,0.380325,-2490,0,-13,0.255807,1
8747789593,18,0.33162,-4144,0,-13,0.255807,1
8747789593,19,0.378426,-3873,0,-16,0.255807,1
8747789593,20,0.265863,-5222,-1,-15,0.255807,1
8747789593,21,0.307323,-4762,-1,-15,0.255807,1
8747789593,22,0.307323,-4793,-1,-16,0.255807,1
8747789593,23,0.21131,-5614,-1,-18,0.255807,1
8747789593,24,0.307323,-5872,-1,-18,0.255807,1
8747789593,25,0.21131,-5658,-1,-20,0.255807,1
8747789593,26,0.130542,-6699,-2,-20,0.255807,1
8747789593,27,0.094293,-8456,-2,-22,0.255807,1
8747789593,28,0.130542,-9231,-3,-22,0.255807,1
8747789593,29,0.062718,-10081,-3,-24,0.255807,1
8747789593,30,0.062718,-11713,-4,-26,0.255807,1
8747789593,31,0.062718,-14102,-4,-26,0.255807,1
8747789593,32,0.020992,-15120,-4,-27,0.255807,1
8747789593,33,0.017442,-16149,-3,-28,0.255807,1
8747789593,34,0.017442,-16510,-3,-30,0.255807,1
8747789593,35,0.020992,-17713,-5,-31,0.255807,1
8747789593,36,0.003,-20767,-5,-37,0.255807,1
8748176080,0,0.489796,0,0,0,0.100426,1
8748176080,1,0.634916,239,0,0,0.100426,1
8748176080,2,0.634916,351,0,0,0.100426,1
8748176080,3,0.634916,500,0,0,0.100426,1
8748176080,4,0.587828,288,0,-1,0.100426,1
8748176080,5,0.634916,790,0,-2,0.100426,1
8748176080,6,0.634916,694,1,0,0.100426,1
8748176080,7,0.718062,2391,1,1,0.100426,1
8748176080,8,0.805025,2480,1,2,0.100426,1
8748176080,9,0.781479,2664,1,2,0.100426,1
8748176080,10,0.781479,2745,2,1,0.100426,1
8748176080,11,0.634916,2665,2,4,0.100426,1
8748176080,12,0.781479,4767,2,2,0.100426,1
8748176080,13,0.66539,3797,2,3,0.100426,1
8748176080,14,0.781479,4531,2,3,0.100426,1
8748176080,15,0.634916,3724,2,3,0.100426,1
8748176080,16,0.471988,2941,2,2,0.100426,1
8748176080,17,0.436,1764,2,1,0.100426,1
8748176080,18,0.480438,2214,2,3,0.100426,1
8748176080,19,0.495043,2883,1,2,0.100426,1
8748176080,20,0.495043,2771,0,1,0.100426,1
8748176080,21,0.495043,1855,0,4,0.100426,1
8748176080,22,0.66539,3859,0,4,0.100426,1
8748176080,23,0.489796,3370,0,4,0.100426,1
8748176080,24,0.471988,3103,1,4,0.100426,1
8748176080,25,0.494898,2101,1,6,0.100426,1
8748176080,26,0.471988,3577,1,7,0.100426,1
8748176080,27,0.66539,5485,2,7,0.100426,1
8748176080,28,0.843982,5590,4,7,0.100426,1
8748176080,29,0.915994,9127,5,7,0.100426,1
8748176080,30,0.923077,10802,5,8,0.100426,1
8748176080,31,0.923077,11775,6,8,0.100426,1
8748176080,32,0.915994,12132,6,8,0.100426,1
8748176080,33,0.952542,10768,6,13,0.100426,1
8748503689,0,0.549098,0,0,0,0.142352,1
8748503689,1,0.66539,584,0,0,0.142352,1
8748503689,2,0.634916,505,0,0,0.142352,1
8748503689,3,0.582902,406,0,0,0.142352,1
8748503689,4,0.587828,454,0,0,0.142352,1
8748503689,5,0.526917,198,0,0,0.142352,1
8748503689,6,0.577982,361,0,0,0.142352,1
8748503689,7,0.634916,931,0,0,0.142352,1
8748503689,8,0.634916,885,0,1,0.142352,1
8748503689,9,0.634916,976,0,1,0.142352,1
8748503689,10,0.526917,808,0,-1,0.142352,1
8748503689,11,0.634916,695,-1,2,0.142352,1
8748503689,12,0.634916,1385,-1,3,0.142352,1
8748503689,13,0.700368,2043,1,6,0.142352,1
8748503689,14,0.823105,4777,1,5,0.142352,1
8748503689,15,0.805025,4588,0,3,0.142352,1
8748503689,16,0.634916,2082,0,2,0.142352,1
8748503689,17,0.480438,300,0,2,0.142352,1
8748503689,18,0.480438,543,0,5,0.142352,1
8748503689,19,0.634916,2016,1,6,0.142352,1
8748503689,20,0.718062,4115,1,6,0.142352,1
8748503689,21,0.781479,4546,1,7,0.142352,1
8748503689,22,0.915994,5535,2,8,0.142352,1
8748503689,23,0.781479,7120,2,3,0.142352,1
8748503689,24,0.554795,1990,2,3,0.142352,1
8748503689,25,0.436,1243,2,-1,0.142352,1
8748503689,26,0.310479,-2652,1,-1,0.142352,1
8748503689,27,0.310479,-4308,2,3,0.142352,1
8748503689,28,0.66539,1352,2,3,0.142352,1
8748503689,29,0.66539,2293,2,4,0.142352,1
8748503689,30,0.910959,3466,2,5,0.142352,1
8748503689,31,0.830357,4581,2,2,0.142352,1
8748503689,32,0.549098,885,2,2,0.142352,1
8748503689,33,0.66539,-210,2,4,0.142352,1
8748503689,34,0.781479,-11,3,7,0.142352,1
8748503689,35,0.923077,5552,5,7,0.142352,1
8748503689,36,0.972028,9290,5,7,0.142352,1
8748503689,37,0.972028,9847,5,7,0.142352,1
8748503689,38,0.952542,10053,5,7,0.142352,1
8748503689,39,0.915994,10466,5,8,0.142352,1
8748503689,40,0.98731,12200,6,12,0.142352,1
8748503689,41,0.992925,18786,6,12,0.142352,1
8748550719,0,0.471988,0,0,0,-0.153857,1
8748550719,1,0.471988,-14,0,0,-0.153857,1
8748550719,2,0.436,-174,0,1,-0.153857,1
8748550719,3,0.471988,39,0,1,-0.153857,1
8748550719,4,0.471988,177,0,1,-0.153857,1
8748550719,5,0.495043,489,0,1,-0.153857,1
8748550719,6,0.471988,-114,0,1,-0.153857,1
8748550719,7,0.471988,-433,1,1,-0.153857,1
8748550719,8,0.495043,375,1,1,-0.153857,1
8748550719,9,0.413562,-312,1,-1,-0.153857,1
8748550719,10,0.380325,-1829,1,1,-0.153857,1
8748550719,11,0.436,-1106,2,3,-0.153857,1
8748550719,12,0.480438,-289,3,2,-0.153857,1
8748550719,13,0.489796,-357,3,3,-0.153857,1
8748550719,14,0.634916,795,3,3,-0.153857,1
8748550719,15,0.634916,273,3,5,-0.153857,1
8748550719,16,0.634916,948,3,5,-0.153857,1
8748550719,17,0.66539,1153,3,7,-0.153857,1
8748550719,18,0.66539,2444,3,6,-0.153857,1
8748550719,19,0.66539,1636,3,6,-0.153857,1
8748550719,20,0.761124,1518,4,10,-0.153857,1
8748550719,21,0.843982,5030,4,9,-0.153857,1
8748550719,22,0.781479,4399,3,10,-0.153857,1
8748550719,23,0.810811,3886,3,11,-0.153857,1
8748550719,24,0.843982,4499,3,12,-0.153857,1
8748550719,25,0.843982,7123,2,13,-0.153857,1
8748550719,26,0.878472,7110,2,13,-0.153857,1
8748550719,27,0.923077,7730,2,16,-0.153857,1
8748550719,28,0.962687,9963,3,18,-0.153857,1
8748550719,29,0.962687,13111,3,17,-0.153857,1
8748550719,30,0.923077,11422,3,17,-0.153857,1
8748550719,31,0.962687,11976,3,20,-0.153857,1
8748550719,32,0.98731,13220,4,22,-0.153857,1
8748550719,33,0.992925,18318,5,25,-0.153857,1
8748589867,0,0.495043,0,0,0,-0.00942223,1
8748589867,1,0.436,-467,0,0,-0.00942223,1
8748589867,2,0.436,-427,0,0,-0.00942223,1
8748589867,3,0.471988,-295,0,1,-0.00942223,1
8748589867,4,0.526917,21,0,2,-0.00942223,1
8748589867,5,0.634916,896,0,2,-0.00942223,1
8748589867,6,0.634916,903,0,2,-0.00942223,1
8748589867,7,0.66539,1232,0,3,-0.00942223,1
8748589867,8,0.66539,2072,0,3,-0.00942223,1
8748589867,9,0.634916,2387,0,2,-0.00942223,1
8748589867,10,0.634916,1896,0,2,-0.00942223,1
8748589867,11,0.634916,1261,0,3,-0.00942223,1
8748589867,12,0.634916,2130,-1,2,-0.00942223,1
8748589867,13,0.526917,640,0,4,-0.00942223,1
8748589867,14,0.634916,2445,-1,3,-0.00942223,1
8748589867,15,0.582902,1526,0,2,-0.00942223,1
8748589867,16,0.495043,1326,0,0,-0.00942223,1
8748589867,17,0.452381,-998,-2,2,-0.00942223,1
8748589867,18,0.413562,-2294,-2,4,-0.00942223,1
8748589867,19,0.495043,-808,-2,7,-0.00942223,1
8748589867,20,0.703448,2097,-3,9,-0.00942223,1
8748589867,21,0.781479,1896,-2,9,-0.00942223,1
8748589867,22,0.843982,1993,-2,12,-0.00942223,1
8748589867,23,0.910931,4644,-1,11,-0.00942223,1
8748589867,24,0.899614,5065,-1,13,-0.00942223,1
8748589867,25,0.843982,5774,0,13,-0.00942223,1
8748589867,26,0.952542,6664,0,17,-0.00942223,1
8748589867,27,0.976331,9751,0,22,-0.00942223,1
8748589867,28,0.992925,14220,0,22,-0.00942223,1
8748626074,0,0.526917,0,0,0,0.187425,1
8748626074,1,0.549098,100,0,0,0.187425,1
8748626074,2,0.582902,170,0,0,0.187425,1
8748626074,3,0.634916,564,0,0,0.187425,1
8748626074,4,0.634916,654,0,0,0.187425,1
8748626074,5,0.634916,888,0,0,0.187425,1
8748626074,6,0.634916,1263,0,0,0.187425,1
8748626074,7,0.634916,1575,0,1,0.187425,1
8748626074,8,0.634916,2129,0,1,0.187425,1
8748626074,9,0.66539,2651,-1,2,0.187425,1
8748626074,10,0.634916,2225,-1,2,0.187425,1
8748626074,11,0.66539,2564,-1,3,0.187425,1
8748626074,12,0.634916,2957,-1,2,0.187425,1
8748626074,13,0.587828,1699,0,1,0.187425,1
8748626074,14,0.634916,2460,0,1,0.187425,1
8748626074,15,0.587828,2570,-1,-1,0.187425,1
8748626074,16,0.480438,1316,-1,1,0.187425,1
8748626074,17,0.591667,3043,0,-2,0.187425,1
8748626074,18,0.549098,2137,0,2,0.187425,1
8748626074,19,0.66539,4774,0,3,0.187425,1
8748626074,20,0.805025,4309,0,5,0.187425,1
8748626074,21,0.818182,6742,0,6,0.187425,1
8748626074,22,0.972028,8898,1,9,0.187425,1
8748626074,23,0.98731,13770,2,9,0.187425,1
8748626074,24,0.98731,15018,2,9,0.187425,1
8748626074,25,0.952542,14660,2,8,0.187425,1
8748626074,26,0.98731,14179,3,13,0.187425,1
